source_url,target_url,label,internal,asset_type
https://cas.res.in/,https://cas.res.in/index.html,Home,True,page
https://cas.res.in/,https://cas.res.in/director.html,Director,True,page
https://cas.res.in/,https://cas.res.in/faculty.html,Current Faculty,True,page
https://cas.res.in/,https://cas.res.in/visitingfaculty.html,Visiting Faculty,True,page
https://cas.res.in/,https://cas.res.in/pastfaculty.html,Past Faculty,True,page
https://cas.res.in/,https://cas.res.in/staff.html,Staff,True,page
https://cas.res.in/,https://cas.res.in/Mtechcse.html,Computer Science Engineering,True,page
https://cas.res.in/,https://cas.res.in/mtechnano.html,Nanotechnology,True,page
https://cas.res.in/,https://cas.res.in/mtechenergy.html,Energy Science & Technology,True,page
https://cas.res.in/,https://cas.res.in/mtechmecha.html,Mechatronics,True,page
https://cas.res.in/,https://cas.res.in/mtechmanufacturing.html,Manufacturing Technology & Automation,True,page
https://cas.res.in/,https://cas.res.in/Btech.html,B.Tech.,True,page
https://cas.res.in/,https://cas.res.in/csephd.html,PHD Program,True,page
https://cas.res.in/,https://cas.res.in/pdf/CAS%20M.Tech%20Ordinance%20-%20Revised%20after%20BOS.pdf,M.Tech Ordinance,True,document
https://cas.res.in/,https://cas.res.in/pdf/B. Tech. Ordinance_2025-26.pdf,B.Tech Ordinance,True,document
https://cas.res.in/,https://cas.res.in/pdf/Ph.D%20ordinance.pdf,PHD Ordinance,True,document
https://cas.res.in/,https://cas.res.in/pdf/SCIE%20Journal%20List%20with%20Impactfactor.pdf,List Of SCIE Journals,True,document
https://cas.res.in/,https://cas.res.in/cse1.html,Computer Science Engineering,True,page
https://cas.res.in/,https://cas.res.in/nano1.html,Nanotechnology,True,page
https://cas.res.in/,https://cas.res.in/est1.html,Energy Science & Technology,True,page
https://cas.res.in/,https://cas.res.in/mecha1.html,Mechatronics,True,page
https://cas.res.in/,https://cas.res.in/manu1.html,Manufacturing Technology & Automation,True,page
https://cas.res.in/,https://cas.res.in/apply-to-M.Tech.html,Apply for Admissions,True,page
https://cas.res.in/,https://cas.res.in/apply-to-PhD.html,PhD,True,page
https://cas.res.in/,https://cas.res.in/feedetails.html,Fees,True,page
https://cas.res.in/,https://cas.res.in/hostel.html,Hostels Facility,True,page
https://cas.res.in/,https://cas.res.in/research1.html,Research,True,page
https://cas.res.in/,https://cas.res.in/infra.html,Infrastructure,True,page
https://cas.res.in/,https://cas.res.in/equip.html,Major Equipments,True,page
https://cas.res.in/,https://cas.res.in/library.html,Digital Library,True,page
https://cas.res.in/,https://cas.res.in/geninfra.html,General Infrastructure,True,page
https://cas.res.in/,https://cas.res.in/campustour/index.html,Click here for Campus Tour,True,page
https://cas.res.in/,https://youtu.be/wuBRMYGzK8g,→Video Tour,False,page
https://cas.res.in/,https://cas.res.in/studentlyf.html,Student's Life,True,page
https://cas.res.in/,https://cas.res.in/studentpub.html,Student's Publication,True,page
https://cas.res.in/,https://cas.res.in/alumni.html,Alumni,True,page
https://cas.res.in/,https://cas.res.in/studentinno.html,Innovation Gallery,True,page
https://cas.res.in/,https://cas.res.in/contact1.html,Accessibility,True,page
https://cas.res.in/,https://cas.res.in/pdf/Reporting Notice 03-Aug-2026.pdf,→ ADMISSION NOTICE AND GUIDELINES FOR B.TECH STUDENTS ALLOTED IN SESSION 2026-27,True,document
https://cas.res.in/,https://cas.res.in/pdf/Guidelines_5.pdf,→ Counselling for M.Tech. admissions in session 2026-27,True,document
https://cas.res.in/,https://cas.res.in/pdf/attnd.pdf,→ Mandatory Minimum Attendance for B.Tech & M.Tech Students,True,document
https://cas.res.in/,https://cas.res.in/pdf/circular for registration 2026-27.pdf,"→ Provisional Registration B Tech and M Tech, Odd Semester 2026-27",True,document
https://cas.res.in/,https://cas.res.in/pdf/Acdedmic Calender 2026-27.pdf,Academic Calender 2026-27,True,document
https://cas.res.in/,https://cas.res.in/pdf/CAS ADMISSION 2026-27 Updated.pdf,→ M.Tech Admissions OPEN in Centre for Advanced studies AKTU Lucknow: session 2026-27,True,document
https://cas.res.in/,https://erp.aktu.ac.in/Webpages/Public/EntranceExams/CASPGGATE/Instructions.aspx,→ Click here to Apply,False,page
https://cas.res.in/,https://cas.res.in/pdf/Guidelines for M.Tech. 4th Round of Counselling.pdf,→ Counselling for M.Tech. admissions in session 2026-27,True,document
https://cas.res.in/,https://cas.res.in/researchareas.html,See all Faculty Research Area,True,page
https://cas.res.in/,https://cas.res.in/images/media/Dr1.jpg,,True,document
https://cas.res.in/,https://cas.res.in/images/media/Dr7.jpg,,True,document
https://cas.res.in/,https://cas.res.in/images/media/111.jpeg,,True,document
https://cas.res.in/,https://cas.res.in/images/media/115.jpeg,,True,document
https://cas.res.in/,https://cas.res.in/images/media/113.jpg,,True,document
https://cas.res.in/,https://cas.res.in/gallery.html,Events,True,page
https://cas.res.in/,https://cas.res.in/Publications.html,See All Publications,True,page
https://cas.res.in/,https://cas.res.in/patents.html,See All Patents,True,page
https://cas.res.in/,https://cas.res.in/about-us.html,View more,True,page
https://cas.res.in/,https://cas.res.in/pdf/Fees 2025.pdf,→B.Tech. Fee Structure,True,document
https://cas.res.in/,https://aicte.gov.in/schemes/students-development-schemes,→AICTE Scholarship/Fellowship Schemes,False,page
https://cas.res.in/,https://cas.res.in/pdf/newCGPA.jpeg,→Update in CGPA to percentage conversion,True,document
https://cas.res.in/,https://www.aicte-india.org/feedback/,→AICTE Feedback Facility for Students and Faculty,False,page
https://cas.res.in/,https://cas.res.in/pdf/CAS Newsletter January 2022.pdf,Newsletter,True,document
https://cas.res.in/,https://cas.res.in/pdf/AICTE_new.pdf,→AICTE LoA & EoA,True,document
https://cas.res.in/,https://cas.res.in/pdf/committee.pdf,→Grievance Cell and Other Committees,True,document
https://cas.res.in/,https://cas.res.in/media.html,→CAS in News Media,True,page
https://cas.res.in/,https://cas.res.in/notices.html,→Notice and Circulars,True,page
https://cas.res.in/,https://cas.res.in/pdf/nirf.pdf,→NIRF,True,document
https://cas.res.in/,https://cas.res.in/pdf/Document 181.pdf,→Remote access of high speed AI DGX-2 Server,True,document
https://cas.res.in/,https://aktu.ac.in/iccca2020/,→International Conference,False,page
https://cas.res.in/,https://cas.res.in/expert.html,→Expert Talks,True,page
https://cas.res.in/,https://cas.res.in/intlcollab.html,→International Collaborations,True,page
https://cas.res.in/,https://cas.res.in/images/innov/1.jpg,,True,document
https://cas.res.in/,https://cas.res.in/images/innov/2.jpg,,True,document
https://cas.res.in/,https://cas.res.in/images/innov/3.jpg,,True,document
https://cas.res.in/,https://cas.res.in/images/innov/4.jpg,,True,document
https://cas.res.in/,https://cas.res.in/images/innov/5.jpg,,True,document
https://cas.res.in/,https://cas.res.in/images/innov/6.jpg,,True,document
https://cas.res.in/,https://cas.res.in/images/innov/7.jpg,,True,document
https://cas.res.in/,https://cas.res.in/images/innov/8.jpg,,True,document
https://cas.res.in/,https://cas.res.in/images/innov/9.jpg,,True,document
https://cas.res.in/,https://cas.res.in/images/innov/10.jpg,,True,document
https://cas.res.in/,https://cas.res.in/achieve.html,Achievements,True,page
https://cas.res.in/,https://www.hitwebcounter.com,,False,page
https://cas.res.in/,https://www.facebook.com/CASAKTU,,False,page
https://cas.res.in/,https://twitter.com/CASaktu?s=08,,False,page
https://cas.res.in/,https://www.youtube.com/c/CentreforAdvancedStudiesDigitalEducation/featured,,False,page
https://cas.res.in/,https://cas.res.in/,"Centre for Advanced Studies (CAS, AKTU)",True,page
https://cas.res.in/index.html,https://cas.res.in/index.html,Home,True,page
https://cas.res.in/index.html,https://cas.res.in/director.html,Director,True,page
https://cas.res.in/index.html,https://cas.res.in/faculty.html,Current Faculty,True,page
https://cas.res.in/index.html,https://cas.res.in/visitingfaculty.html,Visiting Faculty,True,page
https://cas.res.in/index.html,https://cas.res.in/pastfaculty.html,Past Faculty,True,page
https://cas.res.in/index.html,https://cas.res.in/staff.html,Staff,True,page
https://cas.res.in/index.html,https://cas.res.in/Mtechcse.html,Computer Science Engineering,True,page
https://cas.res.in/index.html,https://cas.res.in/mtechnano.html,Nanotechnology,True,page
https://cas.res.in/index.html,https://cas.res.in/mtechenergy.html,Energy Science & Technology,True,page
https://cas.res.in/index.html,https://cas.res.in/mtechmecha.html,Mechatronics,True,page
https://cas.res.in/index.html,https://cas.res.in/mtechmanufacturing.html,Manufacturing Technology & Automation,True,page
https://cas.res.in/index.html,https://cas.res.in/Btech.html,B.Tech.,True,page
https://cas.res.in/index.html,https://cas.res.in/csephd.html,PHD Program,True,page
https://cas.res.in/index.html,https://cas.res.in/pdf/CAS%20M.Tech%20Ordinance%20-%20Revised%20after%20BOS.pdf,M.Tech Ordinance,True,document
https://cas.res.in/index.html,https://cas.res.in/pdf/B. Tech. Ordinance_2025-26.pdf,B.Tech Ordinance,True,document
https://cas.res.in/index.html,https://cas.res.in/pdf/Ph.D%20ordinance.pdf,PHD Ordinance,True,document
https://cas.res.in/index.html,https://cas.res.in/pdf/SCIE%20Journal%20List%20with%20Impactfactor.pdf,List Of SCIE Journals,True,document
https://cas.res.in/index.html,https://cas.res.in/cse1.html,Computer Science Engineering,True,page
https://cas.res.in/index.html,https://cas.res.in/nano1.html,Nanotechnology,True,page
https://cas.res.in/index.html,https://cas.res.in/est1.html,Energy Science & Technology,True,page
https://cas.res.in/index.html,https://cas.res.in/mecha1.html,Mechatronics,True,page
https://cas.res.in/index.html,https://cas.res.in/manu1.html,Manufacturing Technology & Automation,True,page
https://cas.res.in/index.html,https://cas.res.in/apply-to-M.Tech.html,Apply for Admissions,True,page
https://cas.res.in/index.html,https://cas.res.in/apply-to-PhD.html,PhD,True,page
https://cas.res.in/index.html,https://cas.res.in/feedetails.html,Fees,True,page
https://cas.res.in/index.html,https://cas.res.in/hostel.html,Hostels Facility,True,page
https://cas.res.in/index.html,https://cas.res.in/research1.html,Research,True,page
https://cas.res.in/index.html,https://cas.res.in/infra.html,Infrastructure,True,page
https://cas.res.in/index.html,https://cas.res.in/equip.html,Major Equipments,True,page
https://cas.res.in/index.html,https://cas.res.in/library.html,Digital Library,True,page
https://cas.res.in/index.html,https://cas.res.in/geninfra.html,General Infrastructure,True,page
https://cas.res.in/index.html,https://cas.res.in/campustour/index.html,Click here for Campus Tour,True,page
https://cas.res.in/index.html,https://youtu.be/wuBRMYGzK8g,→Video Tour,False,page
https://cas.res.in/index.html,https://cas.res.in/studentlyf.html,Student's Life,True,page
https://cas.res.in/index.html,https://cas.res.in/studentpub.html,Student's Publication,True,page
https://cas.res.in/index.html,https://cas.res.in/alumni.html,Alumni,True,page
https://cas.res.in/index.html,https://cas.res.in/studentinno.html,Innovation Gallery,True,page
https://cas.res.in/index.html,https://cas.res.in/contact1.html,Accessibility,True,page
https://cas.res.in/index.html,https://cas.res.in/pdf/Reporting Notice 03-Aug-2026.pdf,→ ADMISSION NOTICE AND GUIDELINES FOR B.TECH STUDENTS ALLOTED IN SESSION 2026-27,True,document
https://cas.res.in/index.html,https://cas.res.in/pdf/Guidelines_5.pdf,→ Counselling for M.Tech. admissions in session 2026-27,True,document
https://cas.res.in/index.html,https://cas.res.in/pdf/attnd.pdf,→ Mandatory Minimum Attendance for B.Tech & M.Tech Students,True,document
https://cas.res.in/index.html,https://cas.res.in/pdf/circular for registration 2026-27.pdf,"→ Provisional Registration B Tech and M Tech, Odd Semester 2026-27",True,document
https://cas.res.in/index.html,https://cas.res.in/pdf/Acdedmic Calender 2026-27.pdf,Academic Calender 2026-27,True,document
https://cas.res.in/index.html,https://cas.res.in/pdf/CAS ADMISSION 2026-27 Updated.pdf,→ M.Tech Admissions OPEN in Centre for Advanced studies AKTU Lucknow: session 2026-27,True,document
https://cas.res.in/index.html,https://erp.aktu.ac.in/Webpages/Public/EntranceExams/CASPGGATE/Instructions.aspx,→ Click here to Apply,False,page
https://cas.res.in/index.html,https://cas.res.in/pdf/Guidelines for M.Tech. 4th Round of Counselling.pdf,→ Counselling for M.Tech. admissions in session 2026-27,True,document
https://cas.res.in/index.html,https://cas.res.in/researchareas.html,See all Faculty Research Area,True,page
https://cas.res.in/index.html,https://cas.res.in/images/media/Dr1.jpg,,True,document
https://cas.res.in/index.html,https://cas.res.in/images/media/Dr7.jpg,,True,document
https://cas.res.in/index.html,https://cas.res.in/images/media/111.jpeg,,True,document
https://cas.res.in/index.html,https://cas.res.in/images/media/115.jpeg,,True,document
https://cas.res.in/index.html,https://cas.res.in/images/media/113.jpg,,True,document
https://cas.res.in/index.html,https://cas.res.in/gallery.html,Events,True,page
https://cas.res.in/index.html,https://cas.res.in/Publications.html,See All Publications,True,page
https://cas.res.in/index.html,https://cas.res.in/patents.html,See All Patents,True,page
https://cas.res.in/index.html,https://cas.res.in/about-us.html,View more,True,page
https://cas.res.in/index.html,https://cas.res.in/pdf/Fees 2025.pdf,→B.Tech. Fee Structure,True,document
https://cas.res.in/index.html,https://aicte.gov.in/schemes/students-development-schemes,→AICTE Scholarship/Fellowship Schemes,False,page
https://cas.res.in/index.html,https://cas.res.in/pdf/newCGPA.jpeg,→Update in CGPA to percentage conversion,True,document
https://cas.res.in/index.html,https://www.aicte-india.org/feedback/,→AICTE Feedback Facility for Students and Faculty,False,page
https://cas.res.in/index.html,https://cas.res.in/pdf/CAS Newsletter January 2022.pdf,Newsletter,True,document
https://cas.res.in/index.html,https://cas.res.in/pdf/AICTE_new.pdf,→AICTE LoA & EoA,True,document
https://cas.res.in/index.html,https://cas.res.in/pdf/committee.pdf,→Grievance Cell and Other Committees,True,document
https://cas.res.in/index.html,https://cas.res.in/media.html,→CAS in News Media,True,page
https://cas.res.in/index.html,https://cas.res.in/notices.html,→Notice and Circulars,True,page
https://cas.res.in/index.html,https://cas.res.in/pdf/nirf.pdf,→NIRF,True,document
https://cas.res.in/index.html,https://cas.res.in/pdf/Document 181.pdf,→Remote access of high speed AI DGX-2 Server,True,document
https://cas.res.in/index.html,https://aktu.ac.in/iccca2020/,→International Conference,False,page
https://cas.res.in/index.html,https://cas.res.in/expert.html,→Expert Talks,True,page
https://cas.res.in/index.html,https://cas.res.in/intlcollab.html,→International Collaborations,True,page
https://cas.res.in/index.html,https://cas.res.in/images/innov/1.jpg,,True,document
https://cas.res.in/index.html,https://cas.res.in/images/innov/2.jpg,,True,document
https://cas.res.in/index.html,https://cas.res.in/images/innov/3.jpg,,True,document
https://cas.res.in/index.html,https://cas.res.in/images/innov/4.jpg,,True,document
https://cas.res.in/index.html,https://cas.res.in/images/innov/5.jpg,,True,document
https://cas.res.in/index.html,https://cas.res.in/images/innov/6.jpg,,True,document
https://cas.res.in/index.html,https://cas.res.in/images/innov/7.jpg,,True,document
https://cas.res.in/index.html,https://cas.res.in/images/innov/8.jpg,,True,document
https://cas.res.in/index.html,https://cas.res.in/images/innov/9.jpg,,True,document
https://cas.res.in/index.html,https://cas.res.in/images/innov/10.jpg,,True,document
https://cas.res.in/index.html,https://cas.res.in/achieve.html,Achievements,True,page
https://cas.res.in/index.html,https://www.hitwebcounter.com,,False,page
https://cas.res.in/index.html,https://www.facebook.com/CASAKTU,,False,page
https://cas.res.in/index.html,https://twitter.com/CASaktu?s=08,,False,page
https://cas.res.in/index.html,https://www.youtube.com/c/CentreforAdvancedStudiesDigitalEducation/featured,,False,page
https://cas.res.in/index.html,https://cas.res.in/,"Centre for Advanced Studies (CAS, AKTU)",True,page
https://cas.res.in/director.html,https://cas.res.in/index.html,Home,True,page
https://cas.res.in/director.html,https://cas.res.in/director.html,Director,True,page
https://cas.res.in/director.html,https://cas.res.in/faculty.html,Current Faculty,True,page
https://cas.res.in/director.html,https://cas.res.in/visitingfaculty.html,Visiting Faculty,True,page
https://cas.res.in/director.html,https://cas.res.in/pastfaculty.html,Past Faculty,True,page
https://cas.res.in/director.html,https://cas.res.in/staff.html,Staff,True,page
https://cas.res.in/director.html,https://cas.res.in/Mtechcse.html,Computer Science Engineering,True,page
https://cas.res.in/director.html,https://cas.res.in/mtechnano.html,Nanotechnology,True,page
https://cas.res.in/director.html,https://cas.res.in/mtechenergy.html,Energy Science & Technology,True,page
https://cas.res.in/director.html,https://cas.res.in/mtechmecha.html,Mechatronics,True,page
https://cas.res.in/director.html,https://cas.res.in/mtechmanufacturing.html,Manufacturing Technology & Automation,True,page
https://cas.res.in/director.html,https://cas.res.in/csephd.html,PHD Program,True,page
https://cas.res.in/director.html,https://cas.res.in/pdf/CAS%20M.Tech%20Ordinance%20-%20Revised%20after%20BOS.pdf,M.Tech Ordinance,True,document
https://cas.res.in/director.html,https://cas.res.in/pdf/Ph.D%20ordinance.pdf,PHD Ordinance,True,document
https://cas.res.in/director.html,https://cas.res.in/pdf/SCIE%20Journal%20List%20with%20Impactfactor.pdf,List Of SCIE Journals,True,document
https://cas.res.in/director.html,https://cas.res.in/cse1.html,Computer Science Engineering,True,page
https://cas.res.in/director.html,https://cas.res.in/nano1.html,Nanotechnology,True,page
https://cas.res.in/director.html,https://cas.res.in/est1.html,Energy Science & Technology,True,page
https://cas.res.in/director.html,https://cas.res.in/mecha1.html,Mechatronics,True,page
https://cas.res.in/director.html,https://cas.res.in/manu1.html,Manufacturing Technology & Automation,True,page
https://cas.res.in/director.html,https://cas.res.in/apply-to-M.Tech.html,MTech,True,page
https://cas.res.in/director.html,https://cas.res.in/apply-to-PhD.html,PhD,True,page
https://cas.res.in/director.html,https://cas.res.in/feedetails.html,Fees,True,page
https://cas.res.in/director.html,https://cas.res.in/hostel.html,Hostel Details,True,page
https://cas.res.in/director.html,https://cas.res.in/research1.html,Research,True,page
https://cas.res.in/director.html,https://cas.res.in/infra.html,LABS,True,page
https://cas.res.in/director.html,https://cas.res.in/equip.html,Major Equipments,True,page
https://cas.res.in/director.html,https://cas.res.in/library.html,Library,True,page
https://cas.res.in/director.html,https://cas.res.in/geninfra.html,General Infrastructure,True,page
https://cas.res.in/director.html,https://cas.res.in/campustour/index.html,Campus Tour,True,page
https://cas.res.in/director.html,https://youtu.be/wuBRMYGzK8g,Video Tour,False,page
https://cas.res.in/director.html,https://cas.res.in/studentlyf.html,Student's Life,True,page
https://cas.res.in/director.html,https://cas.res.in/studentpub.html,Student's Publication,True,page
https://cas.res.in/director.html,https://cas.res.in/alumni.html,Alumni,True,page
https://cas.res.in/director.html,https://cas.res.in/studentinno.html,Innovation Gallery,True,page
https://cas.res.in/director.html,https://cas.res.in/activities.html,Activities,True,page
https://cas.res.in/director.html,https://cas.res.in/contact1.html,Contact,True,page
https://cas.res.in/director.html,https://cas.res.in/,"Centre for Advanced Studies (CAS, AKTU)",True,page
https://cas.res.in/faculty.html,https://cas.res.in/index.html,Home,True,page
https://cas.res.in/faculty.html,https://cas.res.in/director.html,Director,True,page
https://cas.res.in/faculty.html,https://cas.res.in/faculty.html,Current Faculty,True,page
https://cas.res.in/faculty.html,https://cas.res.in/visitingfaculty.html,Visiting Faculty,True,page
https://cas.res.in/faculty.html,https://cas.res.in/pastfaculty.html,Past Faculty,True,page
https://cas.res.in/faculty.html,https://cas.res.in/staff.html,Staff,True,page
https://cas.res.in/faculty.html,https://cas.res.in/Mtechcse.html,Computer Science Engineering,True,page
https://cas.res.in/faculty.html,https://cas.res.in/mtechnano.html,Nanotechnology,True,page
https://cas.res.in/faculty.html,https://cas.res.in/mtechenergy.html,Energy Science & Technology,True,page
https://cas.res.in/faculty.html,https://cas.res.in/mtechmecha.html,Mechatronics,True,page
https://cas.res.in/faculty.html,https://cas.res.in/mtechmanufacturing.html,Manufacturing Technology & Automation,True,page
https://cas.res.in/faculty.html,https://cas.res.in/csephd.html,PHD Program,True,page
https://cas.res.in/faculty.html,https://cas.res.in/pdf/CAS%20M.Tech%20Ordinance%20-%20Revised%20after%20BOS.pdf,M.Tech Ordinance,True,document
https://cas.res.in/faculty.html,https://cas.res.in/pdf/Ph.D%20ordinance.pdf,PHD Ordinance,True,document
https://cas.res.in/faculty.html,https://cas.res.in/pdf/SCIE%20Journal%20List%20with%20Impactfactor.pdf,List Of SCIE Journals,True,document
https://cas.res.in/faculty.html,https://cas.res.in/cse1.html,Computer Science Engineering,True,page
https://cas.res.in/faculty.html,https://cas.res.in/nano1.html,Nanotechnology,True,page
https://cas.res.in/faculty.html,https://cas.res.in/est1.html,Energy Science & Technology,True,page
https://cas.res.in/faculty.html,https://cas.res.in/mecha1.html,Mechatronics,True,page
https://cas.res.in/faculty.html,https://cas.res.in/manu1.html,Manufacturing Technology & Automation,True,page
https://cas.res.in/faculty.html,https://cas.res.in/apply-to-M.Tech.html,MTech,True,page
https://cas.res.in/faculty.html,https://cas.res.in/apply-to-PhD.html,PhD,True,page
https://cas.res.in/faculty.html,https://cas.res.in/feedetails.html,Fees,True,page
https://cas.res.in/faculty.html,https://cas.res.in/hostel.html,Hostel Details,True,page
https://cas.res.in/faculty.html,https://cas.res.in/research1.html,Research,True,page
https://cas.res.in/faculty.html,https://cas.res.in/infra.html,LABS,True,page
https://cas.res.in/faculty.html,https://cas.res.in/equip.html,Major Equipments,True,page
https://cas.res.in/faculty.html,https://cas.res.in/library.html,Library,True,page
https://cas.res.in/faculty.html,https://cas.res.in/geninfra.html,General Infrastructure,True,page
https://cas.res.in/faculty.html,https://cas.res.in/campustour/index.html,Campus Tour,True,page
https://cas.res.in/faculty.html,https://youtu.be/wuBRMYGzK8g,Video Tour,False,page
https://cas.res.in/faculty.html,https://cas.res.in/studentlyf.html,Student's Life,True,page
https://cas.res.in/faculty.html,https://cas.res.in/studentpub.html,Student's Publication,True,page
https://cas.res.in/faculty.html,https://cas.res.in/alumni.html,Alumni,True,page
https://cas.res.in/faculty.html,https://cas.res.in/studentinno.html,Innovation Gallery,True,page
https://cas.res.in/faculty.html,https://cas.res.in/activities.html,Activities,True,page
https://cas.res.in/faculty.html,https://cas.res.in/contact1.html,Contact,True,page
https://cas.res.in/faculty.html,https://cas.res.in/home1/index.html,Profile Page,True,page
https://cas.res.in/faculty.html,https://cas.res.in/pdf/Dr.Anuj.pdf,List of Research Publication,True,document
https://cas.res.in/faculty.html,https://www.scopus.com/authid/detail.uri?authorId=59139955600,Scopus Profile,False,page
https://cas.res.in/faculty.html,https://scholar.google.com/citations?hl=en&user=Dy6t9FQAAAAJ,Google Scholar Profile,False,page
https://cas.res.in/faculty.html,https://cas.res.in/pdf/Dr.saurabh.pdf,List of Research Publication,True,document
https://cas.res.in/faculty.html,https://scholar.google.com/citations?user=yvP1XfIAAAAJ&hl=en,Google Scholar Profile,False,page
https://cas.res.in/faculty.html,https://www.researchgate.net/profile/Saurabh_Mishra55,Research Gate Profile,False,page
https://cas.res.in/faculty.html,https://scholar.google.co.in/citations?user=iguYTqQAAAAJ&hl=en,Google Scholar,False,page
https://cas.res.in/faculty.html,https://orcid.org/0000-0002-9422-5870,Orcid Id,False,page
https://cas.res.in/faculty.html,https://scholar.google.com/citations?user=HKodbr8AAAAJ&hl=en&authuser=2,Google Scholar,False,page
https://cas.res.in/faculty.html,https://orcid.org/0000-0003-0480-6450,Orcid ID,False,page
https://cas.res.in/faculty.html,https://scholar.google.com/citations?hl=en&user=rpnSlSwAAAAJ,Google Scholar,False,page
https://cas.res.in/faculty.html,https://scholar.google.com/citations?user=yRmG5IkAAAAJ&hl=en,Google Scholar,False,page
https://cas.res.in/faculty.html,https://orcid.org/0000-0002-7158-0992,Orcid ID,False,page
https://cas.res.in/faculty.html,https://scholar.google.com/citations?user=Db2OpgIAAAAJ&hl=en&authuser=2,Google Scholar,False,page
https://cas.res.in/faculty.html,https://scholar.google.com/citations?user=P8Kv4EcAAAAJ&hl=en,Google Scholar,False,page
https://cas.res.in/faculty.html,https://scholar.google.com/citations?hl=en&user=nJ_FzDIAAAAJ&view_op=list_works&sortby=pubdate,Google Scholar,False,page
https://cas.res.in/faculty.html,https://cas.res.in/pdf/hks_pub.pdf,List of Research Publication,True,document
https://cas.res.in/faculty.html,https://scholar.google.com/citations?user=72GRgxMAAAAJ&hl=en,Google Scholar Profile,False,page
https://cas.res.in/faculty.html,https://orcid.org/0000-0001-5393-3304,Orcid Id,False,page
https://cas.res.in/faculty.html,https://cas.res.in/pdf/Research Publications_Chandramani.pdf,List of Research Publication,True,document
https://cas.res.in/faculty.html,https://scholar.google.co.in/citations?user=WsX8X38AAAAJ&hl=en,Google Scholar Profile,False,page
https://cas.res.in/faculty.html,https://orcid.org/0000-0003-2465-9486,Orcid Id,False,page
https://cas.res.in/faculty.html,https://www.researchgate.net/profile/Chandramani-Upadhyay,Research Gate,False,page
https://cas.res.in/faculty.html,https://cas.res.in/pdf/dr.rohit_pub.pdf,List of Research Publication,True,document
https://cas.res.in/faculty.html,https://scholar.google.co.in/citations?user=ZDwEEbIAAAAJ&hl=en,Google Scholar Profile,False,page
https://cas.res.in/faculty.html,https://orcid.org/0000-0002-5844-2843,Orcid Id,False,page
https://cas.res.in/faculty.html,https://cas.res.in/,"Centre for Advanced Studies (CAS, AKTU)",True,page
https://cas.res.in/visitingfaculty.html,https://cas.res.in/index.html,Home,True,page
https://cas.res.in/visitingfaculty.html,https://cas.res.in/director.html,Director,True,page
https://cas.res.in/visitingfaculty.html,https://cas.res.in/faculty.html,Current Faculty,True,page
https://cas.res.in/visitingfaculty.html,https://cas.res.in/visitingfaculty.html,Visiting Faculty,True,page
https://cas.res.in/visitingfaculty.html,https://cas.res.in/pastfaculty.html,Past Faculty,True,page
https://cas.res.in/visitingfaculty.html,https://cas.res.in/staff.html,Staff,True,page
https://cas.res.in/visitingfaculty.html,https://cas.res.in/Mtechcse.html,Computer Science Engineering,True,page
https://cas.res.in/visitingfaculty.html,https://cas.res.in/mtechnano.html,Nanotechnology,True,page
https://cas.res.in/visitingfaculty.html,https://cas.res.in/mtechenergy.html,Energy Science & Technology,True,page
https://cas.res.in/visitingfaculty.html,https://cas.res.in/mtechmecha.html,Mechatronics,True,page
https://cas.res.in/visitingfaculty.html,https://cas.res.in/mtechmanufacturing.html,Manufacturing Technology & Automation,True,page
https://cas.res.in/visitingfaculty.html,https://cas.res.in/csephd.html,PHD Program,True,page
https://cas.res.in/visitingfaculty.html,https://cas.res.in/pdf/CAS%20M.Tech%20Ordinance%20-%20Revised%20after%20BOS.pdf,M.Tech Ordinance,True,document
https://cas.res.in/visitingfaculty.html,https://cas.res.in/pdf/Ph.D%20ordinance.pdf,PHD Ordinance,True,document
https://cas.res.in/visitingfaculty.html,https://cas.res.in/pdf/SCIE%20Journal%20List%20with%20Impactfactor.pdf,List Of SCIE Journals,True,document
https://cas.res.in/visitingfaculty.html,https://cas.res.in/cse1.html,Computer Science Engineering,True,page
https://cas.res.in/visitingfaculty.html,https://cas.res.in/nano1.html,Nanotechnology,True,page
https://cas.res.in/visitingfaculty.html,https://cas.res.in/est1.html,Energy Science & Technology,True,page
https://cas.res.in/visitingfaculty.html,https://cas.res.in/mecha1.html,Mechatronics,True,page
https://cas.res.in/visitingfaculty.html,https://cas.res.in/manu1.html,Manufacturing Technology & Automation,True,page
https://cas.res.in/visitingfaculty.html,https://cas.res.in/apply-to-M.Tech.html,MTech,True,page
https://cas.res.in/visitingfaculty.html,https://cas.res.in/apply-to-PhD.html,PhD,True,page
https://cas.res.in/visitingfaculty.html,https://cas.res.in/feedetails.html,Fees,True,page
https://cas.res.in/visitingfaculty.html,https://cas.res.in/hostel.html,Hostel Details,True,page
https://cas.res.in/visitingfaculty.html,https://cas.res.in/research1.html,Research,True,page
https://cas.res.in/visitingfaculty.html,https://cas.res.in/infra.html,LABS,True,page
https://cas.res.in/visitingfaculty.html,https://cas.res.in/equip.html,Major Equipments,True,page
https://cas.res.in/visitingfaculty.html,https://cas.res.in/library.html,Library,True,page
https://cas.res.in/visitingfaculty.html,https://cas.res.in/geninfra.html,General Infrastructure,True,page
https://cas.res.in/visitingfaculty.html,https://cas.res.in/campustour/index.html,Campus Tour,True,page
https://cas.res.in/visitingfaculty.html,https://youtu.be/wuBRMYGzK8g,Video Tour,False,page
https://cas.res.in/visitingfaculty.html,https://cas.res.in/studentlyf.html,Student's Life,True,page
https://cas.res.in/visitingfaculty.html,https://cas.res.in/studentpub.html,Student's Publication,True,page
https://cas.res.in/visitingfaculty.html,https://cas.res.in/alumni.html,Alumni,True,page
https://cas.res.in/visitingfaculty.html,https://cas.res.in/studentinno.html,Innovation Gallery,True,page
https://cas.res.in/visitingfaculty.html,https://cas.res.in/activities.html,Activities,True,page
https://cas.res.in/visitingfaculty.html,https://cas.res.in/contact1.html,Contact,True,page
https://cas.res.in/visitingfaculty.html,https://cas.res.in/pdf/Dr.K.V.Arya.pdf,List of Research Publication,True,document
https://cas.res.in/visitingfaculty.html,https://www.scopus.com/authid/detail.uri?authorId=54891034900,Scopus Profile,False,page
https://cas.res.in/visitingfaculty.html,https://scholar.google.co.in/citations?user=FXuIZl8AAAAJ&hl=en,Google Scholar Profile,False,page
https://cas.res.in/visitingfaculty.html,https://cas.res.in/pdf/Dr.V.Singh.pdf,List of Research Publication,True,document
https://cas.res.in/visitingfaculty.html,http://scholar.google.com/citations?user=8i9FP_QAAAAJ&hl=en,Google Scholar Profile,False,page
https://cas.res.in/visitingfaculty.html,https://cas.res.in/pdf/Dr.ManishKumar.pdf,List of Research Publication,True,document
https://cas.res.in/visitingfaculty.html,https://scholar.google.co.in/citations?user=jcqZtz0AAAAJ&hl=en,Google Scholar Profile,False,page
https://cas.res.in/visitingfaculty.html,https://cas.res.in/,"Centre for Advanced Studies (CAS, AKTU)",True,page
https://cas.res.in/pastfaculty.html,https://cas.res.in/index.html,Home,True,page
https://cas.res.in/pastfaculty.html,https://cas.res.in/director.html,Director,True,page
https://cas.res.in/pastfaculty.html,https://cas.res.in/faculty.html,Current Faculty,True,page
https://cas.res.in/pastfaculty.html,https://cas.res.in/visitingfaculty.html,Visiting Faculty,True,page
https://cas.res.in/pastfaculty.html,https://cas.res.in/pastfaculty.html,Past Faculty,True,page
https://cas.res.in/pastfaculty.html,https://cas.res.in/staff.html,Staff,True,page
https://cas.res.in/pastfaculty.html,https://cas.res.in/Mtechcse.html,Computer Science Engineering,True,page
https://cas.res.in/pastfaculty.html,https://cas.res.in/mtechnano.html,Nanotechnology,True,page
https://cas.res.in/pastfaculty.html,https://cas.res.in/mtechenergy.html,Energy Science & Technology,True,page
https://cas.res.in/pastfaculty.html,https://cas.res.in/mtechmecha.html,Mechatronics,True,page
https://cas.res.in/pastfaculty.html,https://cas.res.in/mtechmanufacturing.html,Manufacturing Technology & Automation,True,page
https://cas.res.in/pastfaculty.html,https://cas.res.in/csephd.html,PHD Program,True,page
https://cas.res.in/pastfaculty.html,https://cas.res.in/pdf/CAS%20M.Tech%20Ordinance%20-%20Revised%20after%20BOS.pdf,M.Tech Ordinance,True,document
https://cas.res.in/pastfaculty.html,https://cas.res.in/pdf/Ph.D%20ordinance.pdf,PHD Ordinance,True,document
https://cas.res.in/pastfaculty.html,https://cas.res.in/pdf/SCIE%20Journal%20List%20with%20Impactfactor.pdf,List Of SCIE Journals,True,document
https://cas.res.in/pastfaculty.html,https://cas.res.in/cse1.html,Computer Science Engineering,True,page
https://cas.res.in/pastfaculty.html,https://cas.res.in/nano1.html,Nanotechnology,True,page
https://cas.res.in/pastfaculty.html,https://cas.res.in/est1.html,Energy Science & Technology,True,page
https://cas.res.in/pastfaculty.html,https://cas.res.in/mecha1.html,Mechatronics,True,page
https://cas.res.in/pastfaculty.html,https://cas.res.in/manu1.html,Manufacturing Technology & Automation,True,page
https://cas.res.in/pastfaculty.html,https://cas.res.in/apply-to-M.Tech.html,MTech,True,page
https://cas.res.in/pastfaculty.html,https://cas.res.in/apply-to-PhD.html,PhD,True,page
https://cas.res.in/pastfaculty.html,https://cas.res.in/feedetails.html,Fees,True,page
https://cas.res.in/pastfaculty.html,https://cas.res.in/hostel.html,Hostel Details,True,page
https://cas.res.in/pastfaculty.html,https://cas.res.in/research1.html,Research,True,page
https://cas.res.in/pastfaculty.html,https://cas.res.in/infra.html,LABS,True,page
https://cas.res.in/pastfaculty.html,https://cas.res.in/equip.html,Major Equipments,True,page
https://cas.res.in/pastfaculty.html,https://cas.res.in/library.html,Library,True,page
https://cas.res.in/pastfaculty.html,https://cas.res.in/geninfra.html,General Infrastructure,True,page
https://cas.res.in/pastfaculty.html,https://cas.res.in/campustour/index.html,Campus Tour,True,page
https://cas.res.in/pastfaculty.html,https://youtu.be/wuBRMYGzK8g,Video Tour,False,page
https://cas.res.in/pastfaculty.html,https://cas.res.in/studentlyf.html,Student's Life,True,page
https://cas.res.in/pastfaculty.html,https://cas.res.in/studentpub.html,Student's Publication,True,page
https://cas.res.in/pastfaculty.html,https://cas.res.in/alumni.html,Alumni,True,page
https://cas.res.in/pastfaculty.html,https://cas.res.in/studentinno.html,Innovation Gallery,True,page
https://cas.res.in/pastfaculty.html,https://cas.res.in/activities.html,Activities,True,page
https://cas.res.in/pastfaculty.html,https://cas.res.in/contact1.html,Contact,True,page
https://cas.res.in/pastfaculty.html,https://cas.res.in/pdf/For CAS websitemkd.pdf,List of Research Publication,True,document
https://cas.res.in/pastfaculty.html,https://www.scopus.com/authid/detail.uri?authorId=35291803600&origin=resultsAnalyzer&zone=authorName,Scopus Profile,False,page
https://cas.res.in/pastfaculty.html,https://scholar.google.co.in/citations?user=UZYa1C0AAAAJ&hl=en,Google Scholar Profile,False,page
https://cas.res.in/pastfaculty.html,https://cas.res.in/pdf/Dr.Piyush.pdf,List of Research Publication,True,document
https://cas.res.in/pastfaculty.html,https://www.scopus.com/authid/detail.uri?authorId=35183110300,Scopus Profile,False,page
https://cas.res.in/pastfaculty.html,https://scholar.google.co.in/citations?user=yUufS7cAAAAJ&hl=en,Google Scholar Profile,False,page
https://cas.res.in/pastfaculty.html,https://cas.res.in/pdf/Dr.Shiv.pdf,List of Research Publication,True,document
https://cas.res.in/pastfaculty.html,https://scholar.google.co.in/citations?user=Mz28Aq4AAAAJ&hl=en,Google Scholar Profile,False,page
https://cas.res.in/pastfaculty.html,https://cas.res.in/pdf/Mr.Rabesh.pdf,List of Research Publication,True,document
https://cas.res.in/pastfaculty.html,https://scholar.google.com/citations?user=DSRzGmgAAAAJ,Google Scholar Profile,False,page
https://cas.res.in/pastfaculty.html,https://www2.scopus.com/authid/detail.uri?authorId=53979892100,Scopous,False,page
https://cas.res.in/pastfaculty.html,https://scholar.google.com/citations?user=nUUqXoIAAAAJ,Google Scholar Profile,False,page
https://cas.res.in/pastfaculty.html,https://cas.res.in/pdf/CV_Gopal_JI_new.pdf,List of Research Publication,True,document
https://cas.res.in/pastfaculty.html,https://cas.res.in/pdf/pushpendra.pdf,List of Research Publication,True,document
https://cas.res.in/pastfaculty.html,https://scholar.google.com/citations?user=PDr4h8cAAAAJ&hl=en,Google Scholar Profile,False,page
https://cas.res.in/pastfaculty.html,https://scholar.google.com/citations?user=yW519E0AAAAJ&hl=en&oi=ao,Google Scholar,False,page
https://cas.res.in/pastfaculty.html,https://www.researchgate.net/profile/Maurya-Gyanprakash?ev=hdr_xprf&_sg=PvGLD-VyaIX_Z8WV3euXmw984KH1n0q_FrLd_aNnVajBcJzsJWhSNnkKubfKzfEwQfqGuw4YljviM11Fvqv0BaTf,Research Gate,False,page
https://cas.res.in/pastfaculty.html,https://orcid.org/0000-0002-8453-8902,ORCID,False,page
https://cas.res.in/pastfaculty.html,https://scholar.google.com/citations?user=za_3tM0AAAAJ&hl=en,Google Scholar,False,page
https://cas.res.in/pastfaculty.html,https://scholar.google.com/citations?user=2jJj2_oAAAAJ&hl=en,Google Scholar,False,page
https://cas.res.in/pastfaculty.html,https://orcid.org/0000-0003-3083-1350View this author’s ORCID profile,Orcid ID,False,page
https://cas.res.in/pastfaculty.html,https://cas.res.in/pdf/Dr.PrateekRajGautam ListOfPublications.pdf,List of Research Publication,True,document
https://cas.res.in/pastfaculty.html,http://orcid.org/0000-0002-2889-4275,ORCID,False,page
https://cas.res.in/pastfaculty.html,https://www.scopus.com/authid/detail.uri?authorId=57194277572,Scopous,False,page
https://cas.res.in/pastfaculty.html,https://scholar.google.co.in/citations?user=slZHj6cAAAAJ,GOOGLE SCHOLAR,False,page
https://cas.res.in/pastfaculty.html,https://cas.res.in/pdf/jagritipub.pdf,List of Research Publication,True,document
https://cas.res.in/pastfaculty.html,https://orcid.org/0000-0002-1981-013X?lang=en,ORCID,False,page
https://cas.res.in/pastfaculty.html,https://www.scopus.com/authid/detail.uri?authorId=56342408700,Scopous,False,page
https://cas.res.in/pastfaculty.html,https://cas.res.in/pdf/manjaripub.pdf,List of Research Publication,True,document
https://cas.res.in/pastfaculty.html,https://orcid.org/my-orcid?orcid=0000-0003-1977-7461,ORCID,False,page
https://cas.res.in/pastfaculty.html,https://www.researchgate.net/profile/Manjari_Shukla3,Research Gate,False,page
https://cas.res.in/pastfaculty.html,https://www.scopus.com/authid/detail.uri?authorId=57189027963,Scopus Profile,False,page
https://cas.res.in/pastfaculty.html,https://scholar.google.com/citations?user=OP9Yp1QAAAAJ&hl=en,Google Scholar Profile,False,page
https://cas.res.in/pastfaculty.html,https://cas.res.in/pdf/sajal.pdf,List of Research Publication,True,document
https://cas.res.in/pastfaculty.html,https://scholar.google.co.in/citations?user=uieEzDwAAAAJ&hl=en,Google Scholar Profile,False,page
https://cas.res.in/pastfaculty.html,https://cas.res.in/pdf/Dr.Anupam.pdf,List of Research Publication,True,document
https://cas.res.in/pastfaculty.html,https://www.researchgate.net/profile/Brajendra_Sengar/research,Research Gate,False,page
https://cas.res.in/pastfaculty.html,https://scholar.google.com/citations?user=d_hVJR0AAAAJ&hl=en&oi=ao,Google Scholar,False,page
https://cas.res.in/pastfaculty.html,https://www.scopus.com/authid/detail.uri?authorId=57203924964,Scopous,False,page
https://cas.res.in/pastfaculty.html,https://scholar.google.com/citations?user=sz5gBpwAAAAJ&hl=en,Google Scholar Profile Research Gate Profile,False,page
https://cas.res.in/pastfaculty.html,https://www.researchgate.net/profile/Narendra_Singh22,Research Gate Profile,False,page
https://cas.res.in/pastfaculty.html,https://www.scopus.com/authid/detail.uri?authorId=57203367094,Scopous,False,page
https://cas.res.in/pastfaculty.html,https://scholar.google.com/citations?hl=en&user=E_VXRqYAAAAJ,Google Scholar Profile,False,page
https://cas.res.in/pastfaculty.html,https://sahooramkrishna201.wixsite.com/mysite-1,Homepage,False,page
https://cas.res.in/pastfaculty.html,https://cas.res.in/pdf/Dr.Sahoo.pdf,List of Research Publication,True,document
https://cas.res.in/pastfaculty.html,https://scholar.google.com/citations?hl=en&user=4wtynYMAAAAJ,Google Scholar Profile,False,page
https://cas.res.in/pastfaculty.html,https://orcid.org/0000-0002-2551-6957,Orchid,False,page
https://cas.res.in/pastfaculty.html,https://www.scopus.com/authid/detail.uri?authorId=57105900600,Scopous,False,page
https://cas.res.in/pastfaculty.html,https://www.researchgate.net/profile/Ramkrishna_Sahoo2/info,Researchgate:,False,page
https://cas.res.in/pastfaculty.html,https://www.researchgate.net/profile/Chitra_Singh,Research Gate,False,page
https://cas.res.in/pastfaculty.html,https://scholar.google.com/citations?user=Hzmw5XwAAAAJ&hl=en,Google Scholar Profile List of Research Publication,False,page
https://cas.res.in/pastfaculty.html,https://cas.res.in/pdf/CHITRA_Publications-SKILLS-ON REVIEWER PANEL.pdf,List of Research Publication,True,document
https://cas.res.in/pastfaculty.html,https://scholar.google.com/citations?user=DajdLyYAAAAJ&hl=en,Google Scholar,False,page
https://cas.res.in/pastfaculty.html,https://www.researchgate.net/profile/Prashant-Rawat-4?ev=hdr_xprf&_sg=GTjkWTY5NZBTIz5Wz7aWBk-wSCby0qLJlmgdVOB-EphVwLOAaxPTbYI0YvRstnnLApfI29mY91klW4txr8i7Y18R,Research Gate,False,page
https://cas.res.in/pastfaculty.html,https://dblp.uni-trier.de/pers/hd/y/Yadav:Vrinda,List of Research Publication,False,page
https://cas.res.in/pastfaculty.html,https://www.scopus.com/authid/detail.uri?authorId=57190030539,Scopous,False,page
https://cas.res.in/pastfaculty.html,https://scholar.google.co.in/citations?user=6bnMzvkAAAAJ&hl=en,Google Scholar,False,page
https://cas.res.in/pastfaculty.html,https://scholar.google.com/citations?user=oxSka9kAAAAJ&hl=en,Google Scholar,False,page
https://cas.res.in/pastfaculty.html,https://www.researchgate.net/profile/Biswajit-Mandal-2,Research Gate,False,page
https://cas.res.in/pastfaculty.html,https://scholar.google.co.in/citations?user=3PEyaNcAAAAJ&hl=en,Google Scholar,False,page
https://cas.res.in/pastfaculty.html,https://www.researchgate.net/profile/Varun-Chitransh,Research Gate,False,page
https://cas.res.in/pastfaculty.html,https://scholar.google.com/citations?user=uHoBwYAAAAAJ&hl=en,Google Scholar,False,page
https://cas.res.in/pastfaculty.html,https://www.researchgate.net/profile/Chandresh-Rastogi,Research Gate,False,page
https://cas.res.in/pastfaculty.html,https://orcid.org/0000-0003-4517-8622,ORCID,False,page
https://cas.res.in/pastfaculty.html,https://cas.res.in/,"Centre for Advanced Studies (CAS, AKTU)",True,page
https://cas.res.in/staff.html,https://cas.res.in/index.html,Home,True,page
https://cas.res.in/staff.html,https://cas.res.in/director.html,Director,True,page
https://cas.res.in/staff.html,https://cas.res.in/faculty.html,Current Faculty,True,page
https://cas.res.in/staff.html,https://cas.res.in/visitingfaculty.html,Visiting Faculty,True,page
https://cas.res.in/staff.html,https://cas.res.in/pastfaculty.html,Past Faculty,True,page
https://cas.res.in/staff.html,https://cas.res.in/staff.html,Staff,True,page
https://cas.res.in/staff.html,https://cas.res.in/Mtechcse.html,Computer Science Engineering,True,page
https://cas.res.in/staff.html,https://cas.res.in/mtechnano.html,Nanotechnology,True,page
https://cas.res.in/staff.html,https://cas.res.in/mtechenergy.html,Energy Science & Technology,True,page
https://cas.res.in/staff.html,https://cas.res.in/mtechmecha.html,Mechatronics,True,page
https://cas.res.in/staff.html,https://cas.res.in/mtechmanufacturing.html,Manufacturing Technology & Automation,True,page
https://cas.res.in/staff.html,https://cas.res.in/csephd.html,PHD Program,True,page
https://cas.res.in/staff.html,https://cas.res.in/pdf/CAS%20M.Tech%20Ordinance%20-%20Revised%20after%20BOS.pdf,M.Tech Ordinance,True,document
https://cas.res.in/staff.html,https://cas.res.in/pdf/Ph.D%20ordinance.pdf,PHD Ordinance,True,document
https://cas.res.in/staff.html,https://cas.res.in/pdf/SCIE%20Journal%20List%20with%20Impactfactor.pdf,List Of SCIE Journals,True,document
https://cas.res.in/staff.html,https://cas.res.in/cse1.html,Computer Science Engineering,True,page
https://cas.res.in/staff.html,https://cas.res.in/nano1.html,Nanotechnology,True,page
https://cas.res.in/staff.html,https://cas.res.in/est1.html,Energy Science & Technology,True,page
https://cas.res.in/staff.html,https://cas.res.in/mecha1.html,Mechatronics,True,page
https://cas.res.in/staff.html,https://cas.res.in/manu1.html,Manufacturing Technology & Automation,True,page
https://cas.res.in/staff.html,https://cas.res.in/apply-to-M.Tech.html,MTech,True,page
https://cas.res.in/staff.html,https://cas.res.in/apply-to-PhD.html,PhD,True,page
https://cas.res.in/staff.html,https://cas.res.in/feedetails.html,Fees,True,page
https://cas.res.in/staff.html,https://cas.res.in/hostel.html,Hostel Details,True,page
https://cas.res.in/staff.html,https://cas.res.in/research1.html,Research,True,page
https://cas.res.in/staff.html,https://cas.res.in/infra.html,LABS,True,page
https://cas.res.in/staff.html,https://cas.res.in/equip.html,Major Equipments,True,page
https://cas.res.in/staff.html,https://cas.res.in/library.html,Library,True,page
https://cas.res.in/staff.html,https://cas.res.in/geninfra.html,General Infrastructure,True,page
https://cas.res.in/staff.html,https://cas.res.in/campustour/index.html,Campus Tour,True,page
https://cas.res.in/staff.html,https://youtu.be/wuBRMYGzK8g,Video Tour,False,page
https://cas.res.in/staff.html,https://cas.res.in/studentlyf.html,Student's Life,True,page
https://cas.res.in/staff.html,https://cas.res.in/studentpub.html,Student's Publication,True,page
https://cas.res.in/staff.html,https://cas.res.in/alumni.html,Alumni,True,page
https://cas.res.in/staff.html,https://cas.res.in/studentinno.html,Innovation Gallery,True,page
https://cas.res.in/staff.html,https://cas.res.in/activities.html,Activities,True,page
https://cas.res.in/staff.html,https://cas.res.in/contact1.html,Contact,True,page
https://cas.res.in/staff.html,https://cas.res.in/,"Centre for Advanced Studies (CAS, AKTU)",True,page
https://cas.res.in/Mtechcse.html,https://cas.res.in/index.html,Home,True,page
https://cas.res.in/Mtechcse.html,https://cas.res.in/director.html,Director,True,page
https://cas.res.in/Mtechcse.html,https://cas.res.in/faculty.html,Current Faculty,True,page
https://cas.res.in/Mtechcse.html,https://cas.res.in/visitingfaculty.html,Visiting Faculty,True,page
https://cas.res.in/Mtechcse.html,https://cas.res.in/pastfaculty.html,Past Faculty,True,page
https://cas.res.in/Mtechcse.html,https://cas.res.in/staff.html,Staff,True,page
https://cas.res.in/Mtechcse.html,https://cas.res.in/Mtechcse.html,Computer Science Engineering,True,page
https://cas.res.in/Mtechcse.html,https://cas.res.in/mtechnano.html,Nanotechnology,True,page
https://cas.res.in/Mtechcse.html,https://cas.res.in/mtechenergy.html,Energy Science & Technology,True,page
https://cas.res.in/Mtechcse.html,https://cas.res.in/mtechmecha.html,Mechatronics,True,page
https://cas.res.in/Mtechcse.html,https://cas.res.in/mtechmanufacturing.html,Manufacturing Technology & Automation,True,page
https://cas.res.in/Mtechcse.html,https://cas.res.in/csephd.html,PHD Program,True,page
https://cas.res.in/Mtechcse.html,https://cas.res.in/pdf/CAS%20M.Tech%20Ordinance%20-%20Revised%20after%20BOS.pdf,M.Tech Ordinance,True,document
https://cas.res.in/Mtechcse.html,https://cas.res.in/pdf/Ph.D%20ordinance.pdf,PHD Ordinance,True,document
https://cas.res.in/Mtechcse.html,https://cas.res.in/pdf/SCIE%20Journal%20List%20with%20Impactfactor.pdf,List Of SCIE Journals,True,document
https://cas.res.in/Mtechcse.html,https://cas.res.in/cse1.html,Computer Science Engineering,True,page
https://cas.res.in/Mtechcse.html,https://cas.res.in/nano1.html,Nanotechnology,True,page
https://cas.res.in/Mtechcse.html,https://cas.res.in/est1.html,Energy Science & Technology,True,page
https://cas.res.in/Mtechcse.html,https://cas.res.in/mecha1.html,Mechatronics,True,page
https://cas.res.in/Mtechcse.html,https://cas.res.in/manu1.html,Manufacturing Technology & Automation,True,page
https://cas.res.in/Mtechcse.html,https://cas.res.in/apply-to-M.Tech.html,MTech,True,page
https://cas.res.in/Mtechcse.html,https://cas.res.in/apply-to-PhD.html,PhD,True,page
https://cas.res.in/Mtechcse.html,https://cas.res.in/feedetails.html,Fees,True,page
https://cas.res.in/Mtechcse.html,https://cas.res.in/hostel.html,Hostel Details,True,page
https://cas.res.in/Mtechcse.html,https://cas.res.in/research1.html,Research,True,page
https://cas.res.in/Mtechcse.html,https://cas.res.in/infra.html,Language Lab,True,page
https://cas.res.in/Mtechcse.html,https://cas.res.in/equip.html,Major Equipments,True,page
https://cas.res.in/Mtechcse.html,https://cas.res.in/library.html,Library,True,page
https://cas.res.in/Mtechcse.html,https://cas.res.in/geninfra.html,General Infrastructure,True,page
https://cas.res.in/Mtechcse.html,https://cas.res.in/campustour/index.html,Campus Tour,True,page
https://cas.res.in/Mtechcse.html,https://youtu.be/wuBRMYGzK8g,Video Tour,False,page
https://cas.res.in/Mtechcse.html,https://cas.res.in/studentlyf.html,Student's Life,True,page
https://cas.res.in/Mtechcse.html,https://cas.res.in/studentpub.html,Student's Publication,True,page
https://cas.res.in/Mtechcse.html,https://cas.res.in/alumni.html,Alumni,True,page
https://cas.res.in/Mtechcse.html,https://cas.res.in/studentinno.html,Innovation Gallery,True,page
https://cas.res.in/Mtechcse.html,https://cas.res.in/activities.html,Activities,True,page
https://cas.res.in/Mtechcse.html,https://cas.res.in/contact1.html,Contact,True,page
https://cas.res.in/Mtechcse.html,https://cas.res.in/machinelearning.html,Machine Learning,True,page
https://cas.res.in/Mtechcse.html,https://cas.res.in/cybersecurity.html,Cyber Security,True,page
https://cas.res.in/Mtechcse.html,https://cas.res.in/ict.html,ICT,True,page
https://cas.res.in/Mtechcse.html,https://cas.res.in/pdf/Previous Program Struture Nov2019(3).pdf,Program Stucture(Previous),True,document
https://cas.res.in/Mtechcse.html,https://cas.res.in/pdf/CAS Final M.tech CSE Syllabus- Updated Nov2019.pdf,Syllabus (Previous),True,document
https://cas.res.in/Mtechcse.html,https://cas.res.in/pdf/CSE-Syllabus 2021-22.pdf,Program Stucture and Syllabus 2021 onwards,True,document
https://cas.res.in/Mtechcse.html,https://cas.res.in/pdf/2ndsemttcse.pdf,Time Table 2nd Sem,True,document
https://cas.res.in/Mtechcse.html,https://cas.res.in/,"Centre for Advanced Studies (CAS, AKTU)",True,page
https://cas.res.in/mtechnano.html,https://cas.res.in/index.html,Home,True,page
https://cas.res.in/mtechnano.html,https://cas.res.in/director.html,Director,True,page
https://cas.res.in/mtechnano.html,https://cas.res.in/faculty.html,Current Faculty,True,page
https://cas.res.in/mtechnano.html,https://cas.res.in/visitingfaculty.html,Visiting Faculty,True,page
https://cas.res.in/mtechnano.html,https://cas.res.in/pastfaculty.html,Past Faculty,True,page
https://cas.res.in/mtechnano.html,https://cas.res.in/staff.html,Staff,True,page
https://cas.res.in/mtechnano.html,https://cas.res.in/Mtechcse.html,Computer Science Engineering,True,page
https://cas.res.in/mtechnano.html,https://cas.res.in/mtechnano.html,Nanotechnology,True,page
https://cas.res.in/mtechnano.html,https://cas.res.in/mtechenergy.html,Energy Science & Technology,True,page
https://cas.res.in/mtechnano.html,https://cas.res.in/mtechmecha.html,Mechatronics,True,page
https://cas.res.in/mtechnano.html,https://cas.res.in/mtechmanufacturing.html,Manufacturing Technology & Automation,True,page
https://cas.res.in/mtechnano.html,https://cas.res.in/csephd.html,PHD Program,True,page
https://cas.res.in/mtechnano.html,https://cas.res.in/pdf/CAS%20M.Tech%20Ordinance%20-%20Revised%20after%20BOS.pdf,M.Tech Ordinance,True,document
https://cas.res.in/mtechnano.html,https://cas.res.in/pdf/Ph.D%20ordinance.pdf,PHD Ordinance,True,document
https://cas.res.in/mtechnano.html,https://cas.res.in/pdf/SCIE%20Journal%20List%20with%20Impactfactor.pdf,List Of SCIE Journals,True,document
https://cas.res.in/mtechnano.html,https://cas.res.in/cse1.html,Computer Science Engineering,True,page
https://cas.res.in/mtechnano.html,https://cas.res.in/nano1.html,Nanotechnology,True,page
https://cas.res.in/mtechnano.html,https://cas.res.in/est1.html,Energy Science & Technology,True,page
https://cas.res.in/mtechnano.html,https://cas.res.in/mecha1.html,Mechatronics,True,page
https://cas.res.in/mtechnano.html,https://cas.res.in/manu1.html,Manufacturing Technology & Automation,True,page
https://cas.res.in/mtechnano.html,https://cas.res.in/apply-to-M.Tech.html,MTech,True,page
https://cas.res.in/mtechnano.html,https://cas.res.in/apply-to-PhD.html,PhD,True,page
https://cas.res.in/mtechnano.html,https://cas.res.in/feedetails.html,Fees,True,page
https://cas.res.in/mtechnano.html,https://cas.res.in/hostel.html,Hostel Details,True,page
https://cas.res.in/mtechnano.html,https://cas.res.in/research1.html,Research,True,page
https://cas.res.in/mtechnano.html,https://cas.res.in/infra.html,Device Testing Facility,True,page
https://cas.res.in/mtechnano.html,https://cas.res.in/equip.html,Major Equipments,True,page
https://cas.res.in/mtechnano.html,https://cas.res.in/library.html,Library,True,page
https://cas.res.in/mtechnano.html,https://cas.res.in/geninfra.html,General Infrastructure,True,page
https://cas.res.in/mtechnano.html,https://cas.res.in/campustour/index.html,Campus Tour,True,page
https://cas.res.in/mtechnano.html,https://youtu.be/wuBRMYGzK8g,Video Tour,False,page
https://cas.res.in/mtechnano.html,https://cas.res.in/studentlyf.html,Student's Life,True,page
https://cas.res.in/mtechnano.html,https://cas.res.in/studentpub.html,Student's Publication,True,page
https://cas.res.in/mtechnano.html,https://cas.res.in/alumni.html,Alumni,True,page
https://cas.res.in/mtechnano.html,https://cas.res.in/studentinno.html,Innovation Gallery,True,page
https://cas.res.in/mtechnano.html,https://cas.res.in/activities.html,Activities,True,page
https://cas.res.in/mtechnano.html,https://cas.res.in/contact1.html,Contact,True,page
https://cas.res.in/mtechnano.html,https://cas.res.in/pdf/nanosyllabus.pdf,Syllabus,True,document
https://cas.res.in/mtechnano.html,https://cas.res.in/pdf/TimeTable Nanotechnology II sem 2024-25.jpeg,Time Table 2nd Sem,True,document
https://cas.res.in/mtechnano.html,https://cas.res.in/pdf/nano1.pdf,First Year,True,document
https://cas.res.in/mtechnano.html,https://cas.res.in/pdf/nano2.pdf,Second Year,True,document
https://cas.res.in/mtechnano.html,https://cas.res.in/,"Centre for Advanced Studies (CAS, AKTU)",True,page
https://cas.res.in/mtechenergy.html,https://cas.res.in/index.html,Home,True,page
https://cas.res.in/mtechenergy.html,https://cas.res.in/director.html,Director,True,page
https://cas.res.in/mtechenergy.html,https://cas.res.in/faculty.html,Current Faculty,True,page
https://cas.res.in/mtechenergy.html,https://cas.res.in/visitingfaculty.html,Visiting Faculty,True,page
https://cas.res.in/mtechenergy.html,https://cas.res.in/pastfaculty.html,Past Faculty,True,page
https://cas.res.in/mtechenergy.html,https://cas.res.in/staff.html,Staff,True,page
https://cas.res.in/mtechenergy.html,https://cas.res.in/Mtechcse.html,Computer Science Engineering,True,page
https://cas.res.in/mtechenergy.html,https://cas.res.in/mtechnano.html,Nanotechnology,True,page
https://cas.res.in/mtechenergy.html,https://cas.res.in/mtechenergy.html,Energy Science & Technology,True,page
https://cas.res.in/mtechenergy.html,https://cas.res.in/mtechmecha.html,Mechatronics,True,page
https://cas.res.in/mtechenergy.html,https://cas.res.in/mtechmanufacturing.html,Manufacturing Technology & Automation,True,page
https://cas.res.in/mtechenergy.html,https://cas.res.in/csephd.html,PHD Program,True,page
https://cas.res.in/mtechenergy.html,https://cas.res.in/pdf/CAS%20M.Tech%20Ordinance%20-%20Revised%20after%20BOS.pdf,M.Tech Ordinance,True,document
https://cas.res.in/mtechenergy.html,https://cas.res.in/pdf/Ph.D%20ordinance.pdf,PHD Ordinance,True,document
https://cas.res.in/mtechenergy.html,https://cas.res.in/pdf/SCIE%20Journal%20List%20with%20Impactfactor.pdf,List Of SCIE Journals,True,document
https://cas.res.in/mtechenergy.html,https://cas.res.in/cse1.html,Computer Science Engineering,True,page
https://cas.res.in/mtechenergy.html,https://cas.res.in/nano1.html,Nanotechnology,True,page
https://cas.res.in/mtechenergy.html,https://cas.res.in/est1.html,Energy Science & Technology,True,page
https://cas.res.in/mtechenergy.html,https://cas.res.in/mecha1.html,Mechatronics,True,page
https://cas.res.in/mtechenergy.html,https://cas.res.in/manu1.html,Manufacturing Technology & Automation,True,page
https://cas.res.in/mtechenergy.html,https://cas.res.in/apply-to-M.Tech.html,MTech,True,page
https://cas.res.in/mtechenergy.html,https://cas.res.in/apply-to-PhD.html,PhD,True,page
https://cas.res.in/mtechenergy.html,https://cas.res.in/feedetails.html,Fees,True,page
https://cas.res.in/mtechenergy.html,https://cas.res.in/hostel.html,Hostel Details,True,page
https://cas.res.in/mtechenergy.html,https://cas.res.in/research1.html,Research,True,page
https://cas.res.in/mtechenergy.html,https://cas.res.in/infra.html,Photovoltaics and Solar Energy Laboratory,True,page
https://cas.res.in/mtechenergy.html,https://cas.res.in/equip.html,Major Equipments,True,page
https://cas.res.in/mtechenergy.html,https://cas.res.in/library.html,Library,True,page
https://cas.res.in/mtechenergy.html,https://cas.res.in/geninfra.html,General Infrastructure,True,page
https://cas.res.in/mtechenergy.html,https://cas.res.in/campustour/index.html,Campus Tour,True,page
https://cas.res.in/mtechenergy.html,https://youtu.be/wuBRMYGzK8g,Video Tour,False,page
https://cas.res.in/mtechenergy.html,https://cas.res.in/studentlyf.html,Student's Life,True,page
https://cas.res.in/mtechenergy.html,https://cas.res.in/studentpub.html,Student's Publication,True,page
https://cas.res.in/mtechenergy.html,https://cas.res.in/alumni.html,Alumni,True,page
https://cas.res.in/mtechenergy.html,https://cas.res.in/studentinno.html,Innovation Gallery,True,page
https://cas.res.in/mtechenergy.html,https://cas.res.in/activities.html,Activities,True,page
https://cas.res.in/mtechenergy.html,https://cas.res.in/contact1.html,Contact,True,page
https://cas.res.in/mtechenergy.html,https://cas.res.in/pdf/EST-Syllabus MTech.pdf,Syllabus,True,document
https://cas.res.in/mtechenergy.html,https://cas.res.in/pdf/Time Table Energy Science & Technology II sem 2024-25.jpeg,Time Table 2nd Sem,True,document
https://cas.res.in/mtechenergy.html,https://cas.res.in/pdf/est1.pdf,First Year,True,document
https://cas.res.in/mtechenergy.html,https://cas.res.in/,"Centre for Advanced Studies (CAS, AKTU)",True,page
https://cas.res.in/mtechmecha.html,https://cas.res.in/index.html,Home,True,page
https://cas.res.in/mtechmecha.html,https://cas.res.in/director.html,Director,True,page
https://cas.res.in/mtechmecha.html,https://cas.res.in/faculty.html,Current Faculty,True,page
https://cas.res.in/mtechmecha.html,https://cas.res.in/visitingfaculty.html,Visiting Faculty,True,page
https://cas.res.in/mtechmecha.html,https://cas.res.in/pastfaculty.html,Past Faculty,True,page
https://cas.res.in/mtechmecha.html,https://cas.res.in/staff.html,Staff,True,page
https://cas.res.in/mtechmecha.html,https://cas.res.in/Mtechcse.html,Computer Science Engineering,True,page
https://cas.res.in/mtechmecha.html,https://cas.res.in/mtechnano.html,Nanotechnology,True,page
https://cas.res.in/mtechmecha.html,https://cas.res.in/mtechenergy.html,Energy Science & Technology,True,page
https://cas.res.in/mtechmecha.html,https://cas.res.in/mtechmecha.html,Mechatronics,True,page
https://cas.res.in/mtechmecha.html,https://cas.res.in/mtechmanufacturing.html,Manufacturing Technology & Automation,True,page
https://cas.res.in/mtechmecha.html,https://cas.res.in/csephd.html,PHD Program,True,page
https://cas.res.in/mtechmecha.html,https://cas.res.in/pdf/CAS%20M.Tech%20Ordinance%20-%20Revised%20after%20BOS.pdf,M.Tech Ordinance,True,document
https://cas.res.in/mtechmecha.html,https://cas.res.in/pdf/Ph.D%20ordinance.pdf,PHD Ordinance,True,document
https://cas.res.in/mtechmecha.html,https://cas.res.in/pdf/SCIE%20Journal%20List%20with%20Impactfactor.pdf,List Of SCIE Journals,True,document
https://cas.res.in/mtechmecha.html,https://cas.res.in/cse1.html,Computer Science Engineering,True,page
https://cas.res.in/mtechmecha.html,https://cas.res.in/nano1.html,Nanotechnology,True,page
https://cas.res.in/mtechmecha.html,https://cas.res.in/est1.html,Energy Science & Technology,True,page
https://cas.res.in/mtechmecha.html,https://cas.res.in/mecha1.html,Mechatronics,True,page
https://cas.res.in/mtechmecha.html,https://cas.res.in/manu1.html,Manufacturing Technology & Automation,True,page
https://cas.res.in/mtechmecha.html,https://cas.res.in/apply-to-M.Tech.html,MTech,True,page
https://cas.res.in/mtechmecha.html,https://cas.res.in/apply-to-PhD.html,PhD,True,page
https://cas.res.in/mtechmecha.html,https://cas.res.in/feedetails.html,Fees,True,page
https://cas.res.in/mtechmecha.html,https://cas.res.in/hostel.html,Hostel Details,True,page
https://cas.res.in/mtechmecha.html,https://cas.res.in/research1.html,Research,True,page
https://cas.res.in/mtechmecha.html,https://cas.res.in/infra.html,Embedded system lab,True,page
https://cas.res.in/mtechmecha.html,https://cas.res.in/equip.html,Major Equipments,True,page
https://cas.res.in/mtechmecha.html,https://cas.res.in/library.html,Library,True,page
https://cas.res.in/mtechmecha.html,https://cas.res.in/geninfra.html,General Infrastructure,True,page
https://cas.res.in/mtechmecha.html,https://cas.res.in/campustour/index.html,Campus Tour,True,page
https://cas.res.in/mtechmecha.html,https://youtu.be/wuBRMYGzK8g,Video Tour,False,page
https://cas.res.in/mtechmecha.html,https://cas.res.in/studentlyf.html,Student's Life,True,page
https://cas.res.in/mtechmecha.html,https://cas.res.in/studentpub.html,Student's Publication,True,page
https://cas.res.in/mtechmecha.html,https://cas.res.in/alumni.html,Alumni,True,page
https://cas.res.in/mtechmecha.html,https://cas.res.in/studentinno.html,Innovation Gallery,True,page
https://cas.res.in/mtechmecha.html,https://cas.res.in/activities.html,Activities,True,page
https://cas.res.in/mtechmecha.html,https://cas.res.in/contact1.html,Contact,True,page
https://cas.res.in/mtechmecha.html,https://cas.res.in/pdf/Mechatronics Syllabus.pdf,Old Syllabus,True,document
https://cas.res.in/mtechmecha.html,https://cas.res.in/pdf/Mechatronics M.Tech Syllabus & Structure revised & without highlighted wef 2022-2023.pdf,Revised Syllabus wef 2022-2023,True,document
https://cas.res.in/mtechmecha.html,https://cas.res.in/pdf/1st & 3rd Sem TIME TABLE Mechatronics 2023-24 (1).pdf,Time Table,True,document
https://cas.res.in/mtechmecha.html,https://cas.res.in/pdf/mecha lst 2019-21.pdf,First Year,True,document
https://cas.res.in/mtechmecha.html,https://cas.res.in/pdf/mecha 2nd 2019-21.pdf,Second Year,True,document
https://cas.res.in/mtechmecha.html,https://cas.res.in/,"Centre for Advanced Studies (CAS, AKTU)",True,page
https://cas.res.in/mtechmanufacturing.html,https://cas.res.in/index.html,Home,True,page
https://cas.res.in/mtechmanufacturing.html,https://cas.res.in/director.html,Director,True,page
https://cas.res.in/mtechmanufacturing.html,https://cas.res.in/faculty.html,Current Faculty,True,page
https://cas.res.in/mtechmanufacturing.html,https://cas.res.in/visitingfaculty.html,Visiting Faculty,True,page
https://cas.res.in/mtechmanufacturing.html,https://cas.res.in/pastfaculty.html,Past Faculty,True,page
https://cas.res.in/mtechmanufacturing.html,https://cas.res.in/staff.html,Staff,True,page
https://cas.res.in/mtechmanufacturing.html,https://cas.res.in/Mtechcse.html,Computer Science Engineering,True,page
https://cas.res.in/mtechmanufacturing.html,https://cas.res.in/mtechnano.html,Nanotechnology,True,page
https://cas.res.in/mtechmanufacturing.html,https://cas.res.in/mtechenergy.html,Energy Science & Technology,True,page
https://cas.res.in/mtechmanufacturing.html,https://cas.res.in/mtechmecha.html,Mechatronics,True,page
https://cas.res.in/mtechmanufacturing.html,https://cas.res.in/mtechmanufacturing.html,Manufacturing Technology & Automation,True,page
https://cas.res.in/mtechmanufacturing.html,https://cas.res.in/csephd.html,PHD Program,True,page
https://cas.res.in/mtechmanufacturing.html,https://cas.res.in/pdf/CAS%20M.Tech%20Ordinance%20-%20Revised%20after%20BOS.pdf,M.Tech Ordinance,True,document
https://cas.res.in/mtechmanufacturing.html,https://cas.res.in/pdf/Ph.D%20ordinance.pdf,PHD Ordinance,True,document
https://cas.res.in/mtechmanufacturing.html,https://cas.res.in/pdf/SCIE%20Journal%20List%20with%20Impactfactor.pdf,List Of SCIE Journals,True,document
https://cas.res.in/mtechmanufacturing.html,https://cas.res.in/cse1.html,Computer Science Engineering,True,page
https://cas.res.in/mtechmanufacturing.html,https://cas.res.in/nano1.html,Nanotechnology,True,page
https://cas.res.in/mtechmanufacturing.html,https://cas.res.in/est1.html,Energy Science & Technology,True,page
https://cas.res.in/mtechmanufacturing.html,https://cas.res.in/mecha1.html,Mechatronics,True,page
https://cas.res.in/mtechmanufacturing.html,https://cas.res.in/manu1.html,Manufacturing Technology & Automation,True,page
https://cas.res.in/mtechmanufacturing.html,https://cas.res.in/apply-to-M.Tech.html,MTech,True,page
https://cas.res.in/mtechmanufacturing.html,https://cas.res.in/apply-to-PhD.html,PhD,True,page
https://cas.res.in/mtechmanufacturing.html,https://cas.res.in/feedetails.html,Fees,True,page
https://cas.res.in/mtechmanufacturing.html,https://cas.res.in/hostel.html,Hostel Details,True,page
https://cas.res.in/mtechmanufacturing.html,https://cas.res.in/research1.html,Research,True,page
https://cas.res.in/mtechmanufacturing.html,https://cas.res.in/infra.html,Tribology Lab,True,page
https://cas.res.in/mtechmanufacturing.html,https://cas.res.in/equip.html,Major Equipments,True,page
https://cas.res.in/mtechmanufacturing.html,https://cas.res.in/library.html,Library,True,page
https://cas.res.in/mtechmanufacturing.html,https://cas.res.in/geninfra.html,General Infrastructure,True,page
https://cas.res.in/mtechmanufacturing.html,https://cas.res.in/campustour/index.html,Campus Tour,True,page
https://cas.res.in/mtechmanufacturing.html,https://youtu.be/wuBRMYGzK8g,Video Tour,False,page
https://cas.res.in/mtechmanufacturing.html,https://cas.res.in/studentlyf.html,Student's Life,True,page
https://cas.res.in/mtechmanufacturing.html,https://cas.res.in/studentpub.html,Student's Publication,True,page
https://cas.res.in/mtechmanufacturing.html,https://cas.res.in/alumni.html,Alumni,True,page
https://cas.res.in/mtechmanufacturing.html,https://cas.res.in/studentinno.html,Innovation Gallery,True,page
https://cas.res.in/mtechmanufacturing.html,https://cas.res.in/activities.html,Activities,True,page
https://cas.res.in/mtechmanufacturing.html,https://cas.res.in/contact1.html,Contact,True,page
https://cas.res.in/mtechmanufacturing.html,https://cas.res.in/pdf/manufacturingsyllbs.pdf,Old Syllabus,True,document
https://cas.res.in/mtechmanufacturing.html,https://cas.res.in/pdf/Manu M.Tech Syllabus & Structure CAS (Revised & without highlighted ) wef 2022-2023.pdf,Revised Syllabus wef 2022-2023,True,document
https://cas.res.in/mtechmanufacturing.html,https://cas.res.in/pdf/1st & 3rd Sem TIME TABLE Manufacturing 2023-24 (1).pdf,Time Table,True,document
https://cas.res.in/mtechmanufacturing.html,https://cas.res.in/pdf/MTA lst 2020-22.pdf,First Year,True,document
https://cas.res.in/mtechmanufacturing.html,https://cas.res.in/pdf/MTA 2nd 2019-21.pdf,Second Year,True,document
https://cas.res.in/mtechmanufacturing.html,https://cas.res.in/,"Centre for Advanced Studies (CAS, AKTU)",True,page
https://cas.res.in/Btech.html,https://cas.res.in/index.html,Home,True,page
https://cas.res.in/Btech.html,https://cas.res.in/director.html,Director,True,page
https://cas.res.in/Btech.html,https://cas.res.in/faculty.html,Current Faculty,True,page
https://cas.res.in/Btech.html,https://cas.res.in/visitingfaculty.html,Visiting Faculty,True,page
https://cas.res.in/Btech.html,https://cas.res.in/pastfaculty.html,Past Faculty,True,page
https://cas.res.in/Btech.html,https://cas.res.in/staff.html,Staff,True,page
https://cas.res.in/Btech.html,https://cas.res.in/Mtechcse.html,Computer Science Engineering,True,page
https://cas.res.in/Btech.html,https://cas.res.in/mtechnano.html,Nanotechnology,True,page
https://cas.res.in/Btech.html,https://cas.res.in/mtechenergy.html,Energy Science & Technology,True,page
https://cas.res.in/Btech.html,https://cas.res.in/mtechmecha.html,Mechatronics,True,page
https://cas.res.in/Btech.html,https://cas.res.in/mtechmanufacturing.html,Manufacturing Technology & Automation,True,page
https://cas.res.in/Btech.html,https://cas.res.in/Btech.html,B.Tech.,True,page
https://cas.res.in/Btech.html,https://cas.res.in/csephd.html,PHD Program,True,page
https://cas.res.in/Btech.html,https://cas.res.in/pdf/CAS%20M.Tech%20Ordinance%20-%20Revised%20after%20BOS.pdf,M.Tech Ordinance,True,document
https://cas.res.in/Btech.html,https://cas.res.in/pdf/B. Tech. Ordinance_2025-26.pdf,→Click here for B.Tech. Ordinance,True,document
https://cas.res.in/Btech.html,https://cas.res.in/pdf/Ph.D%20ordinance.pdf,PHD Ordinance,True,document
https://cas.res.in/Btech.html,https://cas.res.in/pdf/SCIE%20Journal%20List%20with%20Impactfactor.pdf,List Of SCIE Journals,True,document
https://cas.res.in/Btech.html,https://cas.res.in/cse1.html,Computer Science Engineering,True,page
https://cas.res.in/Btech.html,https://cas.res.in/nano1.html,Nanotechnology,True,page
https://cas.res.in/Btech.html,https://cas.res.in/est1.html,Energy Science & Technology,True,page
https://cas.res.in/Btech.html,https://cas.res.in/mecha1.html,Mechatronics,True,page
https://cas.res.in/Btech.html,https://cas.res.in/manu1.html,Manufacturing Technology & Automation,True,page
https://cas.res.in/Btech.html,https://cas.res.in/apply-to-M.Tech.html,MTech,True,page
https://cas.res.in/Btech.html,https://cas.res.in/apply-to-PhD.html,PhD,True,page
https://cas.res.in/Btech.html,https://cas.res.in/feedetails.html,Fees,True,page
https://cas.res.in/Btech.html,https://cas.res.in/hostel.html,Hostel Details,True,page
https://cas.res.in/Btech.html,https://cas.res.in/research1.html,Research,True,page
https://cas.res.in/Btech.html,https://cas.res.in/infra.html,LABS,True,page
https://cas.res.in/Btech.html,https://cas.res.in/equip.html,Major Equipments,True,page
https://cas.res.in/Btech.html,https://cas.res.in/library.html,Library,True,page
https://cas.res.in/Btech.html,https://cas.res.in/geninfra.html,General Infrastructure,True,page
https://cas.res.in/Btech.html,https://cas.res.in/campustour/index.html,Campus Tour,True,page
https://cas.res.in/Btech.html,https://youtu.be/wuBRMYGzK8g,Video Tour,False,page
https://cas.res.in/Btech.html,https://cas.res.in/studentlyf.html,Student's Life,True,page
https://cas.res.in/Btech.html,https://cas.res.in/studentpub.html,Student's Publication,True,page
https://cas.res.in/Btech.html,https://cas.res.in/alumni.html,Alumni,True,page
https://cas.res.in/Btech.html,https://cas.res.in/studentinno.html,Innovation Gallery,True,page
https://cas.res.in/Btech.html,https://cas.res.in/activities.html,Activities,True,page
https://cas.res.in/Btech.html,https://cas.res.in/contact1.html,Contact,True,page
https://cas.res.in/Btech.html,https://cas.res.in/pdf/B.Tech Scheme and Syllabus_CSE and CSE (AI ML)_09.01.26.pdf,→Click here for B.Tech I year scheme and syllabus_CSE and CSE (AI ML),True,document
https://cas.res.in/Btech.html,https://cas.res.in/pdf/B.Tech Scheme and Syllabus_Electronics Engineering (VLSI Design and Technology)_09.01.26.pdf,→Click here for B.Tech I year scheme and syllabus_Electronics Engineering (VLSI Design & Technology),True,document
https://cas.res.in/Btech.html,https://cas.res.in/pdf/B.Tech Scheme and Syllabus_Mechatronics and Mechanical Engineering_09.01.26.pdf,→Click here for B.Tech I year scheme and syllabus_Mechatronics and Mechanical Engineering,True,document
https://cas.res.in/Btech.html,https://cas.res.in/pdf/B.Tech (CSE AND CSE AIML) II and III semester scheme and syllabus.pdf,→Click here for B.Tech (CSE AND CSE AIML) II year scheme and syllabus,True,document
https://cas.res.in/Btech.html,https://cas.res.in/pdf/B.Tech (Electronics Engineering (VLSI Design and Technology)) II and III semester scheme and syllabus.pdf,→Click here for B.Tech (Electronics Engineering (VLSI Design and Technology)) II year scheme and syllabus,True,document
https://cas.res.in/Btech.html,https://cas.res.in/pdf/B.Tech (Mechanical and Mechatronics Engineering (Additive Manufacturing)) II and III semester scheme and syllabus.pdf,→Click here for B.Tech (Mechanical and Mechatronics Engineering (Additive Manufacturing)) II year scheme and syllabus,True,document
https://cas.res.in/Btech.html,https://cas.res.in/,"Centre for Advanced Studies (CAS, AKTU)",True,page
https://cas.res.in/csephd.html,https://cas.res.in/index.html,Home,True,page
https://cas.res.in/csephd.html,https://cas.res.in/director.html,Director,True,page
https://cas.res.in/csephd.html,https://cas.res.in/faculty.html,Current Faculty,True,page
https://cas.res.in/csephd.html,https://cas.res.in/visitingfaculty.html,Visiting Faculty,True,page
https://cas.res.in/csephd.html,https://cas.res.in/pastfaculty.html,Past Faculty,True,page
https://cas.res.in/csephd.html,https://cas.res.in/staff.html,Staff,True,page
https://cas.res.in/csephd.html,https://cas.res.in/Mtechcse.html,Computer Science Engineering,True,page
https://cas.res.in/csephd.html,https://cas.res.in/mtechnano.html,Nanotechnology,True,page
https://cas.res.in/csephd.html,https://cas.res.in/mtechenergy.html,Energy Science & Technology,True,page
https://cas.res.in/csephd.html,https://cas.res.in/mtechmecha.html,Mechatronics,True,page
https://cas.res.in/csephd.html,https://cas.res.in/mtechmanufacturing.html,Manufacturing Technology & Automation,True,page
https://cas.res.in/csephd.html,https://cas.res.in/csephd.html,Nanotechnology,True,page
https://cas.res.in/csephd.html,https://cas.res.in/pdf/CAS%20M.Tech%20Ordinance%20-%20Revised%20after%20BOS.pdf,M.Tech Ordinance,True,document
https://cas.res.in/csephd.html,https://cas.res.in/pdf/Ph.D%20ordinance.pdf,PHD Ordinance,True,document
https://cas.res.in/csephd.html,https://cas.res.in/pdf/SCIE%20Journal%20List%20with%20Impactfactor.pdf,List Of SCIE Journals,True,document
https://cas.res.in/csephd.html,https://cas.res.in/cse1.html,Computer Science Engineering,True,page
https://cas.res.in/csephd.html,https://cas.res.in/nano1.html,Nanotechnology,True,page
https://cas.res.in/csephd.html,https://cas.res.in/est1.html,Energy Science & Technology,True,page
https://cas.res.in/csephd.html,https://cas.res.in/mecha1.html,Mechatronics,True,page
https://cas.res.in/csephd.html,https://cas.res.in/manu1.html,Manufacturing Technology & Automation,True,page
https://cas.res.in/csephd.html,https://cas.res.in/apply-to-M.Tech.html,MTech,True,page
https://cas.res.in/csephd.html,https://cas.res.in/apply-to-PhD.html,PhD,True,page
https://cas.res.in/csephd.html,https://cas.res.in/feedetails.html,Fees,True,page
https://cas.res.in/csephd.html,https://cas.res.in/hostel.html,Hostel Details,True,page
https://cas.res.in/csephd.html,https://cas.res.in/research1.html,Research,True,page
https://cas.res.in/csephd.html,https://cas.res.in/infra.html,Energy Conversion and Storage Facility,True,page
https://cas.res.in/csephd.html,https://cas.res.in/equip.html,Major Equipments,True,page
https://cas.res.in/csephd.html,https://cas.res.in/library.html,Library,True,page
https://cas.res.in/csephd.html,https://cas.res.in/geninfra.html,General Infrastructure,True,page
https://cas.res.in/csephd.html,https://cas.res.in/campustour/index.html,Campus Tour,True,page
https://cas.res.in/csephd.html,https://youtu.be/wuBRMYGzK8g,Video Tour,False,page
https://cas.res.in/csephd.html,https://cas.res.in/studentlyf.html,Student's Life,True,page
https://cas.res.in/csephd.html,https://cas.res.in/studentpub.html,Student's Publication,True,page
https://cas.res.in/csephd.html,https://cas.res.in/alumni.html,Alumni,True,page
https://cas.res.in/csephd.html,https://cas.res.in/studentinno.html,Innovation Gallery,True,page
https://cas.res.in/csephd.html,https://cas.res.in/activities.html,Activities,True,page
https://cas.res.in/csephd.html,https://cas.res.in/contact1.html,Contact,True,page
https://cas.res.in/csephd.html,https://cas.res.in/stdphdcs.html,Research Scholars,True,page
https://cas.res.in/csephd.html,https://cas.res.in/stdphdmecha.html,Research Scholars,True,page
https://cas.res.in/csephd.html,https://cas.res.in/stdphdnano.html,Research Scholars,True,page
https://cas.res.in/csephd.html,https://cas.res.in/,"Centre for Advanced Studies (CAS, AKTU)",True,page
https://cas.res.in/cse1.html,https://cas.res.in/index.html,Home,True,page
https://cas.res.in/cse1.html,https://cas.res.in/director.html,Director,True,page
https://cas.res.in/cse1.html,https://cas.res.in/faculty.html,Current Faculty,True,page
https://cas.res.in/cse1.html,https://cas.res.in/visitingfaculty.html,Visiting Faculty,True,page
https://cas.res.in/cse1.html,https://cas.res.in/pastfaculty.html,Past Faculty,True,page
https://cas.res.in/cse1.html,https://cas.res.in/staff.html,Staff,True,page
https://cas.res.in/cse1.html,https://cas.res.in/Mtechcse.html,Computer Science Engineering,True,page
https://cas.res.in/cse1.html,https://cas.res.in/mtechnano.html,Nanotechnology,True,page
https://cas.res.in/cse1.html,https://cas.res.in/mtechenergy.html,Energy Science & Technology,True,page
https://cas.res.in/cse1.html,https://cas.res.in/mtechmecha.html,Mechatronics,True,page
https://cas.res.in/cse1.html,https://cas.res.in/mtechmanufacturing.html,Manufacturing Technology & Automation,True,page
https://cas.res.in/cse1.html,https://cas.res.in/csephd.html,PHD Program,True,page
https://cas.res.in/cse1.html,https://cas.res.in/pdf/CAS%20M.Tech%20Ordinance%20-%20Revised%20after%20BOS.pdf,M.Tech Ordinance,True,document
https://cas.res.in/cse1.html,https://cas.res.in/pdf/Ph.D%20ordinance.pdf,PHD Ordinance,True,document
https://cas.res.in/cse1.html,https://cas.res.in/pdf/SCIE%20Journal%20List%20with%20Impactfactor.pdf,List Of SCIE Journals,True,document
https://cas.res.in/cse1.html,https://cas.res.in/cse1.html,Computer Science Engineering,True,page
https://cas.res.in/cse1.html,https://cas.res.in/nano1.html,Nanotechnology,True,page
https://cas.res.in/cse1.html,https://cas.res.in/est1.html,Energy Science & Technology,True,page
https://cas.res.in/cse1.html,https://cas.res.in/mecha1.html,Mechatronics,True,page
https://cas.res.in/cse1.html,https://cas.res.in/manu1.html,Manufacturing Technology & Automation,True,page
https://cas.res.in/cse1.html,https://cas.res.in/apply-to-M.Tech.html,MTech,True,page
https://cas.res.in/cse1.html,https://cas.res.in/apply-to-PhD.html,PhD,True,page
https://cas.res.in/cse1.html,https://cas.res.in/feedetails.html,Fees,True,page
https://cas.res.in/cse1.html,https://cas.res.in/hostel.html,Hostel Details,True,page
https://cas.res.in/cse1.html,https://cas.res.in/research1.html,Research,True,page
https://cas.res.in/cse1.html,https://cas.res.in/infra.html,LABS,True,page
https://cas.res.in/cse1.html,https://cas.res.in/equip.html,Major Equipments,True,page
https://cas.res.in/cse1.html,https://cas.res.in/library.html,Library,True,page
https://cas.res.in/cse1.html,https://cas.res.in/geninfra.html,General Infrastructure,True,page
https://cas.res.in/cse1.html,https://cas.res.in/campustour/index.html,Campus Tour,True,page
https://cas.res.in/cse1.html,https://youtu.be/wuBRMYGzK8g,Video Tour,False,page
https://cas.res.in/cse1.html,https://cas.res.in/studentlyf.html,Student's Life,True,page
https://cas.res.in/cse1.html,https://cas.res.in/studentpub.html,Student's Publication,True,page
https://cas.res.in/cse1.html,https://cas.res.in/alumni.html,Alumni,True,page
https://cas.res.in/cse1.html,https://cas.res.in/studentinno.html,Innovation Gallery,True,page
https://cas.res.in/cse1.html,https://cas.res.in/activities.html,Activities,True,page
https://cas.res.in/cse1.html,https://cas.res.in/contact1.html,Contact,True,page
https://cas.res.in/cse1.html,https://cas.res.in/pdf/Previous Program Struture Nov2019(3).pdf,Program Stucture(Previous),True,document
https://cas.res.in/cse1.html,https://cas.res.in/pdf/CAS Final M.tech CSE Syllabus- Updated Nov2019.pdf,Syllabus (Previous),True,document
https://cas.res.in/cse1.html,https://cas.res.in/pdf/CSE-Syllabus 2021-22.pdf,Updated Program Stucture & Syllabus 2021 onwards,True,document
https://cas.res.in/cse1.html,https://cas.res.in/pdf/2ndsemttcse.pdf,Time Table 2nd Sem,True,document
https://cas.res.in/cse1.html,https://cas.res.in/,"Centre for Advanced Studies (CAS, AKTU)",True,page
https://cas.res.in/nano1.html,https://cas.res.in/index.html,Home,True,page
https://cas.res.in/nano1.html,https://cas.res.in/director.html,Director,True,page
https://cas.res.in/nano1.html,https://cas.res.in/faculty.html,Current Faculty,True,page
https://cas.res.in/nano1.html,https://cas.res.in/visitingfaculty.html,Visiting Faculty,True,page
https://cas.res.in/nano1.html,https://cas.res.in/pastfaculty.html,Past Faculty,True,page
https://cas.res.in/nano1.html,https://cas.res.in/staff.html,Staff,True,page
https://cas.res.in/nano1.html,https://cas.res.in/Mtechcse.html,Computer Science Engineering,True,page
https://cas.res.in/nano1.html,https://cas.res.in/mtechnano.html,Nanotechnology,True,page
https://cas.res.in/nano1.html,https://cas.res.in/mtechenergy.html,Energy Science & Technology,True,page
https://cas.res.in/nano1.html,https://cas.res.in/mtechmecha.html,Mechatronics,True,page
https://cas.res.in/nano1.html,https://cas.res.in/mtechmanufacturing.html,Manufacturing Technology & Automation,True,page
https://cas.res.in/nano1.html,https://cas.res.in/csephd.html,PHD Program,True,page
https://cas.res.in/nano1.html,https://cas.res.in/pdf/CAS%20M.Tech%20Ordinance%20-%20Revised%20after%20BOS.pdf,M.Tech Ordinance,True,document
https://cas.res.in/nano1.html,https://cas.res.in/pdf/Ph.D%20ordinance.pdf,PHD Ordinance,True,document
https://cas.res.in/nano1.html,https://cas.res.in/pdf/SCIE%20Journal%20List%20with%20Impactfactor.pdf,List Of SCIE Journals,True,document
https://cas.res.in/nano1.html,https://cas.res.in/cse1.html,Computer Science Engineering,True,page
https://cas.res.in/nano1.html,https://cas.res.in/nano1.html,Nanotechnology,True,page
https://cas.res.in/nano1.html,https://cas.res.in/est1.html,Energy Science & Technology,True,page
https://cas.res.in/nano1.html,https://cas.res.in/mecha1.html,Mechatronics,True,page
https://cas.res.in/nano1.html,https://cas.res.in/manu1.html,Manufacturing Technology & Automation,True,page
https://cas.res.in/nano1.html,https://cas.res.in/apply-to-M.Tech.html,MTech,True,page
https://cas.res.in/nano1.html,https://cas.res.in/apply-to-PhD.html,PhD,True,page
https://cas.res.in/nano1.html,https://cas.res.in/feedetails.html,Fees,True,page
https://cas.res.in/nano1.html,https://cas.res.in/hostel.html,Hostel Details,True,page
https://cas.res.in/nano1.html,https://cas.res.in/research1.html,Research,True,page
https://cas.res.in/nano1.html,https://cas.res.in/infra.html,LABS,True,page
https://cas.res.in/nano1.html,https://cas.res.in/equip.html,Major Equipments,True,page
https://cas.res.in/nano1.html,https://cas.res.in/library.html,Library,True,page
https://cas.res.in/nano1.html,https://cas.res.in/geninfra.html,General Infrastructure,True,page
https://cas.res.in/nano1.html,https://cas.res.in/campustour/index.html,Campus Tour,True,page
https://cas.res.in/nano1.html,https://youtu.be/wuBRMYGzK8g,Video Tour,False,page
https://cas.res.in/nano1.html,https://cas.res.in/studentlyf.html,Student's Life,True,page
https://cas.res.in/nano1.html,https://cas.res.in/studentpub.html,Student's Publication,True,page
https://cas.res.in/nano1.html,https://cas.res.in/alumni.html,Alumni,True,page
https://cas.res.in/nano1.html,https://cas.res.in/studentinno.html,Innovation Gallery,True,page
https://cas.res.in/nano1.html,https://cas.res.in/activities.html,Activities,True,page
https://cas.res.in/nano1.html,https://cas.res.in/contact1.html,Contact,True,page
https://cas.res.in/nano1.html,https://cas.res.in/pdf/nanosyllabus.pdf,Syllabus,True,document
https://cas.res.in/nano1.html,https://cas.res.in/pdf/TimeTable Nanotechnology II sem 2024-25.jpeg,Time Table 2nd Sem,True,document
https://cas.res.in/nano1.html,https://cas.res.in/pdf/nano1.pdf,Students,True,document
https://cas.res.in/nano1.html,https://cas.res.in/,"Centre for Advanced Studies (CAS, AKTU)",True,page
https://cas.res.in/est1.html,https://cas.res.in/index.html,Home,True,page
https://cas.res.in/est1.html,https://cas.res.in/director.html,Director,True,page
https://cas.res.in/est1.html,https://cas.res.in/faculty.html,Current Faculty,True,page
https://cas.res.in/est1.html,https://cas.res.in/visitingfaculty.html,Visiting Faculty,True,page
https://cas.res.in/est1.html,https://cas.res.in/pastfaculty.html,Past Faculty,True,page
https://cas.res.in/est1.html,https://cas.res.in/staff.html,Staff,True,page
https://cas.res.in/est1.html,https://cas.res.in/Mtechcse.html,Computer Science Engineering,True,page
https://cas.res.in/est1.html,https://cas.res.in/mtechnano.html,Nanotechnology,True,page
https://cas.res.in/est1.html,https://cas.res.in/mtechenergy.html,Energy Science & Technology,True,page
https://cas.res.in/est1.html,https://cas.res.in/mtechmecha.html,Mechatronics,True,page
https://cas.res.in/est1.html,https://cas.res.in/mtechmanufacturing.html,Manufacturing Technology & Automation,True,page
https://cas.res.in/est1.html,https://cas.res.in/csephd.html,PHD Program,True,page
https://cas.res.in/est1.html,https://cas.res.in/pdf/CAS%20M.Tech%20Ordinance%20-%20Revised%20after%20BOS.pdf,M.Tech Ordinance,True,document
https://cas.res.in/est1.html,https://cas.res.in/pdf/Ph.D%20ordinance.pdf,PHD Ordinance,True,document
https://cas.res.in/est1.html,https://cas.res.in/pdf/SCIE%20Journal%20List%20with%20Impactfactor.pdf,List Of SCIE Journals,True,document
https://cas.res.in/est1.html,https://cas.res.in/cse1.html,Computer Science Engineering,True,page
https://cas.res.in/est1.html,https://cas.res.in/nano1.html,Nanotechnology,True,page
https://cas.res.in/est1.html,https://cas.res.in/est1.html,Energy Science & Technology,True,page
https://cas.res.in/est1.html,https://cas.res.in/mecha1.html,Mechatronics,True,page
https://cas.res.in/est1.html,https://cas.res.in/manu1.html,Manufacturing Technology & Automation,True,page
https://cas.res.in/est1.html,https://cas.res.in/apply-to-M.Tech.html,MTech,True,page
https://cas.res.in/est1.html,https://cas.res.in/apply-to-PhD.html,PhD,True,page
https://cas.res.in/est1.html,https://cas.res.in/feedetails.html,Fees,True,page
https://cas.res.in/est1.html,https://cas.res.in/hostel.html,Hostel Details,True,page
https://cas.res.in/est1.html,https://cas.res.in/research1.html,Research,True,page
https://cas.res.in/est1.html,https://cas.res.in/infra.html,click here,True,page
https://cas.res.in/est1.html,https://cas.res.in/equip.html,Major Equipments,True,page
https://cas.res.in/est1.html,https://cas.res.in/library.html,Library,True,page
https://cas.res.in/est1.html,https://cas.res.in/geninfra.html,General Infrastructure,True,page
https://cas.res.in/est1.html,https://cas.res.in/campustour/index.html,Campus Tour,True,page
https://cas.res.in/est1.html,https://youtu.be/wuBRMYGzK8g,Video Tour,False,page
https://cas.res.in/est1.html,https://cas.res.in/studentlyf.html,Student's Life,True,page
https://cas.res.in/est1.html,https://cas.res.in/studentpub.html,Student's Publication,True,page
https://cas.res.in/est1.html,https://cas.res.in/alumni.html,Alumni,True,page
https://cas.res.in/est1.html,https://cas.res.in/studentinno.html,Innovation Gallery,True,page
https://cas.res.in/est1.html,https://cas.res.in/activities.html,Activities,True,page
https://cas.res.in/est1.html,https://cas.res.in/contact1.html,Contact,True,page
https://cas.res.in/est1.html,https://cas.res.in/pdf/EST-Syllabus MTech.pdf,Syllabus,True,document
https://cas.res.in/est1.html,https://cas.res.in/pdf/Time Table Energy Science & Technology II sem 2024-25.jpeg,Time Table 2nd Sem,True,document
https://cas.res.in/est1.html,https://cas.res.in/pdf/estlab.pdf,click here,True,document
https://cas.res.in/est1.html,https://scholar.google.com/citations?hl=en&user=rpnSlSwAAAAJ,Google Scholar,False,page
https://cas.res.in/est1.html,https://cas.res.in/,"Centre for Advanced Studies (CAS, AKTU)",True,page
https://cas.res.in/mecha1.html,https://cas.res.in/index.html,Home,True,page
https://cas.res.in/mecha1.html,https://cas.res.in/director.html,Director,True,page
https://cas.res.in/mecha1.html,https://cas.res.in/faculty.html,Current Faculty,True,page
https://cas.res.in/mecha1.html,https://cas.res.in/visitingfaculty.html,Visiting Faculty,True,page
https://cas.res.in/mecha1.html,https://cas.res.in/pastfaculty.html,Past Faculty,True,page
https://cas.res.in/mecha1.html,https://cas.res.in/staff.html,Staff,True,page
https://cas.res.in/mecha1.html,https://cas.res.in/Mtechcse.html,Computer Science Engineering,True,page
https://cas.res.in/mecha1.html,https://cas.res.in/mtechnano.html,Nanotechnology,True,page
https://cas.res.in/mecha1.html,https://cas.res.in/mtechenergy.html,Energy Science & Technology,True,page
https://cas.res.in/mecha1.html,https://cas.res.in/mtechmecha.html,Mechatronics,True,page
https://cas.res.in/mecha1.html,https://cas.res.in/mtechmanufacturing.html,Manufacturing Technology & Automation,True,page
https://cas.res.in/mecha1.html,https://cas.res.in/csephd.html,PHD Program,True,page
https://cas.res.in/mecha1.html,https://cas.res.in/pdf/CAS%20M.Tech%20Ordinance%20-%20Revised%20after%20BOS.pdf,M.Tech Ordinance,True,document
https://cas.res.in/mecha1.html,https://cas.res.in/pdf/Ph.D%20ordinance.pdf,PHD Ordinance,True,document
https://cas.res.in/mecha1.html,https://cas.res.in/pdf/SCIE%20Journal%20List%20with%20Impactfactor.pdf,List Of SCIE Journals,True,document
https://cas.res.in/mecha1.html,https://cas.res.in/cse1.html,Computer Science Engineering,True,page
https://cas.res.in/mecha1.html,https://cas.res.in/nano1.html,Nanotechnology,True,page
https://cas.res.in/mecha1.html,https://cas.res.in/est1.html,Energy Science & Technology,True,page
https://cas.res.in/mecha1.html,https://cas.res.in/mecha1.html,Mechatronics,True,page
https://cas.res.in/mecha1.html,https://cas.res.in/manu1.html,Manufacturing Technology & Automation,True,page
https://cas.res.in/mecha1.html,https://cas.res.in/apply-to-M.Tech.html,Eligibility,True,page
https://cas.res.in/mecha1.html,https://cas.res.in/apply-to-PhD.html,PhD,True,page
https://cas.res.in/mecha1.html,https://cas.res.in/feedetails.html,Fees,True,page
https://cas.res.in/mecha1.html,https://cas.res.in/hostel.html,Hostel Details,True,page
https://cas.res.in/mecha1.html,https://cas.res.in/research1.html,Research,True,page
https://cas.res.in/mecha1.html,https://cas.res.in/infra.html,LABS,True,page
https://cas.res.in/mecha1.html,https://cas.res.in/equip.html,Major Equipments,True,page
https://cas.res.in/mecha1.html,https://cas.res.in/library.html,Library,True,page
https://cas.res.in/mecha1.html,https://cas.res.in/geninfra.html,General Infrastructure,True,page
https://cas.res.in/mecha1.html,https://cas.res.in/campustour/index.html,Campus Tour,True,page
https://cas.res.in/mecha1.html,https://youtu.be/wuBRMYGzK8g,Video Tour,False,page
https://cas.res.in/mecha1.html,https://cas.res.in/studentlyf.html,Student's Life,True,page
https://cas.res.in/mecha1.html,https://cas.res.in/studentpub.html,Student's Publication,True,page
https://cas.res.in/mecha1.html,https://cas.res.in/alumni.html,Alumni,True,page
https://cas.res.in/mecha1.html,https://cas.res.in/studentinno.html,Innovation Gallery,True,page
https://cas.res.in/mecha1.html,https://cas.res.in/activities.html,Activities,True,page
https://cas.res.in/mecha1.html,https://cas.res.in/contact1.html,Contact,True,page
https://cas.res.in/mecha1.html,https://cas.res.in/pdf/Mechatronics Syllabus.pdf,Old Syllabus,True,document
https://cas.res.in/mecha1.html,https://cas.res.in/pdf/Mechatronics M.Tech Syllabus & Structure revised & without highlighted wef 2022-2023.pdf,Revised Syllabus wef 2022-2023,True,document
https://cas.res.in/mecha1.html,https://cas.res.in/pdf/1st & 3rd Sem TIME TABLE Mechatronics 2023-24 (1).pdf,Time Table,True,document
https://cas.res.in/mecha1.html,https://cas.res.in/pdf/mecha_students.pdf,Students,True,document
https://cas.res.in/mecha1.html,https://cas.res.in/pdf/Dr.Anuj.pdf,click here,True,document
https://cas.res.in/mecha1.html,https://www.scopus.com/authid/detail.uri?authorId=56537380700,Scopus Profile,False,page
https://cas.res.in/mecha1.html,https://scholar.google.com/citations?hl=en&user=Dy6t9FQAAAAJ,Google Scholar Profile,False,page
https://cas.res.in/mecha1.html,https://cas.res.in/images/devices/3.jpg,,True,document
https://cas.res.in/mecha1.html,https://cas.res.in/images/devices/4.jpg,,True,document
https://cas.res.in/mecha1.html,https://cas.res.in/images/devices/5.jpg,,True,document
https://cas.res.in/mecha1.html,https://cas.res.in/images/devices/6.jpg,,True,document
https://cas.res.in/mecha1.html,https://cas.res.in/images/devices/7.jpg,,True,document
https://cas.res.in/mecha1.html,https://cas.res.in/,"Centre for Advanced Studies (CAS, AKTU)",True,page
https://cas.res.in/manu1.html,https://cas.res.in/index.html,Home,True,page
https://cas.res.in/manu1.html,https://cas.res.in/director.html,Director,True,page
https://cas.res.in/manu1.html,https://cas.res.in/faculty.html,Current Faculty,True,page
https://cas.res.in/manu1.html,https://cas.res.in/visitingfaculty.html,Visiting Faculty,True,page
https://cas.res.in/manu1.html,https://cas.res.in/pastfaculty.html,Past Faculty,True,page
https://cas.res.in/manu1.html,https://cas.res.in/staff.html,Staff,True,page
https://cas.res.in/manu1.html,https://cas.res.in/Mtechcse.html,Computer Science Engineering,True,page
https://cas.res.in/manu1.html,https://cas.res.in/mtechnano.html,Nanotechnology,True,page
https://cas.res.in/manu1.html,https://cas.res.in/mtechenergy.html,Energy Science & Technology,True,page
https://cas.res.in/manu1.html,https://cas.res.in/mtechmecha.html,Mechatronics,True,page
https://cas.res.in/manu1.html,https://cas.res.in/mtechmanufacturing.html,Manufacturing Technology & Automation,True,page
https://cas.res.in/manu1.html,https://cas.res.in/csephd.html,PHD Program,True,page
https://cas.res.in/manu1.html,https://cas.res.in/pdf/CAS%20M.Tech%20Ordinance%20-%20Revised%20after%20BOS.pdf,M.Tech Ordinance,True,document
https://cas.res.in/manu1.html,https://cas.res.in/pdf/Ph.D%20ordinance.pdf,PHD Ordinance,True,document
https://cas.res.in/manu1.html,https://cas.res.in/pdf/SCIE%20Journal%20List%20with%20Impactfactor.pdf,List Of SCIE Journals,True,document
https://cas.res.in/manu1.html,https://cas.res.in/cse1.html,Computer Science Engineering,True,page
https://cas.res.in/manu1.html,https://cas.res.in/nano1.html,Nanotechnology,True,page
https://cas.res.in/manu1.html,https://cas.res.in/est1.html,Energy Science & Technology,True,page
https://cas.res.in/manu1.html,https://cas.res.in/mecha1.html,Mechatronics,True,page
https://cas.res.in/manu1.html,https://cas.res.in/manu1.html,Manufacturing Technology & Automation,True,page
https://cas.res.in/manu1.html,https://cas.res.in/apply-to-M.Tech.html,MTech,True,page
https://cas.res.in/manu1.html,https://cas.res.in/apply-to-PhD.html,PhD,True,page
https://cas.res.in/manu1.html,https://cas.res.in/feedetails.html,Fees,True,page
https://cas.res.in/manu1.html,https://cas.res.in/hostel.html,Hostel Details,True,page
https://cas.res.in/manu1.html,https://cas.res.in/research1.html,Research,True,page
https://cas.res.in/manu1.html,https://cas.res.in/infra.html,LABS,True,page
https://cas.res.in/manu1.html,https://cas.res.in/equip.html,Major Equipments,True,page
https://cas.res.in/manu1.html,https://cas.res.in/library.html,Library,True,page
https://cas.res.in/manu1.html,https://cas.res.in/geninfra.html,General Infrastructure,True,page
https://cas.res.in/manu1.html,https://cas.res.in/campustour/index.html,Campus Tour,True,page
https://cas.res.in/manu1.html,https://youtu.be/wuBRMYGzK8g,Video Tour,False,page
https://cas.res.in/manu1.html,https://cas.res.in/studentlyf.html,Student's Life,True,page
https://cas.res.in/manu1.html,https://cas.res.in/studentpub.html,Student's Publication,True,page
https://cas.res.in/manu1.html,https://cas.res.in/alumni.html,Alumni,True,page
https://cas.res.in/manu1.html,https://cas.res.in/studentinno.html,Innovation Gallery,True,page
https://cas.res.in/manu1.html,https://cas.res.in/activities.html,Activities,True,page
https://cas.res.in/manu1.html,https://cas.res.in/contact1.html,Contact,True,page
https://cas.res.in/manu1.html,https://cas.res.in/pdf/manufacturingsyllbs.pdf,Old Syllabus,True,document
https://cas.res.in/manu1.html,https://cas.res.in/pdf/Manu M.Tech Syllabus & Structure CAS (Revised & without highlighted ) wef 2022-2023.pdf,Revised Syllabus wef 2022-2023,True,document
https://cas.res.in/manu1.html,https://cas.res.in/pdf/1st & 3rd Sem TIME TABLE Manufacturing 2023-24 (1).pdf,Time Table,True,document
https://cas.res.in/manu1.html,https://cas.res.in/pdf/Dr.Anuj.pdf,click here,True,document
https://cas.res.in/manu1.html,https://www.scopus.com/authid/detail.uri?authorId=56537380700,Scopus Profile,False,page
https://cas.res.in/manu1.html,https://scholar.google.com/citations?hl=en&user=Dy6t9FQAAAAJ,Google Scholar Profile,False,page
https://cas.res.in/manu1.html,https://cas.res.in/images/devices/3.jpg,,True,document
https://cas.res.in/manu1.html,https://cas.res.in/images/devices/4.jpg,,True,document
https://cas.res.in/manu1.html,https://cas.res.in/images/devices/5.jpg,,True,document
https://cas.res.in/manu1.html,https://cas.res.in/images/devices/6.jpg,,True,document
https://cas.res.in/manu1.html,https://cas.res.in/images/devices/7.jpg,,True,document
https://cas.res.in/manu1.html,https://scholar.google.com/citations?user=HKodbr8AAAAJ&hl=en&authuser=2,Google Scholar,False,page
https://cas.res.in/manu1.html,https://orcid.org/0000-0003-0480-6450,Orcid ID,False,page
https://cas.res.in/manu1.html,https://cas.res.in/,"Centre for Advanced Studies (CAS, AKTU)",True,page
https://cas.res.in/apply-to-M.Tech.html,https://cas.res.in/index.html,Home,True,page
https://cas.res.in/apply-to-M.Tech.html,https://cas.res.in/director.html,Director,True,page
https://cas.res.in/apply-to-M.Tech.html,https://cas.res.in/faculty.html,Current Faculty,True,page
https://cas.res.in/apply-to-M.Tech.html,https://cas.res.in/visitingfaculty.html,Visiting Faculty,True,page
https://cas.res.in/apply-to-M.Tech.html,https://cas.res.in/pastfaculty.html,Past Faculty,True,page
https://cas.res.in/apply-to-M.Tech.html,https://cas.res.in/staff.html,Staff,True,page
https://cas.res.in/apply-to-M.Tech.html,https://cas.res.in/Mtechcse.html,Computer Science Engineering,True,page
https://cas.res.in/apply-to-M.Tech.html,https://cas.res.in/mtechnano.html,Nanotechnology,True,page
https://cas.res.in/apply-to-M.Tech.html,https://cas.res.in/mtechenergy.html,Energy Science & Technology,True,page
https://cas.res.in/apply-to-M.Tech.html,https://cas.res.in/mtechmecha.html,Mechatronics,True,page
https://cas.res.in/apply-to-M.Tech.html,https://cas.res.in/mtechmanufacturing.html,Manufacturing Technology & Automation,True,page
https://cas.res.in/apply-to-M.Tech.html,https://cas.res.in/Btech.html,B.Tech.,True,page
https://cas.res.in/apply-to-M.Tech.html,https://cas.res.in/csephd.html,PHD Program,True,page
https://cas.res.in/apply-to-M.Tech.html,https://cas.res.in/pdf/CAS%20M.Tech%20Ordinance%20-%20Revised%20after%20BOS.pdf,M.Tech Ordinance,True,document
https://cas.res.in/apply-to-M.Tech.html,https://cas.res.in/pdf/B. Tech. Ordinance_2025-26.pdf,B.Tech Ordinance,True,document
https://cas.res.in/apply-to-M.Tech.html,https://cas.res.in/pdf/Ph.D%20ordinance.pdf,PHD Ordinance,True,document
https://cas.res.in/apply-to-M.Tech.html,https://cas.res.in/pdf/SCIE%20Journal%20List%20with%20Impactfactor.pdf,List Of SCIE Journals,True,document
https://cas.res.in/apply-to-M.Tech.html,https://cas.res.in/cse1.html,Computer Science Engineering,True,page
https://cas.res.in/apply-to-M.Tech.html,https://cas.res.in/nano1.html,Nanotechnology,True,page
https://cas.res.in/apply-to-M.Tech.html,https://cas.res.in/est1.html,Energy Science & Technology,True,page
https://cas.res.in/apply-to-M.Tech.html,https://cas.res.in/mecha1.html,Mechatronics,True,page
https://cas.res.in/apply-to-M.Tech.html,https://cas.res.in/manu1.html,Manufacturing Technology & Automation,True,page
https://cas.res.in/apply-to-M.Tech.html,https://cas.res.in/apply-to-M.Tech.html,MTech,True,page
https://cas.res.in/apply-to-M.Tech.html,https://cas.res.in/apply-to-PhD.html,PhD,True,page
https://cas.res.in/apply-to-M.Tech.html,https://cas.res.in/feedetails.html,Fees,True,page
https://cas.res.in/apply-to-M.Tech.html,https://cas.res.in/hostel.html,Hostel Details,True,page
https://cas.res.in/apply-to-M.Tech.html,https://cas.res.in/research1.html,Research,True,page
https://cas.res.in/apply-to-M.Tech.html,https://cas.res.in/infra.html,LABS,True,page
https://cas.res.in/apply-to-M.Tech.html,https://cas.res.in/equip.html,Major Equipments,True,page
https://cas.res.in/apply-to-M.Tech.html,https://cas.res.in/library.html,Library,True,page
https://cas.res.in/apply-to-M.Tech.html,https://cas.res.in/geninfra.html,General Infrastructure,True,page
https://cas.res.in/apply-to-M.Tech.html,https://cas.res.in/campustour/index.html,Campus Tour,True,page
https://cas.res.in/apply-to-M.Tech.html,https://youtu.be/wuBRMYGzK8g,Video Tour,False,page
https://cas.res.in/apply-to-M.Tech.html,https://cas.res.in/studentlyf.html,Student's Life,True,page
https://cas.res.in/apply-to-M.Tech.html,https://cas.res.in/studentpub.html,Student's Publication,True,page
https://cas.res.in/apply-to-M.Tech.html,https://cas.res.in/alumni.html,Alumni,True,page
https://cas.res.in/apply-to-M.Tech.html,https://cas.res.in/studentinno.html,Innovation Gallery,True,page
https://cas.res.in/apply-to-M.Tech.html,https://cas.res.in/contact1.html,Contact,True,page
https://cas.res.in/apply-to-M.Tech.html,https://erp.aktu.ac.in/WebPages/Public/EntranceExams/CASPGGATE/instructions.aspx,Registration for the M Tech Admission Session 2026-27 Click here to register,False,page
https://cas.res.in/apply-to-M.Tech.html,https://cas.res.in/pdf/Guidelines_5.pdf,→Counselling for M.Tech. admissions in session 2026-27,True,document
https://cas.res.in/apply-to-M.Tech.html,https://cas.res.in/,"Centre for Advanced Studies (CAS, AKTU)",True,page
https://cas.res.in/apply-to-PhD.html,https://cas.res.in/index.html,Home,True,page
https://cas.res.in/apply-to-PhD.html,https://cas.res.in/director.html,Director,True,page
https://cas.res.in/apply-to-PhD.html,https://cas.res.in/faculty.html,Current Faculty,True,page
https://cas.res.in/apply-to-PhD.html,https://cas.res.in/visitingfaculty.html,Visiting Faculty,True,page
https://cas.res.in/apply-to-PhD.html,https://cas.res.in/pastfaculty.html,Past Faculty,True,page
https://cas.res.in/apply-to-PhD.html,https://cas.res.in/staff.html,Staff,True,page
https://cas.res.in/apply-to-PhD.html,https://cas.res.in/Mtechcse.html,Computer Science Engineering,True,page
https://cas.res.in/apply-to-PhD.html,https://cas.res.in/mtechnano.html,Nanotechnology,True,page
https://cas.res.in/apply-to-PhD.html,https://cas.res.in/mtechenergy.html,Energy Science & Technology,True,page
https://cas.res.in/apply-to-PhD.html,https://cas.res.in/mtechmecha.html,Mechatronics,True,page
https://cas.res.in/apply-to-PhD.html,https://cas.res.in/mtechmanufacturing.html,Manufacturing Technology & Automation,True,page
https://cas.res.in/apply-to-PhD.html,https://cas.res.in/csephd.html,PHD Program,True,page
https://cas.res.in/apply-to-PhD.html,https://cas.res.in/pdf/CAS%20M.Tech%20Ordinance%20-%20Revised%20after%20BOS.pdf,M.Tech Ordinance,True,document
https://cas.res.in/apply-to-PhD.html,https://cas.res.in/pdf/Ph.D%20ordinance.pdf,PHD Ordinance,True,document
https://cas.res.in/apply-to-PhD.html,https://cas.res.in/pdf/SCIE%20Journal%20List%20with%20Impactfactor.pdf,List Of SCIE Journals,True,document
https://cas.res.in/apply-to-PhD.html,https://cas.res.in/cse1.html,Computer Science Engineering,True,page
https://cas.res.in/apply-to-PhD.html,https://cas.res.in/nano1.html,Nanotechnology,True,page
https://cas.res.in/apply-to-PhD.html,https://cas.res.in/est1.html,Energy Science & Technology,True,page
https://cas.res.in/apply-to-PhD.html,https://cas.res.in/mecha1.html,Mechatronics,True,page
https://cas.res.in/apply-to-PhD.html,https://cas.res.in/manu1.html,Manufacturing Technology & Automation,True,page
https://cas.res.in/apply-to-PhD.html,https://cas.res.in/apply-to-M.Tech.html,MTech,True,page
https://cas.res.in/apply-to-PhD.html,https://cas.res.in/apply-to-PhD.html,PhD,True,page
https://cas.res.in/apply-to-PhD.html,https://cas.res.in/feedetails.html,Fees,True,page
https://cas.res.in/apply-to-PhD.html,https://cas.res.in/hostel.html,Hostel Details,True,page
https://cas.res.in/apply-to-PhD.html,https://cas.res.in/research1.html,Research,True,page
https://cas.res.in/apply-to-PhD.html,https://cas.res.in/infra.html,LABS,True,page
https://cas.res.in/apply-to-PhD.html,https://cas.res.in/equip.html,Major Equipments,True,page
https://cas.res.in/apply-to-PhD.html,https://cas.res.in/library.html,Library,True,page
https://cas.res.in/apply-to-PhD.html,https://cas.res.in/geninfra.html,General Infrastructure,True,page
https://cas.res.in/apply-to-PhD.html,https://cas.res.in/campustour/index.html,Campus Tour,True,page
https://cas.res.in/apply-to-PhD.html,https://youtu.be/wuBRMYGzK8g,Video Tour,False,page
https://cas.res.in/apply-to-PhD.html,https://cas.res.in/studentlyf.html,Student's Life,True,page
https://cas.res.in/apply-to-PhD.html,https://cas.res.in/studentpub.html,Student's Publication,True,page
https://cas.res.in/apply-to-PhD.html,https://cas.res.in/alumni.html,Alumni,True,page
https://cas.res.in/apply-to-PhD.html,https://cas.res.in/studentinno.html,Innovation Gallery,True,page
https://cas.res.in/apply-to-PhD.html,https://cas.res.in/activities.html,Activities,True,page
https://cas.res.in/apply-to-PhD.html,https://cas.res.in/contact1.html,Contact,True,page
https://cas.res.in/apply-to-PhD.html,https://cas.res.in/,"Centre for Advanced Studies (CAS, AKTU)",True,page
https://cas.res.in/feedetails.html,https://cas.res.in/index.html,Home,True,page
https://cas.res.in/feedetails.html,https://cas.res.in/director.html,Director,True,page
https://cas.res.in/feedetails.html,https://cas.res.in/faculty.html,Current Faculty,True,page
https://cas.res.in/feedetails.html,https://cas.res.in/visitingfaculty.html,Visiting Faculty,True,page
https://cas.res.in/feedetails.html,https://cas.res.in/pastfaculty.html,Past Faculty,True,page
https://cas.res.in/feedetails.html,https://cas.res.in/staff.html,Staff,True,page
https://cas.res.in/feedetails.html,https://cas.res.in/Mtechcse.html,Computer Science Engineering,True,page
https://cas.res.in/feedetails.html,https://cas.res.in/mtechnano.html,Nanotechnology,True,page
https://cas.res.in/feedetails.html,https://cas.res.in/mtechenergy.html,Energy Science & Technology,True,page
https://cas.res.in/feedetails.html,https://cas.res.in/mtechmecha.html,Mechatronics,True,page
https://cas.res.in/feedetails.html,https://cas.res.in/mtechmanufacturing.html,Manufacturing Technology & Automation,True,page
https://cas.res.in/feedetails.html,https://cas.res.in/Btech.html,B.Tech.,True,page
https://cas.res.in/feedetails.html,https://cas.res.in/csephd.html,PHD Program,True,page
https://cas.res.in/feedetails.html,https://cas.res.in/pdf/CAS%20M.Tech%20Ordinance%20-%20Revised%20after%20BOS.pdf,M.Tech Ordinance,True,document
https://cas.res.in/feedetails.html,https://cas.res.in/pdf/B. Tech. Ordinance_2025-26.pdf,B.Tech Ordinance,True,document
https://cas.res.in/feedetails.html,https://cas.res.in/pdf/Ph.D%20ordinance.pdf,PHD Ordinance,True,document
https://cas.res.in/feedetails.html,https://cas.res.in/pdf/SCIE%20Journal%20List%20with%20Impactfactor.pdf,List Of SCIE Journals,True,document
https://cas.res.in/feedetails.html,https://cas.res.in/cse1.html,Computer Science Engineering,True,page
https://cas.res.in/feedetails.html,https://cas.res.in/nano1.html,Nanotechnology,True,page
https://cas.res.in/feedetails.html,https://cas.res.in/est1.html,Energy Science & Technology,True,page
https://cas.res.in/feedetails.html,https://cas.res.in/mecha1.html,Mechatronics,True,page
https://cas.res.in/feedetails.html,https://cas.res.in/manu1.html,Manufacturing Technology & Automation,True,page
https://cas.res.in/feedetails.html,https://cas.res.in/apply-to-M.Tech.html,MTech,True,page
https://cas.res.in/feedetails.html,https://cas.res.in/apply-to-PhD.html,PhD,True,page
https://cas.res.in/feedetails.html,https://cas.res.in/feedetails.html,Fees,True,page
https://cas.res.in/feedetails.html,https://cas.res.in/hostel.html,Hostel Details,True,page
https://cas.res.in/feedetails.html,https://cas.res.in/research1.html,Research,True,page
https://cas.res.in/feedetails.html,https://cas.res.in/infra.html,LABS,True,page
https://cas.res.in/feedetails.html,https://cas.res.in/equip.html,Major Equipments,True,page
https://cas.res.in/feedetails.html,https://cas.res.in/library.html,Library,True,page
https://cas.res.in/feedetails.html,https://cas.res.in/geninfra.html,General Infrastructure,True,page
https://cas.res.in/feedetails.html,https://cas.res.in/campustour/index.html,Campus Tour,True,page
https://cas.res.in/feedetails.html,https://youtu.be/wuBRMYGzK8g,Video Tour,False,page
https://cas.res.in/feedetails.html,https://cas.res.in/studentlyf.html,Student's Life,True,page
https://cas.res.in/feedetails.html,https://cas.res.in/studentpub.html,Student's Publication,True,page
https://cas.res.in/feedetails.html,https://cas.res.in/alumni.html,Alumni,True,page
https://cas.res.in/feedetails.html,https://cas.res.in/studentinno.html,Innovation Gallery,True,page
https://cas.res.in/feedetails.html,https://cas.res.in/activities.html,Activities,True,page
https://cas.res.in/feedetails.html,https://cas.res.in/contact1.html,Contact,True,page
https://cas.res.in/feedetails.html,https://cas.res.in/pdf/Fees 2025.pdf,→Click here for B.Tech. Fee Structure,True,document
https://cas.res.in/feedetails.html,https://cas.res.in/feemtech.html,→Click here for M.Tech. Fee Structure,True,page
https://cas.res.in/feedetails.html,https://cas.res.in/,"Centre for Advanced Studies (CAS, AKTU)",True,page
https://cas.res.in/hostel.html,https://cas.res.in/index.html,Home,True,page
https://cas.res.in/hostel.html,https://cas.res.in/director.html,Director,True,page
https://cas.res.in/hostel.html,https://cas.res.in/faculty.html,Current Faculty,True,page
https://cas.res.in/hostel.html,https://cas.res.in/visitingfaculty.html,Visiting Faculty,True,page
https://cas.res.in/hostel.html,https://cas.res.in/pastfaculty.html,Past Faculty,True,page
https://cas.res.in/hostel.html,https://cas.res.in/staff.html,Staff,True,page
https://cas.res.in/hostel.html,https://cas.res.in/Mtechcse.html,Computer Science Engineering,True,page
https://cas.res.in/hostel.html,https://cas.res.in/mtechnano.html,Nanotechnology,True,page
https://cas.res.in/hostel.html,https://cas.res.in/mtechenergy.html,Energy Science & Technology,True,page
https://cas.res.in/hostel.html,https://cas.res.in/mtechmecha.html,Mechatronics,True,page
https://cas.res.in/hostel.html,https://cas.res.in/mtechmanufacturing.html,Manufacturing Technology & Automation,True,page
https://cas.res.in/hostel.html,https://cas.res.in/csephd.html,PHD Program,True,page
https://cas.res.in/hostel.html,https://cas.res.in/pdf/CAS%20M.Tech%20Ordinance%20-%20Revised%20after%20BOS.pdf,M.Tech Ordinance,True,document
https://cas.res.in/hostel.html,https://cas.res.in/pdf/Ph.D%20ordinance.pdf,PHD Ordinance,True,document
https://cas.res.in/hostel.html,https://cas.res.in/pdf/SCIE%20Journal%20List%20with%20Impactfactor.pdf,List Of SCIE Journals,True,document
https://cas.res.in/hostel.html,https://cas.res.in/cse1.html,Computer Science Engineering,True,page
https://cas.res.in/hostel.html,https://cas.res.in/nano1.html,Nanotechnology,True,page
https://cas.res.in/hostel.html,https://cas.res.in/est1.html,Energy Science & Technology,True,page
https://cas.res.in/hostel.html,https://cas.res.in/mecha1.html,Mechatronics,True,page
https://cas.res.in/hostel.html,https://cas.res.in/manu1.html,Manufacturing Technology & Automation,True,page
https://cas.res.in/hostel.html,https://cas.res.in/apply-to-M.Tech.html,MTech,True,page
https://cas.res.in/hostel.html,https://cas.res.in/apply-to-PhD.html,PhD,True,page
https://cas.res.in/hostel.html,https://cas.res.in/feedetails.html,Fees,True,page
https://cas.res.in/hostel.html,https://cas.res.in/hostel.html,Hostel Details,True,page
https://cas.res.in/hostel.html,https://cas.res.in/research1.html,Research,True,page
https://cas.res.in/hostel.html,https://cas.res.in/infra.html,LABS,True,page
https://cas.res.in/hostel.html,https://cas.res.in/equip.html,Major Equipments,True,page
https://cas.res.in/hostel.html,https://cas.res.in/library.html,Library,True,page
https://cas.res.in/hostel.html,https://cas.res.in/geninfra.html,General Infrastructure,True,page
https://cas.res.in/hostel.html,https://cas.res.in/campustour/index.html,Campus Tour,True,page
https://cas.res.in/hostel.html,https://youtu.be/wuBRMYGzK8g,Video Tour,False,page
https://cas.res.in/hostel.html,https://cas.res.in/studentlyf.html,Student's Life,True,page
https://cas.res.in/hostel.html,https://cas.res.in/studentpub.html,Student's Publication,True,page
https://cas.res.in/hostel.html,https://cas.res.in/alumni.html,Alumni,True,page
https://cas.res.in/hostel.html,https://cas.res.in/studentinno.html,Innovation Gallery,True,page
https://cas.res.in/hostel.html,https://cas.res.in/activities.html,Activities,True,page
https://cas.res.in/hostel.html,https://cas.res.in/contact1.html,Contact,True,page
https://cas.res.in/hostel.html,https://cas.res.in/,"Centre for Advanced Studies (CAS, AKTU)",True,page
https://cas.res.in/research1.html,https://cas.res.in/index.html,Home,True,page
https://cas.res.in/research1.html,https://cas.res.in/director.html,Director,True,page
https://cas.res.in/research1.html,https://cas.res.in/faculty.html,Current Faculty,True,page
https://cas.res.in/research1.html,https://cas.res.in/visitingfaculty.html,Visiting Faculty,True,page
https://cas.res.in/research1.html,https://cas.res.in/pastfaculty.html,Past Faculty,True,page
https://cas.res.in/research1.html,https://cas.res.in/staff.html,Staff,True,page
https://cas.res.in/research1.html,https://cas.res.in/Mtechcse.html,Computer Science Engineering,True,page
https://cas.res.in/research1.html,https://cas.res.in/mtechnano.html,Nanotechnology,True,page
https://cas.res.in/research1.html,https://cas.res.in/mtechenergy.html,Energy Science & Technology,True,page
https://cas.res.in/research1.html,https://cas.res.in/mtechmecha.html,Mechatronics,True,page
https://cas.res.in/research1.html,https://cas.res.in/mtechmanufacturing.html,Manufacturing Technology & Automation,True,page
https://cas.res.in/research1.html,https://cas.res.in/csephd.html,PHD Program,True,page
https://cas.res.in/research1.html,https://cas.res.in/pdf/CAS%20M.Tech%20Ordinance%20-%20Revised%20after%20BOS.pdf,M.Tech Ordinance,True,document
https://cas.res.in/research1.html,https://cas.res.in/pdf/Ph.D%20ordinance.pdf,PHD Ordinance,True,document
https://cas.res.in/research1.html,https://cas.res.in/pdf/SCIE%20Journal%20List%20with%20Impactfactor.pdf,List Of SCIE Journals,True,document
https://cas.res.in/research1.html,https://cas.res.in/cse1.html,Computer Science Engineering,True,page
https://cas.res.in/research1.html,https://cas.res.in/nano1.html,Nanotechnology,True,page
https://cas.res.in/research1.html,https://cas.res.in/est1.html,Energy Science & Technology,True,page
https://cas.res.in/research1.html,https://cas.res.in/mecha1.html,Mechatronics,True,page
https://cas.res.in/research1.html,https://cas.res.in/manu1.html,Manufacturing Technology & Automation,True,page
https://cas.res.in/research1.html,https://cas.res.in/apply-to-M.Tech.html,MTech,True,page
https://cas.res.in/research1.html,https://cas.res.in/apply-to-PhD.html,PhD,True,page
https://cas.res.in/research1.html,https://cas.res.in/feedetails.html,Fees,True,page
https://cas.res.in/research1.html,https://cas.res.in/hostel.html,Hostel Details,True,page
https://cas.res.in/research1.html,https://cas.res.in/research1.html,Research,True,page
https://cas.res.in/research1.html,https://cas.res.in/infra.html,LABS,True,page
https://cas.res.in/research1.html,https://cas.res.in/equip.html,Major Equipments,True,page
https://cas.res.in/research1.html,https://cas.res.in/library.html,Library,True,page
https://cas.res.in/research1.html,https://cas.res.in/geninfra.html,General Infrastructure,True,page
https://cas.res.in/research1.html,https://cas.res.in/campustour/index.html,Campus Tour,True,page
https://cas.res.in/research1.html,https://youtu.be/wuBRMYGzK8g,Video Tour,False,page
https://cas.res.in/research1.html,https://cas.res.in/studentlyf.html,Student's Life,True,page
https://cas.res.in/research1.html,https://cas.res.in/studentpub.html,Student's Publication,True,page
https://cas.res.in/research1.html,https://cas.res.in/alumni.html,Alumni,True,page
https://cas.res.in/research1.html,https://cas.res.in/studentinno.html,Innovation Gallery,True,page
https://cas.res.in/research1.html,https://cas.res.in/activities.html,Activities,True,page
https://cas.res.in/research1.html,https://cas.res.in/contact1.html,Contact,True,page
https://cas.res.in/research1.html,https://cas.res.in/images/devices/1.jpg,,True,document
https://cas.res.in/research1.html,https://cas.res.in/images/devices/2.jpg,,True,document
https://cas.res.in/research1.html,https://cas.res.in/images/devices/3.jpg,,True,document
https://cas.res.in/research1.html,https://cas.res.in/images/devices/4.jpg,,True,document
https://cas.res.in/research1.html,https://cas.res.in/images/devices/5.jpg,,True,document
https://cas.res.in/research1.html,https://cas.res.in/images/devices/6.jpg,,True,document
https://cas.res.in/research1.html,https://cas.res.in/images/devices/7.jpg,,True,document
https://cas.res.in/research1.html,https://cas.res.in/images/innov/pos1.jpeg,,True,document
https://cas.res.in/research1.html,https://cas.res.in/images/innov/pos2.jpeg,,True,document
https://cas.res.in/research1.html,https://cas.res.in/images/innov/pos3.jpeg,,True,document
https://cas.res.in/research1.html,https://cas.res.in/images/innov/pos4.jpeg,,True,document
https://cas.res.in/research1.html,https://cas.res.in/images/innov/pos5.jpeg,,True,document
https://cas.res.in/research1.html,https://cas.res.in/images/innov/pos6.jpeg,,True,document
https://cas.res.in/research1.html,https://cas.res.in/images/innov/pos7.jpeg,,True,document
https://cas.res.in/research1.html,https://cas.res.in/images/innov/pos8.jpeg,,True,document
https://cas.res.in/research1.html,https://cas.res.in/images/innov/pos9.jpeg,,True,document
https://cas.res.in/research1.html,https://cas.res.in/images/innov/pos10.jpeg,,True,document
https://cas.res.in/research1.html,https://cas.res.in/images/innov/pos11.jpeg,,True,document
https://cas.res.in/research1.html,https://cas.res.in/images/seminar/1.jpg,,True,document
https://cas.res.in/research1.html,https://cas.res.in/images/seminar/2.jpg,,True,document
https://cas.res.in/research1.html,https://cas.res.in/images/seminar/3.jpg,,True,document
https://cas.res.in/research1.html,https://cas.res.in/images/seminar/4.jpg,,True,document
https://cas.res.in/research1.html,https://cas.res.in/images/seminar/5.jpg,,True,document
https://cas.res.in/research1.html,https://cas.res.in/images/seminar/6.jpg,,True,document
https://cas.res.in/research1.html,https://cas.res.in/images/seminar/7.jpg,,True,document
https://cas.res.in/research1.html,https://cas.res.in/images/seminar/8.jpg,,True,document
https://cas.res.in/research1.html,https://doi.org/10.1016/j.energy.2022.12570,"https://doi.org/10.1016/j.energy.2022.12570, 2022",False,page
https://cas.res.in/research1.html,https://doi.org/10.1016/j.est.2022.105761,"https://doi.org/10.1016/j.est.2022.105761, 2022",False,page
https://cas.res.in/research1.html,https://doi.org/10.1016/j.cmpb.2022.106996,"https://doi.org/10.1016/j.cmpb.2022.106996, 2022",False,page
https://cas.res.in/research1.html,https://doi.org/10.1016/j.cmpb.2022.106727,"doi.org/10.1016/j.cmpb.2022.106727, 2022",False,page
https://cas.res.in/research1.html,https://doi.org/10.1016/j.marpolbul.2022.113609,"https://doi.org/10.1016/j.marpolbul.2022.113609, 2022",False,page
https://cas.res.in/research1.html,https://doi.org/10.1109/THMS.2022.3211460,"https://doi.org/10.1109/THMS.2022.3211460, 2022",False,page
https://cas.res.in/research1.html,https://doi.org/10.1016/j.bspc.2022.104156,"https://doi.org/10.1016/j.bspc.2022.104156, 2022",False,page
https://cas.res.in/research1.html,https://doi.org/10.1021/acs.energyfuels.2c03814,":https://doi.org/10.1021/acs.energyfuels.2c03814, 2022",False,page
https://cas.res.in/research1.html,https://doi.org/10.1002/ett.4685,":https://doi.org/10.1002/ett.4685, 2022",False,page
https://cas.res.in/research1.html,https://doi.org/10.1016/j.matpr.2022.11.374,"https://doi.org/10.1016/j.matpr.2022.11.374, 2022",False,page
https://cas.res.in/research1.html,https://doi.org/10.1007/s10008-022-05293-w,https://doi.org/10.1007/s10008-022-05293-w,False,page
https://cas.res.in/research1.html,https://10.1177/02624893221123391,https://doi.org/10.1177/02624893221123391,False,page
https://cas.res.in/research1.html,https://doi.org/10.1039/D2DT01857H,":https://doi.org/10.1039/D2DT01857H, 2022",False,page
https://cas.res.in/research1.html,https://doi.org/10.1021/acs.jpcc.2c04914,"https://doi.org/10.1021/acs.jpcc.2c04914, 2022",False,page
https://cas.res.in/research1.html,https://doi.org/10.1108/RPJ-05-2022-0142,"https://doi.org/10.1108/RPJ-05-2022-0142, 2022",False,page
https://cas.res.in/research1.html,https://doi.org/10.1177/09544089221125633,"https://doi.org/10.1177/09544089221125633 ,2022",False,page
https://cas.res.in/research1.html,https://doi.org/10.1021/acsaem.2c01353,"DOI: https://doi.org/10.1021/acsaem.2c01353 ,2022",False,page
https://cas.res.in/research1.html,https://doi.org/10.1016/j.physb.2022.414054,"https://doi.org/10.1016/j.physb.2022.414054, 2022",False,page
https://cas.res.in/research1.html,https://doi.org/10.1016/j.bspc.2021.102794,"https://doi.org/:10.1016/j.bspc.2021.102794,2022",False,page
https://cas.res.in/research1.html,https://doi.org/10.1080/10426914.2022.2032147,"1080/10426914.2022.2032147, 2022",False,page
https://cas.res.in/research1.html,https://doi.org/10.1016/j.jfoodeng.2021.110777,"https://doi.org/10.1016/j.jfoodeng.2021.110777,2022",False,page
https://cas.res.in/research1.html,https://doi.org/10.1016/j.wear.2022.204368,https://doi.org/10.1016/j.wear.2022.204368(Q-1),False,page
https://cas.res.in/research1.html,https://doi.org/10.1111/exsy.13041,"https://doi.org/1111/exsy.13041, 2022",False,page
https://cas.res.in/research1.html,https://doi.org/10.1016/j.scs.2022.103690,"https://doi.org/10.1016/j.scs.2022.103690, 2022",False,page
https://cas.res.in/research1.html,https://doi.org/10.1002/slct.202201134,"https://doi.org/10.1002/slct.202201134, 2022",False,page
https://cas.res.in/research1.html,https://doi.org/10.1016/j.ecoinf.2022.101602,"https://doi.org//10.1016/j.ecoinf.2022.101602, 2022",False,page
https://cas.res.in/research1.html,https://doi.org/10.1007/s11042-021-11721-2,"https://doi.org/10.1007/s11042-021-11721-2, 2022",False,page
https://cas.res.in/research1.html,https://doi.org/10.1002/cpe.6582,"https://doi.org/10.1002/cpe.6582, 2022",False,page
https://cas.res.in/research1.html,https://doi.org/10.1016/j.est.2021.103578,"https://doi.org/10.1016/j.est.2021.103578, 2022",False,page
https://cas.res.in/research1.html,https://doi.org/10.1021/acsanm.1c04174,"https://doi.org/10.1021/acsanm.1c04174, 2022",False,page
https://cas.res.in/research1.html,https://doi.org/10.1016/j.jmapro.2022.01.006,"https://doi.org/10.1016/j.jmapro.2022.01.006, 2022",False,page
https://cas.res.in/research1.html,https://doi.org/10.1007/s11042-022-13284-2,"https://doi.org/10.1007/s11042-022-13284-2, 2022",False,page
https://cas.res.in/research1.html,https://doi.org/10.1007/s11042-021-11600-w,"https://doi.org/10.1007/ s11042 -021-11600-w, 2022",False,page
https://cas.res.in/research1.html,https://doi.org/10.1016/j.jjimei.2022.100084,"https:https://doi.org/10.1016/j.jjimei.2022.100084, 2022",False,page
https://cas.res.in/research1.html,https://doi.org/10.1007/s12652-020-02867-2,"https://doi.org/10.1007/s12652-020-02867-2,2021",False,page
https://cas.res.in/research1.html,https://doi.org/10.1002/er.7214,"https://doi.org/10.1002/er.7214, 2021",False,page
https://cas.res.in/research1.html,https://doi.org/10.1007/s13369-021-05861-8,"https://doi.org/10.1007/s13369-021-05861-8, 2021",False,page
https://cas.res.in/research1.html,https://doi.org/10.1007/s11042-020-10309-6,"https://doi.org/10.1007/s11042-020-10309-6, 2021",False,page
https://cas.res.in/research1.html,https://doi.org/10.1016/j.ecoinf.2020.101197,"https://doi.org/10.1016/j.ecoinf.2020.101197, 2021",False,page
https://cas.res.in/research1.html,https://doi.org/10.1016/j.ecoinf.2021.101468,"https://doi.org/10.1016/j.ecoinf.2021.101468, 2021",False,page
https://cas.res.in/research1.html,https://doi.org/10.3390/ma14237207,"https://doi.org/10.3390/ma14237207,2021",False,page
https://cas.res.in/research1.html,https://doi.org/10.5004/dwt.2021.27621,"https://doi.org/5004/dwt.2021.27621, 2021",False,page
https://cas.res.in/research1.html,https://doi.org/10.1007/10.1177/09544089211053684,"https://doi.org/1177/09544089211053684, 2021",False,page
https://cas.res.in/research1.html,https://doi.org/10.1177/09544089211031755,"https://doi.org/1177/09544089211031755, 2021",False,page
https://cas.res.in/research1.html,https://doi.org/10.1016/10.36909/jer.EMSME.13899,"https://doi.org/36909/jer.EMSME.13899, 2021",False,page
https://cas.res.in/research1.html,https://doi.org/10.1016/j.cmpb.2021.106445,"https://doi.org/10.1016/j.cmpb.2021.106445, 2021",False,page
https://cas.res.in/research1.html,https://doi.org/10.1016/j.compbiomed.2021.104862,"https://doi.org/10.1016/j.compbiomed.2021.104862, 2021",False,page
https://cas.res.in/research1.html,https://doi.org/10.1007/s00521-021-06302-1,"https://doi.org/1007/s00521-021-06302-1, 2021",False,page
https://cas.res.in/research1.html,https://doi.org/10.1016/j.compbiomed.2021.104829,https://doi.org/10.1016/j.compbiomed.2021.104829,False,page
https://cas.res.in/research1.html,https://doi.org/10.1007/s11042-021-11240-0,"https://doi.org/10.1007/s11042-021-11240-0, 2021",False,page
https://cas.res.in/research1.html,https://doi.org/10.1016/j.compbiomed.2021.104559,"org/10.1016/ j.compbiomed.2021.104559, 2021",False,page
https://cas.res.in/research1.html,https://doi.org/10.1016/j.jmapro.2020.12.017,"https://doi.org/10.1016/j.jmapro.2020.12.017, 2021",False,page
https://cas.res.in/research1.html,https://doi.org/10.1109/TED.2021.3066454,https://doi.org/10.1109/TED.2021.3066454,False,page
https://cas.res.in/research1.html,https://doi.org/10.1016/j.bspc.2021.102798,"https://doi.org/10.1016/j.bspc.2021.102798,2021",False,page
https://cas.res.in/research1.html,https://doi.org/10.1177/0021955X20987155,"doi.org/10.1177/0021955X20987155, 2021",False,page
https://cas.res.in/research1.html,https://doi.org/10.1016/B978-0-12-819611-3.00020-0,"https://doi.org/10.1016/B978-0-12-819611-3.00020-0, 2021",False,page
https://cas.res.in/research1.html,https://doi.org/10.1111/jfpp.15571,"https://doi.org/10.1111/jfpp.15571,2021",False,page
https://cas.res.in/research1.html,https://doi.org/10.1007/s00138-021-01204-7,https://doi.org/10.1007/s00138-021-01204-7,False,page
https://cas.res.in/research1.html,https://doi.org/10.1016/j.ecoinf.2021.101247,"https://doi.org/10.1016/j.ecoinf.2021.101247, 2021",False,page
https://cas.res.in/research1.html,https://doi.org/10.1016/j.bbe.2021.01.002,"https://doi.org/ 10.1016/ j.bbe.2021.01.002, 2021",False,page
https://cas.res.in/research1.html,https://www.sciencedirect.com/science/journal/15749541/63/supp/C,Volume 63,False,page
https://cas.res.in/research1.html,https://doi.org/10.1016/j.ecoinf.2021.101289,"https://doi.org/10.1016/j.ecoinf.2021.101289, 2021",False,page
https://cas.res.in/research1.html,https://doi.org/10.1007/s11042-021-10534-7,"https://doi.org/10.1007/s11042-021-10534-7, 2021",False,page
https://cas.res.in/research1.html,https://doi.org/10.1002/celc.202100197,https://doi.org/10.1002/celc.202100197,False,page
https://cas.res.in/research1.html,https://doi.org/10.1109/JSEN.2020.3028153,"https://doi.org/1109/JSEN.2020.3028153, 2021",False,page
https://cas.res.in/research1.html,https://doi.org/10.1186/s13638-020-01721-5,https://doi.org/10.1186/s13638-020-01721-5,False,page
https://cas.res.in/research1.html,https://www.sciencedirect.com/science/journal/13191578/32/8,"Volume 32, Issue 8",False,page
https://cas.res.in/research1.html,https://doi.org/10.1016/j.jksuci.2017.12.008,"doi.org/10.1016/j.jksuci.2017.12.008,2020",False,page
https://cas.res.in/research1.html,https://doi.org/10.3390/e22090941,https://doi.org/10.3390/e22090941,False,page
https://cas.res.in/research1.html,https://doi.org/10.1007/s11042-020-10204-0,https://doi.org/10.1007/s11042-020-10204-0,False,page
https://cas.res.in/research1.html,https://doi.org/10.1007/s11517-020-02198-6,"https://doi.org/10.1007/s11517-020-02198-6, 2020",False,page
https://cas.res.in/research1.html,https://doi.org/10.1016/j.bspc.2019.101821,"https://doi.org/10.1016/j.bspc.2019.101821,2020",False,page
https://cas.res.in/research1.html,https://doi.org/10.1049/iet-map.2019.1028,"https://doi.org/10.1049/iet-map.2019.1028,2020",False,page
https://cas.res.in/research1.html,https://doi.org/10.1080/1478422X.2020.1763685,"https://doi.org/10.1080/1478422X.2020.1763685,2020",False,page
https://cas.res.in/research1.html,https://doi.org/10.1016/j.coco.2020.100407,"doi.org/10.1016/j.coco.2020.100407, 2020",False,page
https://cas.res.in/research1.html,https://doi.org/10.1016/j.molliq.2020.113797,"https://doi.org/10.1016/j.molliq.2020.113797,2020",False,page
https://cas.res.in/research1.html,https://doi.org/10.1016/j.cmpb.2020.105750,https://doi.org/10.1016/j.cmpb.2020.105750,False,page
https://cas.res.in/research1.html,https://doi.org/10.1016/j.measurement.2019.107078,https://doi.org/10.1016/j.measurement.2019.107078,False,page
https://cas.res.in/research1.html,https://doi.org/10.1007/s00521-019-04547-5,"https://doi.org/10.1007/s00521-019-04547-5, 2020",False,page
https://cas.res.in/research1.html,https://doi.org/10.1109/TED.2020.3031235,"https://doi.org/10.1109/TED.2020.3031235, 2020",False,page
https://cas.res.in/research1.html,https://doi.org/10.1007/s00521-018-3461-x,"https://doi.org/10.1007/s00521-018-3461-x., 2020",False,page
https://cas.res.in/research1.html,https://doi.org/10.1039/D0MA00240B,"https://doi.org/10.1039/D0MA00240B, 2020",False,page
https://cas.res.in/research1.html,https://doi.org/10.1109/TED.2020.2965020,"https://doi.1109/TED.2020.2965020, 2020",False,page
https://cas.res.in/research1.html,https://doi.org/10.1021/acsnano.9b05605,https://doi.org/10.1021/acsnano.9b05605,False,page
https://cas.res.in/research1.html,https://doi.org/10.1007/s10916-019-1260-2,doi.org/10.1007/ s10916-019-1260-2,False,page
https://cas.res.in/research1.html,https://doi.org/10.3390/app9030404,https://doi.org/10.3390/app9030404,False,page
https://cas.res.in/research1.html,https://www.sciencedirect.com/science/journal/02632241/148/supp/C,Volume 2019 148,False,page
https://cas.res.in/research1.html,https://doi.org/10.1016/j.measurement.2019.106969,"https://doi.org/10.1016/j.measurement.2019.106969, 2019",False,page
https://cas.res.in/research1.html,https://doi.org/10.1016/j.compbiomed.2019.103326,"https://doi.org/10.1016/j.compbiomed. 2019.103326, 2019",False,page
https://cas.res.in/research1.html,https://doi.org/10.4018/IJEHMC.2019010102,https://doi.4018/IJEHMC.2019010102,False,page
https://cas.res.in/research1.html,https://doi.org/10.1504/IJESDF.2019.10021732,"https://doi.org/10.1504/IJESDF.2019.10021732, 2019",False,page
https://cas.res.in/research1.html,https://doi.org/10.1016/j.optcom.2019.01.020,"https://doi.org/10.1016/j.optcom.2019.01.020, 2019",False,page
https://cas.res.in/research1.html,https://doi.org/10.1016/j.triboint.2019.03.007,"https://doi.org/10.1016/j.triboint.2019.03.007,2019",False,page
https://cas.res.in/research1.html,https://doi.org/10.1063/1.5010683,"https://doi.org/10.1063/1.5010683, 2018",False,page
https://cas.res.in/research1.html,https://doi.org/10.1007/s00521-018-3443-z,"https://doi.org/10.1007/s00521-018-3443-z, 2018",False,page
https://cas.res.in/research1.html,https://doi.org/10.1109/ACCESS.2018.2854784,https://doi.org/10.1109/ACCESS.2018.2854784,False,page
https://cas.res.in/research1.html,https://doi.org/10.1007/s00607-018-0638-1,"https://doi.org/10.1007/s00607-018-0638-1, 2018",False,page
https://cas.res.in/research1.html,"http://dx.doi.org/10.14569/IJACSA.2018.091067,%20Impact%20factor%200.17","http://dx.doi.org/10.14569/IJACSA.2018.091067, Impact factor –",False,page
https://cas.res.in/research1.html,https://doi.org/10.3390/app8112057,"https://doi.org/10.3390/app8112057, 2018",False,page
https://cas.res.in/research1.html,https://doi.org/10.1007/s10489-018-1352-6,"https://doi.org/10.1007/s10489-018-1352-6, 2018",False,page
https://cas.res.in/research1.html,https://doi.org/10.1504/IJSURFSE.2018.096744,https://doi. org/10.1504/IJSURFSE.2018.096744,False,page
https://cas.res.in/research1.html,https://doi.org/10.1007/978-981-16-1892-5_6,10.1007/978-981-16-1892-5_6,False,page
https://cas.res.in/research1.html,http://www.gpds.ulpgc.es/,Carlos M Travieso Gonzalez,False,page
https://cas.res.in/research1.html,https://doi.org/10.1145/3309772.3309788,10.1145/3309772.3309788,False,page
https://cas.res.in/research1.html,https://doi.org/10.1145/3309772.3309785,10.1145/3309772.3309785,False,page
https://cas.res.in/research1.html,http://dx.doi.org/10.2139/ssrn.3575417,http://dx.doi.org/10.2139/ssrn.3575417,False,page
https://cas.res.in/research1.html,https://ieeexplore.ieee.org/author/37086923057,Ankit Kumar,False,page
https://cas.res.in/research1.html,https://ieeexplore.ieee.org/author/37086922149,Ankita Dwivedi,False,page
https://cas.res.in/research1.html,https://ieeexplore.ieee.org/author/38256943900,Malay Kishore Dutta,False,page
https://cas.res.in/research1.html,https://ieeexplore.ieee.org/document/9077148/,A Zero watermarking Approach for Biometric Image Security,False,page
https://cas.res.in/research1.html,https://doi.org/10.1109/IC3A48958.2020.233268,10.1109/IC3A48958.2020.233268,False,page
https://cas.res.in/research1.html,https://ieeexplore.ieee.org/author/37086439651,"Dhruv Dahiya,",False,page
https://cas.res.in/research1.html,https://ieeexplore.ieee.org/author/37088375293,"Hardik Gupta,",False,page
https://cas.res.in/research1.html,https://ieeexplore.ieee.org/author/37088386557,Malay Kishore Dutta,False,page
https://cas.res.in/research1.html,https://ieeexplore.ieee.org/document/9077144/,A Deep Learning based Real Time Assistive Framework for Visually Impaired,False,page
https://cas.res.in/research1.html,https://doi.org/10.1109/IC3A48958.2020.233280,10.1109/IC3A48958.2020.233280,False,page
https://cas.res.in/research1.html,https://doi.org/10.1109/TSP.2019.8769077,10.1109/TSP.2019. 8769077,False,page
https://cas.res.in/research1.html,https://doi.org/10.1109/TSP.2019.8768887,10.1109/TSP.2019.8768887,False,page
https://cas.res.in/research1.html,https://ieeexplore.ieee.org/author/37088385119,Rakesh Chandra Joshi,False,page
https://cas.res.in/research1.html,https://ieeexplore.ieee.org/author/37088385879,Saumya Yadav,False,page
https://cas.res.in/research1.html,https://ieeexplore.ieee.org/author/37088388063,Astha Singh,False,page
https://cas.res.in/research1.html,https://ieeexplore.ieee.org/document/9077150/,"DWT, DCT and PBFO based Approach for Biometric Image Security",False,page
https://cas.res.in/research1.html,https://doi.org/10.1109/ICUMT48472.2019.8970870,10.1109/ ICUMT 48472. 2019. 8970870,False,page
https://cas.res.in/research1.html,https://doi.org/10.1109/ICUMT48472.2019.8970920,10.1109/ICUMT48472.2019.8970920,False,page
https://cas.res.in/research1.html,https://www.researchgate.net/deref/http%3A%2F%2Fdx.doi.org%2F10.1145%2F3378184.3378216,10.1145/3378184.3378216,False,page
https://cas.res.in/research1.html,https://doi.org/10.1109/IC3A48958.2020.233299,10.1109/IC3A48958.2020.233299,False,page
https://cas.res.in/research1.html,https://doi.org/10.1109/ICESC48915.2020.9155996,10.1109/ICESC48915.2020.9155996,False,page
https://cas.res.in/research1.html,https://doi.org/10.1109/IC3A48958.2020.233281,10.1109/IC3A48958.2020.233281,False,page
https://cas.res.in/research1.html,https://doi.org/10.1109/IC3A48958.2020.233295,10.1109/IC3A48958.2020.233295,False,page
https://cas.res.in/research1.html,https://doi.org/10.1145/3309772.3309783,10.1145/3309772.3309783,False,page
https://cas.res.in/research1.html,https://doi.org/10.1145/3309772.3309791,10.1145/3309772.3309791,False,page
https://cas.res.in/research1.html,https://doi.org/10.1109/TSP.2019.8768847,10.1109/TSP.2019.8768847,False,page
https://cas.res.in/research1.html,https://doi.org/10.1109/TSP.2019.8768894,10.1109/TSP.2019.8768894,False,page
https://cas.res.in/research1.html,https://doi.org/10.1109/TSP.2019.8768881,10.1109/TSP. 2019.8768881,False,page
https://cas.res.in/research1.html,https://doi.org/10.1109/TSP.2019.8768808,10 . 1109 /TSP .2019.8768808,False,page
https://cas.res.in/research1.html,https://doi.org/10.1109/TSP.2019.8769039,10.1109/TSP.2019.8769039,False,page
https://cas.res.in/research1.html,https://doi.org/10.1109/TSP.2019.8768856,10.1109/TSP.2019.8768856,False,page
https://cas.res.in/research1.html,https://doi.org/10.1016/j.matpr.2020.12.368,"https://doi.org/10.1016/j.matpr.2020.12.368, 2021",False,page
https://cas.res.in/research1.html,https://doi.org/10.1016/j.matpr.2020.12.691,"https://doi.org/10.1016/j.matpr.2020.12.691, 2021",False,page
https://cas.res.in/research1.html,https://doi.org/10.1109/ICACCCN51052.2020.9362804,10.1109/ICACCCN51052.2020.9362804,False,page
https://cas.res.in/research1.html,https://doi.org/10.1109/ICESC48915.2020.9156028,10.1109/ICESC48915.2020.9156028,False,page
https://cas.res.in/research1.html,https://dx.doi.org/10.2139/ssrn.3576379,http://dx.doi.org/10.2139/ssrn.3576379,False,page
https://cas.res.in/research1.html,https://doi.org/10.1007/978-3-030-39875-0_17,https://doi.org/10.1007/978-3-030-39875-0_17,False,page
https://cas.res.in/research1.html,http://dx.doi.org/10.1007/978-981-15-0146-3_69,10.1007/978-981-15-0146-3_69,False,page
https://cas.res.in/research1.html,https://doi.org/10.1109/ISCON47742.2019.9036214,10.1109/ISCON47742.2019.9036214,False,page
https://cas.res.in/research1.html,https://doi.org/10.1109/ISCON47742.2019.9036232,10. 1109/ ISCON47742.2019. 9036232,False,page
https://cas.res.in/research1.html,https://doi.org/10.1109/ISCON47742.2019.9036228,10.1109/ISCON47742.2019. 9036228,False,page
https://cas.res.in/research1.html,https://cas.res.in/images/innov/1.jpg,,True,document
https://cas.res.in/research1.html,https://cas.res.in/images/innov/2.jpg,,True,document
https://cas.res.in/research1.html,https://cas.res.in/images/innov/3.jpg,,True,document
https://cas.res.in/research1.html,https://cas.res.in/images/innov/5.jpg,,True,document
https://cas.res.in/research1.html,https://cas.res.in/images/innov/6.jpg,,True,document
https://cas.res.in/research1.html,https://cas.res.in/images/innov/7.jpg,,True,document
https://cas.res.in/research1.html,https://cas.res.in/images/innov/9.jpg,,True,document
https://cas.res.in/research1.html,https://cas.res.in/images/innov/10.jpg,,True,document
https://cas.res.in/research1.html,https://cas.res.in/images/innov/11.jpg,,True,document
https://cas.res.in/research1.html,https://cas.res.in/images/innov/13.jpg,,True,document
https://cas.res.in/research1.html,https://cas.res.in/images/innov/14.jpg,,True,document
https://cas.res.in/research1.html,https://cas.res.in/images/innov/2.jpeg,,True,document
https://cas.res.in/research1.html,https://cas.res.in/images/innov/16.jpg,,True,document
https://cas.res.in/research1.html,https://cas.res.in/images/innov/17.jpg,,True,document
https://cas.res.in/research1.html,https://cas.res.in/images/innov/18.jpg,,True,document
https://cas.res.in/research1.html,https://cas.res.in/images/innov/4.jpg,,True,document
https://cas.res.in/research1.html,https://cas.res.in/images/innov/8.jpg,,True,document
https://cas.res.in/research1.html,https://cas.res.in/images/innov/12.jpg,,True,document
https://cas.res.in/research1.html,https://cas.res.in/images/innov/15.jpg,,True,document
https://cas.res.in/research1.html,https://cas.res.in/pdf/DST_project1_biomedical_details_1pm.pdf,Click here to view More,True,document
https://cas.res.in/research1.html,https://cas.res.in/pdf/DST_project_2_blind_assistive.pdf,Click here to view More,True,document
https://cas.res.in/research1.html,https://cas.res.in/pdf/innov1.pdf,pdf,True,document
https://cas.res.in/research1.html,https://cas.res.in/pdf/innov2.pdf,pdf,True,document
https://cas.res.in/research1.html,https://cas.res.in/pdf/innov3.pdf,pdf,True,document
https://cas.res.in/research1.html,https://cas.res.in/pdf/innov4.pdf,pdf,True,document
https://cas.res.in/research1.html,https://cas.res.in/pdf/innov5.pdf,pdf,True,document
https://cas.res.in/research1.html,https://cas.res.in/pdf/innov6.pdf,pdf,True,document
https://cas.res.in/research1.html,https://cas.res.in/pdf/innov7.pdf,pdf,True,document
https://cas.res.in/research1.html,https://cas.res.in/pdf/innov8.pdf,pdf,True,document
https://cas.res.in/research1.html,https://cas.res.in/pdf/innov9.pdf,pdf,True,document
https://cas.res.in/research1.html,https://cas.res.in/pdf/Anam_fatima_Posters_research.pdf,pdf,True,document
https://cas.res.in/research1.html,https://cas.res.in/pdf/EMF_radiation_Posters_research.pdf,pdf,True,document
https://cas.res.in/research1.html,https://cas.res.in/pdf/Auto_immune_disease_Posters_research.pdf,pdf,True,document
https://cas.res.in/research1.html,https://cas.res.in/pdf/Covid_Posters_research.pdf,pdf,True,document
https://cas.res.in/research1.html,https://cas.res.in/pdf/Research Seminar_11.pdf,pdf,True,document
https://cas.res.in/research1.html,https://cas.res.in/pdf/Research Seminar_2.pdf,pdf,True,document
https://cas.res.in/research1.html,https://cas.res.in/pdf/Research Seminar_3.pdf,pdf,True,document
https://cas.res.in/research1.html,https://cas.res.in/pdf/Research Seminar_4.pdf,pdf,True,document
https://cas.res.in/research1.html,https://cas.res.in/pdf/Research Seminar_5.pdf,pdf,True,document
https://cas.res.in/research1.html,https://cas.res.in/pdf/Research Seminar_6.pdf,pdf,True,document
https://cas.res.in/research1.html,https://cas.res.in/pdf/Research Seminar_7.pdf,pdf,True,document
https://cas.res.in/research1.html,https://cas.res.in/pdf/rseminar8.pdf,pdf,True,document
https://cas.res.in/research1.html,https://cas.res.in/pdf/Research Seminar_9.pdf,pdf,True,document
https://cas.res.in/research1.html,https://cas.res.in/pdf/Research Seminar_10.pdf,pdf,True,document
https://cas.res.in/research1.html,https://cas.res.in/pdf/seminar11.pdf,pdf,True,document
https://cas.res.in/research1.html,https://cas.res.in/pdf/Research Seminar_12.pdf,pdf,True,document
https://cas.res.in/research1.html,https://cas.res.in/pdf/Research Seminar 15 - abstract.pdf,pdf,True,document
https://cas.res.in/research1.html,https://cas.res.in/pdf/W1-converted.pdf,Click here to view More,True,document
https://cas.res.in/research1.html,https://cas.res.in/pdf/W2-converted.pdf,Click here to view More,True,document
https://cas.res.in/research1.html,https://cas.res.in/pdf/W3 S1-converted.pdf,Click here to view More,True,document
https://cas.res.in/research1.html,https://cas.res.in/pdf/W3 S2-converted.pdf,Click here to view More,True,document
https://cas.res.in/research1.html,https://cas.res.in/pdf/W4 S1-converted.pdf,Click here to view More,True,document
https://cas.res.in/research1.html,https://cas.res.in/pdf/W4 S2-converted.pdf,Click here to view More,True,document
https://cas.res.in/research1.html,https://cas.res.in/pdf/W5-converted.pdf,Click here to view More,True,document
https://cas.res.in/research1.html,https://cas.res.in/pdf/W7 S1-converted.pdf,Click here to view More,True,document
https://cas.res.in/research1.html,https://cas.res.in/pdf/W7 S2-converted.pdf,Click here to view More,True,document
https://cas.res.in/research1.html,https://cas.res.in/pdf/w8new-converted.pdf,Click here to view More,True,document
https://cas.res.in/research1.html,https://www.sciencedirect.com/science/journal/17468094/57/supp/C,Volume 57,False,page
https://cas.res.in/research1.html,https://cas.res.in/,"Centre for Advanced Studies (CAS, AKTU)",True,page
https://cas.res.in/infra.html,https://cas.res.in/index.html,Home,True,page
https://cas.res.in/infra.html,https://cas.res.in/director.html,Director,True,page
https://cas.res.in/infra.html,https://cas.res.in/faculty.html,Current Faculty,True,page
https://cas.res.in/infra.html,https://cas.res.in/visitingfaculty.html,Visiting Faculty,True,page
https://cas.res.in/infra.html,https://cas.res.in/pastfaculty.html,Past Faculty,True,page
https://cas.res.in/infra.html,https://cas.res.in/staff.html,Staff,True,page
https://cas.res.in/infra.html,https://cas.res.in/Mtechcse.html,Computer Science Engineering,True,page
https://cas.res.in/infra.html,https://cas.res.in/mtechnano.html,Nanotechnology,True,page
https://cas.res.in/infra.html,https://cas.res.in/mtechenergy.html,Energy Science & Technology,True,page
https://cas.res.in/infra.html,https://cas.res.in/mtechmecha.html,Mechatronics,True,page
https://cas.res.in/infra.html,https://cas.res.in/mtechmanufacturing.html,Manufacturing Technology & Automation,True,page
https://cas.res.in/infra.html,https://cas.res.in/csephd.html,PHD Program,True,page
https://cas.res.in/infra.html,https://cas.res.in/pdf/CAS%20M.Tech%20Ordinance%20-%20Revised%20after%20BOS.pdf,M.Tech Ordinance,True,document
https://cas.res.in/infra.html,https://cas.res.in/pdf/Ph.D%20ordinance.pdf,PHD Ordinance,True,document
https://cas.res.in/infra.html,https://cas.res.in/pdf/SCIE%20Journal%20List%20with%20Impactfactor.pdf,List Of SCIE Journals,True,document
https://cas.res.in/infra.html,https://cas.res.in/cse1.html,Computer Science Engineering,True,page
https://cas.res.in/infra.html,https://cas.res.in/nano1.html,Nanotechnology,True,page
https://cas.res.in/infra.html,https://cas.res.in/est1.html,Energy Science & Technology,True,page
https://cas.res.in/infra.html,https://cas.res.in/mecha1.html,Mechatronics,True,page
https://cas.res.in/infra.html,https://cas.res.in/manu1.html,Manufacturing Technology & Automation,True,page
https://cas.res.in/infra.html,https://cas.res.in/apply-to-M.Tech.html,MTech,True,page
https://cas.res.in/infra.html,https://cas.res.in/apply-to-PhD.html,PhD,True,page
https://cas.res.in/infra.html,https://cas.res.in/feedetails.html,Fees,True,page
https://cas.res.in/infra.html,https://cas.res.in/hostel.html,Hostel Details,True,page
https://cas.res.in/infra.html,https://cas.res.in/research1.html,Research,True,page
https://cas.res.in/infra.html,https://cas.res.in/infra.html,LABS,True,page
https://cas.res.in/infra.html,https://cas.res.in/equip.html,Major Equipments,True,page
https://cas.res.in/infra.html,https://cas.res.in/library.html,Library,True,page
https://cas.res.in/infra.html,https://cas.res.in/geninfra.html,General Infrastructure,True,page
https://cas.res.in/infra.html,https://cas.res.in/campustour/index.html,Campus Tour,True,page
https://cas.res.in/infra.html,https://youtu.be/wuBRMYGzK8g,Video Tour,False,page
https://cas.res.in/infra.html,https://cas.res.in/studentlyf.html,Student's Life,True,page
https://cas.res.in/infra.html,https://cas.res.in/studentpub.html,Student's Publication,True,page
https://cas.res.in/infra.html,https://cas.res.in/alumni.html,Alumni,True,page
https://cas.res.in/infra.html,https://cas.res.in/studentinno.html,Innovation Gallery,True,page
https://cas.res.in/infra.html,https://cas.res.in/activities.html,Activities,True,page
https://cas.res.in/infra.html,https://cas.res.in/contact1.html,Contact,True,page
https://cas.res.in/infra.html,https://cas.res.in/images/ai/ai.jpeg,,True,document
https://cas.res.in/infra.html,https://cas.res.in/pdf/AI LAB CAS.pdf,(View Details),True,document
https://cas.res.in/infra.html,https://cas.res.in/images/robo/Robotic-1.jpeg,,True,document
https://cas.res.in/infra.html,https://cas.res.in/images/robo/Robotic-4.jpeg,,True,document
https://cas.res.in/infra.html,https://cas.res.in/images/robo/Robotic-5.jpeg,,True,document
https://cas.res.in/infra.html,https://cas.res.in/images/auto/1.jpeg,,True,document
https://cas.res.in/infra.html,https://cas.res.in/images/auto/2.jpeg,,True,document
https://cas.res.in/infra.html,https://cas.res.in/images/auto/3.jpeg,,True,document
https://cas.res.in/infra.html,https://cas.res.in/images/gcl/2.JPG,,True,document
https://cas.res.in/infra.html,https://cas.res.in/images/gcl/3.JPG,,True,document
https://cas.res.in/infra.html,https://cas.res.in/images/gcl/5.JPG,,True,document
https://cas.res.in/infra.html,https://cas.res.in/images/mechalab/3D printing Lab-2.jpeg,,True,document
https://cas.res.in/infra.html,https://cas.res.in/images/mechalab/3D printing Lab-3.jpeg,,True,document
https://cas.res.in/infra.html,https://cas.res.in/images/mechalab/3D printing Lab-4.jpeg,,True,document
https://cas.res.in/infra.html,https://cas.res.in/images/cybercity/1.JPG,,True,document
https://cas.res.in/infra.html,https://cas.res.in/images/cybercity/2.JPG,,True,document
https://cas.res.in/infra.html,https://cas.res.in/images/cybercity/5.JPG,,True,document
https://cas.res.in/infra.html,https://cas.res.in/images/DesignSimulation/Design and Simulation Center 1.jpeg,,True,document
https://cas.res.in/infra.html,https://cas.res.in/images/DesignSimulation/Design and Simulation Center 2.jpeg,,True,document
https://cas.res.in/infra.html,https://cas.res.in/images/DesignSimulation/Design and Simulation Center 3.jpeg,,True,document
https://cas.res.in/infra.html,https://cas.res.in/images/sensorslab/1.JPG,,True,document
https://cas.res.in/infra.html,https://cas.res.in/images/sensorslab/2.JPG,,True,document
https://cas.res.in/infra.html,https://cas.res.in/images/sensorslab/3.JPG,,True,document
https://cas.res.in/infra.html,https://cas.res.in/images/ict/1.jpg,,True,document
https://cas.res.in/infra.html,https://cas.res.in/images/ict/4.png,,True,document
https://cas.res.in/infra.html,https://cas.res.in/images/ict/5.png,,True,document
https://cas.res.in/infra.html,https://cas.res.in/images/ai/iot.jpg,,True,document
https://cas.res.in/infra.html,https://cas.res.in/images/nano/1.jpg,,True,document
https://cas.res.in/infra.html,https://cas.res.in/images/nano/2.jpg,,True,document
https://cas.res.in/infra.html,https://cas.res.in/images/nano/3.jpg,,True,document
https://cas.res.in/infra.html,https://cas.res.in/images/nano/4.jpg,,True,document
https://cas.res.in/infra.html,https://cas.res.in/images/nano/5.jpg,,True,document
https://cas.res.in/infra.html,https://cas.res.in/images/nano/6.jpg,,True,document
https://cas.res.in/infra.html,https://cas.res.in/images/nanoenergy/6.jpeg,,True,document
https://cas.res.in/infra.html,https://cas.res.in/images/nanoenergy/photo1.JPG,,True,document
https://cas.res.in/infra.html,https://cas.res.in/images/nanoenergy/photo2.JPG,,True,document
https://cas.res.in/infra.html,https://cas.res.in/images/nano/nanofab.JPG,,True,document
https://cas.res.in/infra.html,https://cas.res.in/pdf/nanofab.pdf,(View Details),True,document
https://cas.res.in/infra.html,https://cas.res.in/images/mechalab/1.png,,True,document
https://cas.res.in/infra.html,https://cas.res.in/images/mechalab/tribology2.jpg,,True,document
https://cas.res.in/infra.html,https://cas.res.in/images/mechalab/tribology3.jpg,,True,document
https://cas.res.in/infra.html,https://cas.res.in/images/nanoenergy/7.jpeg,,True,document
https://cas.res.in/infra.html,https://cas.res.in/pdf/estlab.pdf,(View Details),True,document
https://cas.res.in/infra.html,https://cas.res.in/,"Centre for Advanced Studies (CAS, AKTU)",True,page
https://cas.res.in/equip.html,https://cas.res.in/index.html,Home,True,page
https://cas.res.in/equip.html,https://cas.res.in/director.html,Director,True,page
https://cas.res.in/equip.html,https://cas.res.in/faculty.html,Current Faculty,True,page
https://cas.res.in/equip.html,https://cas.res.in/visitingfaculty.html,Visiting Faculty,True,page
https://cas.res.in/equip.html,https://cas.res.in/pastfaculty.html,Past Faculty,True,page
https://cas.res.in/equip.html,https://cas.res.in/staff.html,Staff,True,page
https://cas.res.in/equip.html,https://cas.res.in/Mtechcse.html,Computer Science Engineering,True,page
https://cas.res.in/equip.html,https://cas.res.in/mtechnano.html,Nanotechnology,True,page
https://cas.res.in/equip.html,https://cas.res.in/mtechenergy.html,Energy Science & Technology,True,page
https://cas.res.in/equip.html,https://cas.res.in/mtechmecha.html,Mechatronics,True,page
https://cas.res.in/equip.html,https://cas.res.in/mtechmanufacturing.html,Manufacturing Technology & Automation,True,page
https://cas.res.in/equip.html,https://cas.res.in/csephd.html,PHD Program,True,page
https://cas.res.in/equip.html,https://cas.res.in/pdf/CAS%20M.Tech%20Ordinance%20-%20Revised%20after%20BOS.pdf,M.Tech Ordinance,True,document
https://cas.res.in/equip.html,https://cas.res.in/pdf/Ph.D%20ordinance.pdf,PHD Ordinance,True,document
https://cas.res.in/equip.html,https://cas.res.in/pdf/SCIE%20Journal%20List%20with%20Impactfactor.pdf,List Of SCIE Journals,True,document
https://cas.res.in/equip.html,https://cas.res.in/cse1.html,Computer Science Engineering,True,page
https://cas.res.in/equip.html,https://cas.res.in/nano1.html,Nanotechnology,True,page
https://cas.res.in/equip.html,https://cas.res.in/est1.html,Energy Science & Technology,True,page
https://cas.res.in/equip.html,https://cas.res.in/mecha1.html,Mechatronics,True,page
https://cas.res.in/equip.html,https://cas.res.in/manu1.html,Manufacturing Technology & Automation,True,page
https://cas.res.in/equip.html,https://cas.res.in/apply-to-M.Tech.html,MTech,True,page
https://cas.res.in/equip.html,https://cas.res.in/apply-to-PhD.html,PhD,True,page
https://cas.res.in/equip.html,https://cas.res.in/feedetails.html,Fees,True,page
https://cas.res.in/equip.html,https://cas.res.in/hostel.html,Hostel Details,True,page
https://cas.res.in/equip.html,https://cas.res.in/research1.html,Research,True,page
https://cas.res.in/equip.html,https://cas.res.in/infra.html,LABS,True,page
https://cas.res.in/equip.html,https://cas.res.in/equip.html,Major Equipments,True,page
https://cas.res.in/equip.html,https://cas.res.in/library.html,Library,True,page
https://cas.res.in/equip.html,https://cas.res.in/geninfra.html,General Infrastructure,True,page
https://cas.res.in/equip.html,https://cas.res.in/campustour/index.html,Campus Tour,True,page
https://cas.res.in/equip.html,https://youtu.be/wuBRMYGzK8g,Video Tour,False,page
https://cas.res.in/equip.html,https://cas.res.in/studentlyf.html,Student's Life,True,page
https://cas.res.in/equip.html,https://cas.res.in/studentpub.html,Student's Publication,True,page
https://cas.res.in/equip.html,https://cas.res.in/alumni.html,Alumni,True,page
https://cas.res.in/equip.html,https://cas.res.in/studentinno.html,Innovation Gallery,True,page
https://cas.res.in/equip.html,https://cas.res.in/activities.html,Activities,True,page
https://cas.res.in/equip.html,https://cas.res.in/contact1.html,Contact,True,page
https://cas.res.in/equip.html,https://cas.res.in/,"Centre for Advanced Studies (CAS, AKTU)",True,page
https://cas.res.in/library.html,https://cas.res.in/index.html,Home,True,page
https://cas.res.in/library.html,https://cas.res.in/director.html,Director,True,page
https://cas.res.in/library.html,https://cas.res.in/blog-full-right-sidebar-with-frame.html,Students,True,page
https://cas.res.in/library.html,https://cas.res.in/faculty.html,Current Faculty,True,page
https://cas.res.in/library.html,https://cas.res.in/visitingfaculty.html,Visiting Faculty,True,page
https://cas.res.in/library.html,https://cas.res.in/pastfaculty.html.html,Past Faculty,True,page
https://cas.res.in/library.html,https://cas.res.in/staff.html,Staff,True,page
https://cas.res.in/library.html,https://cas.res.in/mtechstudents.html,MTech Students,True,page
https://cas.res.in/library.html,https://cas.res.in/phdstudents.html,PhD Students,True,page
https://cas.res.in/library.html,https://cas.res.in/Mtechcse.html,Computer Science Engineering,True,page
https://cas.res.in/library.html,https://cas.res.in/mtechmecha.html,Mechatronics,True,page
https://cas.res.in/library.html,https://cas.res.in/mtechnano.html,Nanotechnology,True,page
https://cas.res.in/library.html,https://cas.res.in/mtechmanufacturing.html,Manufacturing Technology & Automation,True,page
https://cas.res.in/library.html,https://cas.res.in/mtechenergy.html,Energy Science & Technology,True,page
https://cas.res.in/library.html,https://cas.res.in/csephd.html,PHD Program,True,page
https://cas.res.in/library.html,https://cas.res.in/mechaphd.html,Mechatronics,True,page
https://cas.res.in/library.html,https://cas.res.in/phdnano.html,Nanotechnology,True,page
https://cas.res.in/library.html,https://cas.res.in/pdf/CAS M.Tech Ordinance - Revised after BOS.pdf,M.Tech. Ordinance,True,document
https://cas.res.in/library.html,https://cas.res.in/pdf/Ph.D ordinance.pdf,Phd Ordinance,True,document
https://cas.res.in/library.html,https://cas.res.in/pdf/SCIE Journal List with Impactfactor.pdf,List of SCIE Journals,True,document
https://cas.res.in/library.html,https://cas.res.in/apply-to-M.Tech.html,MTech,True,page
https://cas.res.in/library.html,https://cas.res.in/apply-to-PhD.html,PhD,True,page
https://cas.res.in/library.html,https://cas.res.in/feedetails.html,Fees,True,page
https://cas.res.in/library.html,https://cas.res.in/hostel.html,Hostel Details,True,page
https://cas.res.in/library.html,https://cas.res.in/coronarsch.html,Covid-19 Interventions,True,page
https://cas.res.in/library.html,https://cas.res.in/Research.html,Faculty Research,True,page
https://cas.res.in/library.html,https://cas.res.in/studentinno.html,Innovation Gallery,True,page
https://cas.res.in/library.html,https://cas.res.in/phdrsch.html,Doctoral Student Research,True,page
https://cas.res.in/library.html,https://cas.res.in/gallery.html,Events,True,page
https://cas.res.in/library.html,https://cas.res.in/fdp.html,Faculty Development Programs,True,page
https://cas.res.in/library.html,https://cas.res.in/pdf/AGRAGAMAN 2020_FINAL-07-07-2020 (1).pdf,Agragaman-2020,True,document
https://cas.res.in/library.html,https://cas.res.in/contact.html,Contact Us,True,page
https://cas.res.in/library.html,https://cas.res.in/pastfaculty.html,Past Faculty,True,page
https://cas.res.in/library.html,https://cas.res.in/pdf/CAS%20M.Tech%20Ordinance%20-%20Revised%20after%20BOS.pdf,M.Tech Ordinance,True,document
https://cas.res.in/library.html,https://cas.res.in/pdf/Ph.D%20ordinance.pdf,PHD Ordinance,True,document
https://cas.res.in/library.html,https://cas.res.in/pdf/SCIE%20Journal%20List%20with%20Impactfactor.pdf,List Of SCIE Journals,True,document
https://cas.res.in/library.html,https://cas.res.in/cse1.html,Computer Science Engineering,True,page
https://cas.res.in/library.html,https://cas.res.in/nano1.html,Nanotechnology,True,page
https://cas.res.in/library.html,https://cas.res.in/est1.html,Energy Science & Technology,True,page
https://cas.res.in/library.html,https://cas.res.in/mecha1.html,Mechatronics,True,page
https://cas.res.in/library.html,https://cas.res.in/manu1.html,Manufacturing Technology & Automation,True,page
https://cas.res.in/library.html,https://cas.res.in/research1.html,Research,True,page
https://cas.res.in/library.html,https://cas.res.in/infra.html,LABS,True,page
https://cas.res.in/library.html,https://cas.res.in/equip.html,Major Equipments,True,page
https://cas.res.in/library.html,https://cas.res.in/library.html,Library,True,page
https://cas.res.in/library.html,https://cas.res.in/geninfra.html,General Infrastructure,True,page
https://cas.res.in/library.html,https://cas.res.in/campustour/index.html,Campus Tour,True,page
https://cas.res.in/library.html,https://youtu.be/wuBRMYGzK8g,Video Tour,False,page
https://cas.res.in/library.html,https://cas.res.in/studentlyf.html,Student's Life,True,page
https://cas.res.in/library.html,https://cas.res.in/studentpub.html,Student's Publication,True,page
https://cas.res.in/library.html,https://cas.res.in/alumni.html,Alumni,True,page
https://cas.res.in/library.html,https://cas.res.in/activities.html,Activities,True,page
https://cas.res.in/library.html,https://cas.res.in/contact1.html,Contact,True,page
https://cas.res.in/library.html,https://cas.res.in/library/BSP ebook-Urls.pdf,BSP ebooks,True,document
https://cas.res.in/library.html,https://cas.res.in/library/BPSE2022.pdf,E-Books BSP 2022,True,document
https://cas.res.in/library.html,https://cas.res.in/library/bspebooks.pdf,List of E-Books BSP Books,True,document
https://cas.res.in/library.html,https://cas.res.in/library/cambridge.pdf,Cambridge e-books,True,document
https://cas.res.in/library.html,https://cas.res.in/library/elsevier2021.pdf,Elsevier List of E-Books,True,document
https://cas.res.in/library.html,https://cas.res.in/library/elsevier2022.pdf,Elsevier List of E-Books 2022,True,document
https://cas.res.in/library.html,https://cas.res.in/library/E-books Purchased 2020-2022.pdf,E-books Purchased 2020-2022,True,document
https://cas.res.in/library.html,https://cas.res.in/library/E-Consortium -perpetual books details.pdf,E-Consortium -perpetual books details,True,document
https://cas.res.in/library.html,https://cas.res.in/library/mghaktu.pdf,MGH-AKTU Purchased Title- URLs,True,document
https://cas.res.in/library.html,https://cas.res.in/library/newageebooks.pdf,LIST OF 220 NEW AGE E-BOOKS WITH THEIR URL,True,document
https://cas.res.in/library.html,https://cas.res.in/library/ONOS.pdf,One Nation One Subscription (ONOS),True,document
https://cas.res.in/library.html,https://cas.res.in/library/pearson.pdf,Pearson Education -AKTU 94 titles,True,document
https://cas.res.in/library.html,https://cas.res.in/library/PHI-AKTU Final List of Titles.pdf,PHI List of Titles,True,document
https://cas.res.in/library.html,https://cas.res.in/library/springer2018.pdf,Springer Ebooks Engineering,True,document
https://cas.res.in/library.html,https://cas.res.in/library/springer2022.pdf,Springer Ebooks 2022,True,document
https://cas.res.in/library.html,https://cas.res.in/library/T&F.pdf,Taylor & Francis eBook Titles,True,document
https://cas.res.in/library.html,https://onos.gov.in/,https://onos.gov.in,False,page
https://cas.res.in/library.html,https://cas.res.in/librarymsg.html,(Read More),True,page
https://cas.res.in/library.html,https://onos.gov.in/publishers,ONOS Initiative,False,page
https://cas.res.in/library.html,http://10.135.28.245:8081/,OPAC,False,page
https://cas.res.in/library.html,https://admin.club.ndl.iitkgp.ac.in/,National Digital Library,False,page
https://cas.res.in/library.html,https://www.scopus.com,SCOPUS,False,page
https://cas.res.in/library.html,https://www.webofscience.com,Web of Science,False,page
https://cas.res.in/library.html,https://elibrary.phindia.com/ebooks/TjoRI3rSeY6DS8bIPNLO4w==,PHI E-Books Access,False,page
https://cas.res.in/library.html,https://www.sciencedirect.com/book,Elsevier E-Books,False,page
https://cas.res.in/library.html,https://link.springer.com/,Springer E-Books,False,page
https://cas.res.in/library.html,https://ebookcentral.proquest.com/ebc/lib/draktulko,Pearson E-books,False,page
https://cas.res.in/library.html,https://resolver.vitalsource.com/?brand=mcgrawhillindia.vitalsource.com,MGH E-Books,False,page
https://cas.res.in/library.html,https://digital.elib4u.com/my-library,New Age International E-Books,False,page
https://cas.res.in/library.html,https://ebookstore.bspublications.net/,BSP E-Books Access,False,page
https://cas.res.in/library.html,https://academic.oup.com/,Oxford University Press E-Books,False,page
https://cas.res.in/library.html,https://taylorandfrancis.com/,Taylor and Francis E-Books,False,page
https://cas.res.in/library.html,https://cas.res.in/,"Center for Avanced Studies (CAS, AKTU)",True,page
https://cas.res.in/geninfra.html,https://cas.res.in/index.html,Home,True,page
https://cas.res.in/geninfra.html,https://cas.res.in/director.html,Director,True,page
https://cas.res.in/geninfra.html,https://cas.res.in/faculty.html,Current Faculty,True,page
https://cas.res.in/geninfra.html,https://cas.res.in/visitingfaculty.html,Visiting Faculty,True,page
https://cas.res.in/geninfra.html,https://cas.res.in/pastfaculty.html,Past Faculty,True,page
https://cas.res.in/geninfra.html,https://cas.res.in/staff.html,Staff,True,page
https://cas.res.in/geninfra.html,https://cas.res.in/Mtechcse.html,Computer Science Engineering,True,page
https://cas.res.in/geninfra.html,https://cas.res.in/mtechnano.html,Nanotechnology,True,page
https://cas.res.in/geninfra.html,https://cas.res.in/mtechenergy.html,Energy Science & Technology,True,page
https://cas.res.in/geninfra.html,https://cas.res.in/mtechmecha.html,Mechatronics,True,page
https://cas.res.in/geninfra.html,https://cas.res.in/mtechmanufacturing.html,Manufacturing Technology & Automation,True,page
https://cas.res.in/geninfra.html,https://cas.res.in/csephd.html,PHD Program,True,page
https://cas.res.in/geninfra.html,https://cas.res.in/pdf/CAS%20M.Tech%20Ordinance%20-%20Revised%20after%20BOS.pdf,M.Tech Ordinance,True,document
https://cas.res.in/geninfra.html,https://cas.res.in/pdf/Ph.D%20ordinance.pdf,PHD Ordinance,True,document
https://cas.res.in/geninfra.html,https://cas.res.in/pdf/SCIE%20Journal%20List%20with%20Impactfactor.pdf,List Of SCIE Journals,True,document
https://cas.res.in/geninfra.html,https://cas.res.in/cse1.html,Computer Science Engineering,True,page
https://cas.res.in/geninfra.html,https://cas.res.in/nano1.html,Nanotechnology,True,page
https://cas.res.in/geninfra.html,https://cas.res.in/est1.html,Energy Science & Technology,True,page
https://cas.res.in/geninfra.html,https://cas.res.in/mecha1.html,Mechatronics,True,page
https://cas.res.in/geninfra.html,https://cas.res.in/manu1.html,Manufacturing Technology & Automation,True,page
https://cas.res.in/geninfra.html,https://cas.res.in/apply-to-M.Tech.html,MTech,True,page
https://cas.res.in/geninfra.html,https://cas.res.in/apply-to-PhD.html,PhD,True,page
https://cas.res.in/geninfra.html,https://cas.res.in/feedetails.html,Fees,True,page
https://cas.res.in/geninfra.html,https://cas.res.in/hostel.html,Hostel Details,True,page
https://cas.res.in/geninfra.html,https://cas.res.in/research1.html,Research,True,page
https://cas.res.in/geninfra.html,https://cas.res.in/infra.html,LABS,True,page
https://cas.res.in/geninfra.html,https://cas.res.in/equip.html,Major Equipments,True,page
https://cas.res.in/geninfra.html,https://cas.res.in/library.html,Library,True,page
https://cas.res.in/geninfra.html,https://cas.res.in/geninfra.html,General Infrastructure,True,page
https://cas.res.in/geninfra.html,https://cas.res.in/campustour/index.html,Campus Tour,True,page
https://cas.res.in/geninfra.html,https://youtu.be/wuBRMYGzK8g,Video Tour,False,page
https://cas.res.in/geninfra.html,https://cas.res.in/studentlyf.html,Student's Life,True,page
https://cas.res.in/geninfra.html,https://cas.res.in/studentpub.html,Student's Publication,True,page
https://cas.res.in/geninfra.html,https://cas.res.in/alumni.html,Alumni,True,page
https://cas.res.in/geninfra.html,https://cas.res.in/studentinno.html,Innovation Gallery,True,page
https://cas.res.in/geninfra.html,https://cas.res.in/activities.html,Activities,True,page
https://cas.res.in/geninfra.html,https://cas.res.in/contact1.html,Contact,True,page
https://cas.res.in/geninfra.html,https://cas.res.in/,"Center for Avanced Studies (CAS, AKTU)",True,page
https://cas.res.in/studentlyf.html,https://cas.res.in/index.html,Home,True,page
https://cas.res.in/studentlyf.html,https://cas.res.in/director.html,Director,True,page
https://cas.res.in/studentlyf.html,https://cas.res.in/faculty.html,Current Faculty,True,page
https://cas.res.in/studentlyf.html,https://cas.res.in/visitingfaculty.html,Visiting Faculty,True,page
https://cas.res.in/studentlyf.html,https://cas.res.in/pastfaculty.html,Past Faculty,True,page
https://cas.res.in/studentlyf.html,https://cas.res.in/staff.html,Staff,True,page
https://cas.res.in/studentlyf.html,https://cas.res.in/Mtechcse.html,Computer Science Engineering,True,page
https://cas.res.in/studentlyf.html,https://cas.res.in/mtechnano.html,Nanotechnology,True,page
https://cas.res.in/studentlyf.html,https://cas.res.in/mtechenergy.html,Energy Science & Technology,True,page
https://cas.res.in/studentlyf.html,https://cas.res.in/mtechmecha.html,Mechatronics,True,page
https://cas.res.in/studentlyf.html,https://cas.res.in/mtechmanufacturing.html,Manufacturing Technology & Automation,True,page
https://cas.res.in/studentlyf.html,https://cas.res.in/csephd.html,PHD Program,True,page
https://cas.res.in/studentlyf.html,https://cas.res.in/pdf/CAS%20M.Tech%20Ordinance%20-%20Revised%20after%20BOS.pdf,M.Tech Ordinance,True,document
https://cas.res.in/studentlyf.html,https://cas.res.in/pdf/Ph.D%20ordinance.pdf,PHD Ordinance,True,document
https://cas.res.in/studentlyf.html,https://cas.res.in/pdf/SCIE%20Journal%20List%20with%20Impactfactor.pdf,List Of SCIE Journals,True,document
https://cas.res.in/studentlyf.html,https://cas.res.in/cse1.html,Computer Science Engineering,True,page
https://cas.res.in/studentlyf.html,https://cas.res.in/nano1.html,Nanotechnology,True,page
https://cas.res.in/studentlyf.html,https://cas.res.in/est1.html,Energy Science & Technology,True,page
https://cas.res.in/studentlyf.html,https://cas.res.in/mecha1.html,Mechatronics,True,page
https://cas.res.in/studentlyf.html,https://cas.res.in/manu1.html,Manufacturing Technology & Automation,True,page
https://cas.res.in/studentlyf.html,https://cas.res.in/apply-to-M.Tech.html,MTech,True,page
https://cas.res.in/studentlyf.html,https://cas.res.in/apply-to-PhD.html,PhD,True,page
https://cas.res.in/studentlyf.html,https://cas.res.in/feedetails.html,Fees,True,page
https://cas.res.in/studentlyf.html,https://cas.res.in/hostel.html,Hostel Details,True,page
https://cas.res.in/studentlyf.html,https://cas.res.in/research1.html,Research,True,page
https://cas.res.in/studentlyf.html,https://cas.res.in/infra.html,LABS,True,page
https://cas.res.in/studentlyf.html,https://cas.res.in/equip.html,Major Equipments,True,page
https://cas.res.in/studentlyf.html,https://cas.res.in/library.html,Library,True,page
https://cas.res.in/studentlyf.html,https://cas.res.in/geninfra.html,General Infrastructure,True,page
https://cas.res.in/studentlyf.html,https://cas.res.in/campustour/index.html,Campus Tour,True,page
https://cas.res.in/studentlyf.html,https://youtu.be/wuBRMYGzK8g,Video Tour,False,page
https://cas.res.in/studentlyf.html,https://cas.res.in/studentlyf.html,Student's Life,True,page
https://cas.res.in/studentlyf.html,https://cas.res.in/studentpub.html,Student's Publication,True,page
https://cas.res.in/studentlyf.html,https://cas.res.in/alumni.html,Alumni,True,page
https://cas.res.in/studentlyf.html,https://cas.res.in/studentinno.html,Innovation Gallery,True,page
https://cas.res.in/studentlyf.html,https://cas.res.in/activities.html,Activities,True,page
https://cas.res.in/studentlyf.html,https://cas.res.in/contact1.html,Contact,True,page
https://cas.res.in/studentlyf.html,https://cas.res.in/,"Centre for Advanced Studies (CAS, AKTU)",True,page
https://cas.res.in/studentpub.html,https://cas.res.in/index.html,Home,True,page
https://cas.res.in/studentpub.html,https://cas.res.in/director.html,Director,True,page
https://cas.res.in/studentpub.html,https://cas.res.in/faculty.html,Current Faculty,True,page
https://cas.res.in/studentpub.html,https://cas.res.in/visitingfaculty.html,Visiting Faculty,True,page
https://cas.res.in/studentpub.html,https://cas.res.in/pastfaculty.html,Past Faculty,True,page
https://cas.res.in/studentpub.html,https://cas.res.in/staff.html,Staff,True,page
https://cas.res.in/studentpub.html,https://cas.res.in/Mtechcse.html,Computer Science Engineering,True,page
https://cas.res.in/studentpub.html,https://cas.res.in/mtechnano.html,Nanotechnology,True,page
https://cas.res.in/studentpub.html,https://cas.res.in/mtechenergy.html,Energy Science & Technology,True,page
https://cas.res.in/studentpub.html,https://cas.res.in/mtechmecha.html,Mechatronics,True,page
https://cas.res.in/studentpub.html,https://cas.res.in/mtechmanufacturing.html,Manufacturing Technology & Automation,True,page
https://cas.res.in/studentpub.html,https://cas.res.in/csephd.html,PHD Program,True,page
https://cas.res.in/studentpub.html,https://cas.res.in/pdf/CAS%20M.Tech%20Ordinance%20-%20Revised%20after%20BOS.pdf,M.Tech Ordinance,True,document
https://cas.res.in/studentpub.html,https://cas.res.in/pdf/Ph.D%20ordinance.pdf,PHD Ordinance,True,document
https://cas.res.in/studentpub.html,https://cas.res.in/pdf/SCIE%20Journal%20List%20with%20Impactfactor.pdf,List Of SCIE Journals,True,document
https://cas.res.in/studentpub.html,https://cas.res.in/cse1.html,Computer Science Engineering,True,page
https://cas.res.in/studentpub.html,https://cas.res.in/nano1.html,Nanotechnology,True,page
https://cas.res.in/studentpub.html,https://cas.res.in/est1.html,Energy Science & Technology,True,page
https://cas.res.in/studentpub.html,https://cas.res.in/mecha1.html,Mechatronics,True,page
https://cas.res.in/studentpub.html,https://cas.res.in/manu1.html,Manufacturing Technology & Automation,True,page
https://cas.res.in/studentpub.html,https://cas.res.in/apply-to-M.Tech.html,MTech,True,page
https://cas.res.in/studentpub.html,https://cas.res.in/apply-to-PhD.html,PhD,True,page
https://cas.res.in/studentpub.html,https://cas.res.in/feedetails.html,Fees,True,page
https://cas.res.in/studentpub.html,https://cas.res.in/hostel.html,Hostel Details,True,page
https://cas.res.in/studentpub.html,https://cas.res.in/research1.html,Research,True,page
https://cas.res.in/studentpub.html,https://cas.res.in/infra.html,LABS,True,page
https://cas.res.in/studentpub.html,https://cas.res.in/equip.html,Major Equipments,True,page
https://cas.res.in/studentpub.html,https://cas.res.in/library.html,Library,True,page
https://cas.res.in/studentpub.html,https://cas.res.in/geninfra.html,General Infrastructure,True,page
https://cas.res.in/studentpub.html,https://cas.res.in/campustour/index.html,Campus Tour,True,page
https://cas.res.in/studentpub.html,https://youtu.be/wuBRMYGzK8g,Video Tour,False,page
https://cas.res.in/studentpub.html,https://cas.res.in/studentlyf.html,Student's Life,True,page
https://cas.res.in/studentpub.html,https://cas.res.in/studentpub.html,Student's Publication,True,page
https://cas.res.in/studentpub.html,https://cas.res.in/alumni.html,Alumni,True,page
https://cas.res.in/studentpub.html,https://cas.res.in/studentinno.html,Innovation Gallery,True,page
https://cas.res.in/studentpub.html,https://cas.res.in/activities.html,Activities,True,page
https://cas.res.in/studentpub.html,https://cas.res.in/contact1.html,Contact,True,page
https://cas.res.in/studentpub.html,https://doi.org/10.1016/j.cmpb.2022.106727,doi.org/10.1016/j.cmpb.2022.106727,False,page
https://cas.res.in/studentpub.html,https://doi.org/10.1016/j.ecoinf.2020.101197,doi.org/10.1016/j.ecoinf.2020.101197,False,page
https://cas.res.in/studentpub.html,https://doi.org/10.1109/ICACCCN51052.2020.9362804,10.1109/ICACCCN51052.2020.9362804,False,page
https://cas.res.in/studentpub.html,https://www.sciencedirect.com/science/journal/15749541/63/supp/C,Volume 63,False,page
https://cas.res.in/studentpub.html,https://doi.org/10.1002/spy2.146,https://doi.org/10.1002/spy2.146,False,page
https://cas.res.in/studentpub.html,https://doi.org/10.1016/j.marpolbul.2022.113609,https://doi.org/10.1016/j.marpolbul.2022.113609,False,page
https://cas.res.in/studentpub.html,https://www.sciencedirect.com/journal/materials-today-proceedings/vol/50/part/P5,"Volume 50, Part 5",False,page
https://cas.res.in/studentpub.html,https://doi.org/10.1016/j.matpr.2021.09.188,https://doi.org/10.1016/j.matpr.2021.09.188,False,page
https://cas.res.in/studentpub.html,https://ieeexplore.ieee.org/author/37086923057,Ankit Kumar,False,page
https://cas.res.in/studentpub.html,https://ieeexplore.ieee.org/author/37086922149,Ankita Dwivedi,False,page
https://cas.res.in/studentpub.html,https://ieeexplore.ieee.org/author/38256943900,Malay Kishore Dutta,False,page
https://cas.res.in/studentpub.html,https://ieeexplore.ieee.org/document/9077148/,A Zero watermarking Approach for Biometric Image Security,False,page
https://cas.res.in/studentpub.html,https://doi.org/10.1109/IC3A48958.2020.233268,10.1109/IC3A48958.2020.233268,False,page
https://cas.res.in/studentpub.html,https://doi.org/10.1109/TSP.2019.8768881,10.1109/TSP. 2019.8768881,False,page
https://cas.res.in/studentpub.html,https://ieeexplore.ieee.org/author/37088388063,Astha Singh,False,page
https://cas.res.in/studentpub.html,https://ieeexplore.ieee.org/author/37088386557,Malay Kishore Dutta,False,page
https://cas.res.in/studentpub.html,https://ieeexplore.ieee.org/document/9077150/,"DWT, DCT and PBFO based Approach for Biometric Image Security",False,page
https://cas.res.in/studentpub.html,https://www.researchgate.net/deref/http%3A%2F%2Fdx.doi.org%2F10.1145%2F3378184.3378216,10.1145/3378184.3378216,False,page
https://cas.res.in/studentpub.html,https://doi.org/10.1109/ISCON47742.2019.9036228,10.1109/ISCON47742.2019. 9036228,False,page
https://cas.res.in/studentpub.html,https://doi.org/10.1145/3309772.3309785,10.1145/3309772.3309785,False,page
https://cas.res.in/studentpub.html,https://doi.org/10.1109/TSP.2019.8768847,10.1109/TSP.2019.8768847,False,page
https://cas.res.in/studentpub.html,https://doi.org/10.1109/ICESC48915.2020.9156028,10.1109/ICESC48915.2020.9156028,False,page
https://cas.res.in/studentpub.html,http://www.gpds.ulpgc.es/,Carlos M Travieso Gonzalez,False,page
https://cas.res.in/studentpub.html,https://doi.org/10.1145/3309772.3309783,10.1145/3309772.3309783,False,page
https://cas.res.in/studentpub.html,https://doi.org/10.1145/3309772.3309788,10.1145/3309772.3309788,False,page
https://cas.res.in/studentpub.html,https://doi.org/10.1145/3309772.3309791,10.1145/3309772.3309791,False,page
https://cas.res.in/studentpub.html,https://doi.org/10.1002/9781119711230.ch24,https://doi.org/10.1002/9781119711230.ch24,False,page
https://cas.res.in/studentpub.html,https://scholar.google.com/citations?view_op=view_citation&hl=en&user=nUUqXoIAAAAJ&cstart=20&pagesize=80&citation_for_view=nUUqXoIAAAAJ:738O_yMBCRsC,Waste Solanum melongena stem extract for corrosion inhibition of mild steel in 1M NaCl,False,page
https://cas.res.in/studentpub.html,https://scholar.google.com/citations?view_op=view_citation&hl=en&user=nUUqXoIAAAAJ&cstart=20&pagesize=80&citation_for_view=nUUqXoIAAAAJ:WbkHhVStYXYC,Ethanol extract of waste potato peels for corrosion inhibition of low carbon steel in chloride medium,False,page
https://cas.res.in/studentpub.html,https://doi.org/10.1007/s13369-021-05861-8,"https://doi.org/10.1007/s13369-021-05861-8, 2021",False,page
https://cas.res.in/studentpub.html,https://doi.org/10.1007/978-981-16-5281-3_34,https://doi.org/10.1007/978-981-16-5281-3_34,False,page
https://cas.res.in/studentpub.html,https://doi.org/10.1109/TSP.2019.8769039,10.1109/TSP.2019.8769039,False,page
https://cas.res.in/studentpub.html,https://doi.org/10.1109/TSP.2019.8768808,10 . 1109 /TSP .2019.8768808,False,page
https://cas.res.in/studentpub.html,https://doi.org/10.1007/978-981-15-0111-1_33,https://doi.org/10.1007/978-981-15-0111-1_33,False,page
https://cas.res.in/studentpub.html,https://doi.org/10.1007/978-981-15-1275-9_14,https://doi.org/10.1007/978-981-15-1275-9_14,False,page
https://cas.res.in/studentpub.html,http://dx.doi.org/10.1007/978-981-15-0146-3_69,10.1007/978-981-15-0146-3_69,False,page
https://cas.res.in/studentpub.html,http://dx.doi.org/10.2139/ssrn.3575417,http://dx.doi.org/10.2139/ssrn.3575417,False,page
https://cas.res.in/studentpub.html,https://doi.org/10.1109/ISCON47742.2019.9036232,10. 1109/ ISCON47742.2019. 9036232,False,page
https://cas.res.in/studentpub.html,https://cas.res.in/,"Centre for Advanced Studies (CAS, AKTU)",True,page
https://cas.res.in/alumni.html,https://cas.res.in/index.html,Home,True,page
https://cas.res.in/alumni.html,https://cas.res.in/director.html,Director,True,page
https://cas.res.in/alumni.html,https://cas.res.in/faculty.html,Current Faculty,True,page
https://cas.res.in/alumni.html,https://cas.res.in/visitingfaculty.html,Visiting Faculty,True,page
https://cas.res.in/alumni.html,https://cas.res.in/pastfaculty.html,Past Faculty,True,page
https://cas.res.in/alumni.html,https://cas.res.in/staff.html,Staff,True,page
https://cas.res.in/alumni.html,https://cas.res.in/Mtechcse.html,Computer Science Engineering,True,page
https://cas.res.in/alumni.html,https://cas.res.in/mtechnano.html,Nanotechnology,True,page
https://cas.res.in/alumni.html,https://cas.res.in/mtechenergy.html,Energy Science & Technology,True,page
https://cas.res.in/alumni.html,https://cas.res.in/mtechmecha.html,Mechatronics,True,page
https://cas.res.in/alumni.html,https://cas.res.in/mtechmanufacturing.html,Manufacturing Technology & Automation,True,page
https://cas.res.in/alumni.html,https://cas.res.in/csephd.html,PHD Program,True,page
https://cas.res.in/alumni.html,https://cas.res.in/pdf/CAS%20M.Tech%20Ordinance%20-%20Revised%20after%20BOS.pdf,M.Tech Ordinance,True,document
https://cas.res.in/alumni.html,https://cas.res.in/pdf/Ph.D%20ordinance.pdf,PHD Ordinance,True,document
https://cas.res.in/alumni.html,https://cas.res.in/pdf/SCIE%20Journal%20List%20with%20Impactfactor.pdf,List Of SCIE Journals,True,document
https://cas.res.in/alumni.html,https://cas.res.in/cse1.html,Computer Science Engineering,True,page
https://cas.res.in/alumni.html,https://cas.res.in/nano1.html,Nanotechnology,True,page
https://cas.res.in/alumni.html,https://cas.res.in/est1.html,Energy Science & Technology,True,page
https://cas.res.in/alumni.html,https://cas.res.in/mecha1.html,Mechatronics,True,page
https://cas.res.in/alumni.html,https://cas.res.in/manu1.html,Manufacturing Technology & Automation,True,page
https://cas.res.in/alumni.html,https://cas.res.in/apply-to-M.Tech.html,MTech,True,page
https://cas.res.in/alumni.html,https://cas.res.in/apply-to-PhD.html,PhD,True,page
https://cas.res.in/alumni.html,https://cas.res.in/feedetails.html,Fees,True,page
https://cas.res.in/alumni.html,https://cas.res.in/hostel.html,Hostel Details,True,page
https://cas.res.in/alumni.html,https://cas.res.in/research1.html,Research,True,page
https://cas.res.in/alumni.html,https://cas.res.in/infra.html,LABS,True,page
https://cas.res.in/alumni.html,https://cas.res.in/equip.html,Major Equipments,True,page
https://cas.res.in/alumni.html,https://cas.res.in/library.html,Library,True,page
https://cas.res.in/alumni.html,https://cas.res.in/geninfra.html,General Infrastructure,True,page
https://cas.res.in/alumni.html,https://cas.res.in/campustour/index.html,Campus Tour,True,page
https://cas.res.in/alumni.html,https://youtu.be/wuBRMYGzK8g,Video Tour,False,page
https://cas.res.in/alumni.html,https://cas.res.in/studentlyf.html,Student's Life,True,page
https://cas.res.in/alumni.html,https://cas.res.in/studentpub.html,Student's Publication,True,page
https://cas.res.in/alumni.html,https://cas.res.in/alumni.html,Alumni,True,page
https://cas.res.in/alumni.html,https://cas.res.in/studentinno.html,Innovation Gallery,True,page
https://cas.res.in/alumni.html,https://cas.res.in/activity.html,Activities,True,page
https://cas.res.in/alumni.html,https://cas.res.in/contact1.html,Contact,True,page
https://cas.res.in/alumni.html,https://cas.res.in/,"Centre for Advanced Studies (CAS, AKTU)",True,page
https://cas.res.in/studentinno.html,https://cas.res.in/index.html,Home,True,page
https://cas.res.in/studentinno.html,https://cas.res.in/director.html,Director,True,page
https://cas.res.in/studentinno.html,https://cas.res.in/faculty.html,Current Faculty,True,page
https://cas.res.in/studentinno.html,https://cas.res.in/visitingfaculty.html,Visiting Faculty,True,page
https://cas.res.in/studentinno.html,https://cas.res.in/pastfaculty.html,Past Faculty,True,page
https://cas.res.in/studentinno.html,https://cas.res.in/staff.html,Staff,True,page
https://cas.res.in/studentinno.html,https://cas.res.in/Mtechcse.html,Computer Science Engineering,True,page
https://cas.res.in/studentinno.html,https://cas.res.in/mtechnano.html,Nanotechnology,True,page
https://cas.res.in/studentinno.html,https://cas.res.in/mtechenergy.html,Energy Science & Technology,True,page
https://cas.res.in/studentinno.html,https://cas.res.in/mtechmecha.html,Mechatronics,True,page
https://cas.res.in/studentinno.html,https://cas.res.in/mtechmanufacturing.html,Manufacturing Technology & Automation,True,page
https://cas.res.in/studentinno.html,https://cas.res.in/csephd.html,PHD Program,True,page
https://cas.res.in/studentinno.html,https://cas.res.in/pdf/CAS%20M.Tech%20Ordinance%20-%20Revised%20after%20BOS.pdf,M.Tech Ordinance,True,document
https://cas.res.in/studentinno.html,https://cas.res.in/pdf/Ph.D%20ordinance.pdf,PHD Ordinance,True,document
https://cas.res.in/studentinno.html,https://cas.res.in/pdf/SCIE%20Journal%20List%20with%20Impactfactor.pdf,List Of SCIE Journals,True,document
https://cas.res.in/studentinno.html,https://cas.res.in/cse1.html,Computer Science Engineering,True,page
https://cas.res.in/studentinno.html,https://cas.res.in/nano1.html,Nanotechnology,True,page
https://cas.res.in/studentinno.html,https://cas.res.in/est1.html,Energy Science & Technology,True,page
https://cas.res.in/studentinno.html,https://cas.res.in/mecha1.html,Mechatronics,True,page
https://cas.res.in/studentinno.html,https://cas.res.in/manu1.html,Manufacturing Technology & Automation,True,page
https://cas.res.in/studentinno.html,https://cas.res.in/apply-to-M.Tech.html,MTech,True,page
https://cas.res.in/studentinno.html,https://cas.res.in/apply-to-PhD.html,PhD,True,page
https://cas.res.in/studentinno.html,https://cas.res.in/feedetails.html,Fees,True,page
https://cas.res.in/studentinno.html,https://cas.res.in/hostel.html,Hostel Details,True,page
https://cas.res.in/studentinno.html,https://cas.res.in/research1.html,Research,True,page
https://cas.res.in/studentinno.html,https://cas.res.in/infra.html,LABS,True,page
https://cas.res.in/studentinno.html,https://cas.res.in/equip.html,Major Equipments,True,page
https://cas.res.in/studentinno.html,https://cas.res.in/library.html,Library,True,page
https://cas.res.in/studentinno.html,https://cas.res.in/geninfra.html,General Infrastructure,True,page
https://cas.res.in/studentinno.html,https://cas.res.in/campustour/index.html,Campus Tour,True,page
https://cas.res.in/studentinno.html,https://youtu.be/wuBRMYGzK8g,Video Tour,False,page
https://cas.res.in/studentinno.html,https://cas.res.in/studentlyf.html,Student's Life,True,page
https://cas.res.in/studentinno.html,https://cas.res.in/studentpub.html,Student's Publication,True,page
https://cas.res.in/studentinno.html,https://cas.res.in/alumni.html,Alumni,True,page
https://cas.res.in/studentinno.html,https://cas.res.in/studentinno.html,Innovation Gallery,True,page
https://cas.res.in/studentinno.html,https://cas.res.in/activities.html,Activities,True,page
https://cas.res.in/studentinno.html,https://cas.res.in/contact1.html,Contact,True,page
https://cas.res.in/studentinno.html,https://cas.res.in/images/innov/pos1.jpeg,,True,document
https://cas.res.in/studentinno.html,https://cas.res.in/images/innov/pos2.jpeg,,True,document
https://cas.res.in/studentinno.html,https://cas.res.in/images/innov/pos3.jpeg,,True,document
https://cas.res.in/studentinno.html,https://cas.res.in/images/innov/pos4.jpeg,,True,document
https://cas.res.in/studentinno.html,https://cas.res.in/images/innov/pos5.jpeg,,True,document
https://cas.res.in/studentinno.html,https://cas.res.in/images/innov/pos6.jpeg,,True,document
https://cas.res.in/studentinno.html,https://cas.res.in/images/innov/pos7.jpeg,,True,document
https://cas.res.in/studentinno.html,https://cas.res.in/images/innov/pos8.jpeg,,True,document
https://cas.res.in/studentinno.html,https://cas.res.in/images/innov/pos9.jpeg,,True,document
https://cas.res.in/studentinno.html,https://cas.res.in/images/innov/pos10.jpeg,,True,document
https://cas.res.in/studentinno.html,https://cas.res.in/images/innov/pos11.jpeg,,True,document
https://cas.res.in/studentinno.html,https://cas.res.in/images/innov/int2.jpg,,True,document
https://cas.res.in/studentinno.html,https://cas.res.in/images/innov/1.jpg,,True,document
https://cas.res.in/studentinno.html,https://cas.res.in/images/innov/2.jpg,,True,document
https://cas.res.in/studentinno.html,https://cas.res.in/images/innov/3.jpg,,True,document
https://cas.res.in/studentinno.html,https://cas.res.in/images/innov/4.jpg,,True,document
https://cas.res.in/studentinno.html,https://cas.res.in/images/innov/5.jpg,,True,document
https://cas.res.in/studentinno.html,https://cas.res.in/images/innov/6.jpg,,True,document
https://cas.res.in/studentinno.html,https://cas.res.in/images/innov/7.jpg,,True,document
https://cas.res.in/studentinno.html,https://cas.res.in/images/innov/8.jpg,,True,document
https://cas.res.in/studentinno.html,https://cas.res.in/images/innov/9.jpg,,True,document
https://cas.res.in/studentinno.html,https://cas.res.in/images/innov/10.jpg,,True,document
https://cas.res.in/studentinno.html,https://cas.res.in/images/innov/11.jpg,,True,document
https://cas.res.in/studentinno.html,https://cas.res.in/images/innov/12.jpg,,True,document
https://cas.res.in/studentinno.html,https://cas.res.in/images/innov/13.jpg,,True,document
https://cas.res.in/studentinno.html,https://cas.res.in/images/innov/14.jpg,,True,document
https://cas.res.in/studentinno.html,https://cas.res.in/images/innov/2.jpeg,,True,document
https://cas.res.in/studentinno.html,https://cas.res.in/images/innov/15.jpg,,True,document
https://cas.res.in/studentinno.html,https://cas.res.in/images/innov/16.jpg,,True,document
https://cas.res.in/studentinno.html,https://cas.res.in/images/innov/17.jpg,,True,document
https://cas.res.in/studentinno.html,https://cas.res.in/images/innov/18.jpg,,True,document
https://cas.res.in/studentinno.html,https://cas.res.in/images/innov/int1.jpg,,True,document
https://cas.res.in/studentinno.html,https://cas.res.in/,"Centre for Advanced Studies (CAS, AKTU)",True,page
https://cas.res.in/contact1.html,https://cas.res.in/index.html,Home,True,page
https://cas.res.in/contact1.html,https://cas.res.in/director.html,Director,True,page
https://cas.res.in/contact1.html,https://cas.res.in/faculty.html,Current Faculty,True,page
https://cas.res.in/contact1.html,https://cas.res.in/visitingfaculty.html,Visiting Faculty,True,page
https://cas.res.in/contact1.html,https://cas.res.in/pastfaculty.html,Past Faculty,True,page
https://cas.res.in/contact1.html,https://cas.res.in/staff.html,Staff,True,page
https://cas.res.in/contact1.html,https://cas.res.in/Mtechcse.html,Computer Science Engineering,True,page
https://cas.res.in/contact1.html,https://cas.res.in/mtechnano.html,Nanotechnology,True,page
https://cas.res.in/contact1.html,https://cas.res.in/mtechenergy.html,Energy Science & Technology,True,page
https://cas.res.in/contact1.html,https://cas.res.in/mtechmecha.html,Mechatronics,True,page
https://cas.res.in/contact1.html,https://cas.res.in/mtechmanufacturing.html,Manufacturing Technology & Automation,True,page
https://cas.res.in/contact1.html,https://cas.res.in/csephd.html,PHD Program,True,page
https://cas.res.in/contact1.html,https://cas.res.in/pdf/CAS%20M.Tech%20Ordinance%20-%20Revised%20after%20BOS.pdf,M.Tech Ordinance,True,document
https://cas.res.in/contact1.html,https://cas.res.in/pdf/Ph.D%20ordinance.pdf,PHD Ordinance,True,document
https://cas.res.in/contact1.html,https://cas.res.in/pdf/SCIE%20Journal%20List%20with%20Impactfactor.pdf,List Of SCIE Journals,True,document
https://cas.res.in/contact1.html,https://cas.res.in/cse1.html,Computer Science Engineering,True,page
https://cas.res.in/contact1.html,https://cas.res.in/nano1.html,Nanotechnology,True,page
https://cas.res.in/contact1.html,https://cas.res.in/est1.html,Energy Science & Technology,True,page
https://cas.res.in/contact1.html,https://cas.res.in/mecha1.html,Mechatronics,True,page
https://cas.res.in/contact1.html,https://cas.res.in/manu1.html,Manufacturing Technology & Automation,True,page
https://cas.res.in/contact1.html,https://cas.res.in/apply-to-M.Tech.html,MTech,True,page
https://cas.res.in/contact1.html,https://cas.res.in/apply-to-PhD.html,PhD,True,page
https://cas.res.in/contact1.html,https://cas.res.in/feedetails.html,Fees,True,page
https://cas.res.in/contact1.html,https://cas.res.in/hostel.html,Hostel Details,True,page
https://cas.res.in/contact1.html,https://cas.res.in/research1.html,Research,True,page
https://cas.res.in/contact1.html,https://cas.res.in/infra.html,LABS,True,page
https://cas.res.in/contact1.html,https://cas.res.in/equip.html,Major Equipments,True,page
https://cas.res.in/contact1.html,https://cas.res.in/library.html,Library,True,page
https://cas.res.in/contact1.html,https://cas.res.in/geninfra.html,General Infrastructure,True,page
https://cas.res.in/contact1.html,https://cas.res.in/campustour/index.html,Campus Tour,True,page
https://cas.res.in/contact1.html,https://youtu.be/wuBRMYGzK8g,Video Tour,False,page
https://cas.res.in/contact1.html,https://cas.res.in/studentlyf.html,Student's Life,True,page
https://cas.res.in/contact1.html,https://cas.res.in/studentpub.html,Student's Publication,True,page
https://cas.res.in/contact1.html,https://cas.res.in/alumni.html,Alumni,True,page
https://cas.res.in/contact1.html,https://cas.res.in/studentinno.html,Innovation Gallery,True,page
https://cas.res.in/contact1.html,https://cas.res.in/activities.html,Activities,True,page
https://cas.res.in/contact1.html,https://cas.res.in/contact1.html,Contact,True,page
https://cas.res.in/contact1.html,https://cas.res.in/,"Centre for Advanced Studies (CAS, AKTU)",True,page
https://cas.res.in/researchareas.html,https://cas.res.in/index.html,Home,True,page
https://cas.res.in/researchareas.html,https://cas.res.in/director.html,Director,True,page
https://cas.res.in/researchareas.html,https://cas.res.in/faculty.html,Current Faculty,True,page
https://cas.res.in/researchareas.html,https://cas.res.in/visitingfaculty.html,Visiting Faculty,True,page
https://cas.res.in/researchareas.html,https://cas.res.in/pastfaculty.html,Past Faculty,True,page
https://cas.res.in/researchareas.html,https://cas.res.in/staff.html,Staff,True,page
https://cas.res.in/researchareas.html,https://cas.res.in/Mtechcse.html,Computer Science Engineering,True,page
https://cas.res.in/researchareas.html,https://cas.res.in/mtechnano.html,Nanotechnology,True,page
https://cas.res.in/researchareas.html,https://cas.res.in/mtechenergy.html,Energy Science & Technology,True,page
https://cas.res.in/researchareas.html,https://cas.res.in/mtechmecha.html,Mechatronics,True,page
https://cas.res.in/researchareas.html,https://cas.res.in/mtechmanufacturing.html,Manufacturing Technology & Automation,True,page
https://cas.res.in/researchareas.html,https://cas.res.in/csephd.html,PHD Program,True,page
https://cas.res.in/researchareas.html,https://cas.res.in/pdf/CAS%20M.Tech%20Ordinance%20-%20Revised%20after%20BOS.pdf,M.Tech Ordinance,True,document
https://cas.res.in/researchareas.html,https://cas.res.in/pdf/Ph.D%20ordinance.pdf,PHD Ordinance,True,document
https://cas.res.in/researchareas.html,https://cas.res.in/pdf/SCIE%20Journal%20List%20with%20Impactfactor.pdf,List Of SCIE Journals,True,document
https://cas.res.in/researchareas.html,https://cas.res.in/cse1.html,Computer Science Engineering,True,page
https://cas.res.in/researchareas.html,https://cas.res.in/nano1.html,Nanotechnology,True,page
https://cas.res.in/researchareas.html,https://cas.res.in/est1.html,Energy Science & Technology,True,page
https://cas.res.in/researchareas.html,https://cas.res.in/mecha1.html,Mechatronics,True,page
https://cas.res.in/researchareas.html,https://cas.res.in/manu1.html,Manufacturing Technology & Automation,True,page
https://cas.res.in/researchareas.html,https://cas.res.in/apply-to-M.Tech.html,MTech,True,page
https://cas.res.in/researchareas.html,https://cas.res.in/apply-to-PhD.html,PhD,True,page
https://cas.res.in/researchareas.html,https://cas.res.in/feedetails.html,Fees,True,page
https://cas.res.in/researchareas.html,https://cas.res.in/hostel.html,Hostel Details,True,page
https://cas.res.in/researchareas.html,https://cas.res.in/research1.html,Research,True,page
https://cas.res.in/researchareas.html,https://cas.res.in/infra.html,LABS,True,page
https://cas.res.in/researchareas.html,https://cas.res.in/equip.html,Major Equipments,True,page
https://cas.res.in/researchareas.html,https://cas.res.in/library.html,Library,True,page
https://cas.res.in/researchareas.html,https://cas.res.in/geninfra.html,General Infrastructure,True,page
https://cas.res.in/researchareas.html,https://cas.res.in/campustour/index.html,Campus Tour,True,page
https://cas.res.in/researchareas.html,https://youtu.be/wuBRMYGzK8g,Video Tour,False,page
https://cas.res.in/researchareas.html,https://cas.res.in/studentlyf.html,Student's Life,True,page
https://cas.res.in/researchareas.html,https://cas.res.in/studentpub.html,Student's Publication,True,page
https://cas.res.in/researchareas.html,https://cas.res.in/alumni.html,Alumni,True,page
https://cas.res.in/researchareas.html,https://cas.res.in/studentinno.html,Innovation Gallery,True,page
https://cas.res.in/researchareas.html,https://cas.res.in/activities.html,Activities,True,page
https://cas.res.in/researchareas.html,https://cas.res.in/contact1.html,Contact,True,page
https://cas.res.in/researchareas.html,https://cas.res.in/,"Centre for Advanced Studies (CAS, AKTU)",True,page
https://cas.res.in/gallery.html,https://cas.res.in/index.html,Home,True,page
https://cas.res.in/gallery.html,https://cas.res.in/director.html,Director,True,page
https://cas.res.in/gallery.html,https://cas.res.in/blog-full-right-sidebar-with-frame.html,Students,True,page
https://cas.res.in/gallery.html,https://cas.res.in/faculty.html,Current Faculty,True,page
https://cas.res.in/gallery.html,https://cas.res.in/visitingfaculty.html,Visiting Faculty,True,page
https://cas.res.in/gallery.html,https://cas.res.in/pastfaculty.html.html,Past Faculty,True,page
https://cas.res.in/gallery.html,https://cas.res.in/staff.html,Staff,True,page
https://cas.res.in/gallery.html,https://cas.res.in/mtechstudents.html,MTech Students,True,page
https://cas.res.in/gallery.html,https://cas.res.in/phdstudents.html,PhD Students,True,page
https://cas.res.in/gallery.html,https://cas.res.in/Mtechcse.html,Computer Science Engineering,True,page
https://cas.res.in/gallery.html,https://cas.res.in/mtechmecha.html,Mechatronics,True,page
https://cas.res.in/gallery.html,https://cas.res.in/mtechnano.html,Nanotechnology,True,page
https://cas.res.in/gallery.html,https://cas.res.in/mtechmanufacturing.html,Manufacturing Technology & Automation,True,page
https://cas.res.in/gallery.html,https://cas.res.in/mtechenergy.html,Energy Science & Technology,True,page
https://cas.res.in/gallery.html,https://cas.res.in/csephd.html,PHD Program,True,page
https://cas.res.in/gallery.html,https://cas.res.in/mechaphd.html,Mechatronics,True,page
https://cas.res.in/gallery.html,https://cas.res.in/phdnano.html,Nanotechnology,True,page
https://cas.res.in/gallery.html,https://cas.res.in/pdf/CAS M.Tech Ordinance - Revised after BOS.pdf,M.Tech. Ordinance,True,document
https://cas.res.in/gallery.html,https://cas.res.in/pdf/Ph.D ordinance.pdf,Phd Ordinance,True,document
https://cas.res.in/gallery.html,https://cas.res.in/pdf/SCIE Journal List with Impactfactor.pdf,List of SCIE Journals,True,document
https://cas.res.in/gallery.html,https://cas.res.in/apply-to-M.Tech.html,MTech,True,page
https://cas.res.in/gallery.html,https://cas.res.in/apply-to-PhD.html,PhD,True,page
https://cas.res.in/gallery.html,https://cas.res.in/feedetails.html,Fees,True,page
https://cas.res.in/gallery.html,https://cas.res.in/hostel.html,Hostel Details,True,page
https://cas.res.in/gallery.html,https://cas.res.in/coronarsch.html,Covid-19 Interventions,True,page
https://cas.res.in/gallery.html,https://cas.res.in/Research.html,Faculty Research,True,page
https://cas.res.in/gallery.html,https://cas.res.in/studentinno.html,Innovation Gallery,True,page
https://cas.res.in/gallery.html,https://cas.res.in/phdrsch.html,Doctoral Student Research,True,page
https://cas.res.in/gallery.html,https://cas.res.in/gallery.html,Events,True,page
https://cas.res.in/gallery.html,https://cas.res.in/fdp.html,Faculty Development Programs,True,page
https://cas.res.in/gallery.html,https://cas.res.in/pdf/AGRAGAMAN 2020_FINAL-07-07-2020 (1).pdf,Agragaman-2020,True,document
https://cas.res.in/gallery.html,https://cas.res.in/contact.html,Contact Us,True,page
https://cas.res.in/gallery.html,https://cas.res.in/pastfaculty.html,Past Faculty,True,page
https://cas.res.in/gallery.html,https://cas.res.in/pdf/CAS%20M.Tech%20Ordinance%20-%20Revised%20after%20BOS.pdf,M.Tech Ordinance,True,document
https://cas.res.in/gallery.html,https://cas.res.in/pdf/Ph.D%20ordinance.pdf,PHD Ordinance,True,document
https://cas.res.in/gallery.html,https://cas.res.in/pdf/SCIE%20Journal%20List%20with%20Impactfactor.pdf,List Of SCIE Journals,True,document
https://cas.res.in/gallery.html,https://cas.res.in/cse1.html,Computer Science Engineering,True,page
https://cas.res.in/gallery.html,https://cas.res.in/nano1.html,Nanotechnology,True,page
https://cas.res.in/gallery.html,https://cas.res.in/est1.html,Energy Science & Technology,True,page
https://cas.res.in/gallery.html,https://cas.res.in/mecha1.html,Mechatronics,True,page
https://cas.res.in/gallery.html,https://cas.res.in/manu1.html,Manufacturing Technology & Automation,True,page
https://cas.res.in/gallery.html,https://cas.res.in/research1.html,Research,True,page
https://cas.res.in/gallery.html,https://cas.res.in/infra.html,LABS,True,page
https://cas.res.in/gallery.html,https://cas.res.in/equip.html,Major Equipments,True,page
https://cas.res.in/gallery.html,https://cas.res.in/library.html,Library,True,page
https://cas.res.in/gallery.html,https://cas.res.in/geninfra.html,General Infrastructure,True,page
https://cas.res.in/gallery.html,https://cas.res.in/campustour/index.html,Campus Tour,True,page
https://cas.res.in/gallery.html,https://youtu.be/wuBRMYGzK8g,Video Tour,False,page
https://cas.res.in/gallery.html,https://cas.res.in/studentlyf.html,Student's Life,True,page
https://cas.res.in/gallery.html,https://cas.res.in/studentpub.html,Student's Publication,True,page
https://cas.res.in/gallery.html,https://cas.res.in/alumni.html,Alumni,True,page
https://cas.res.in/gallery.html,https://cas.res.in/contact1.html,Contact,True,page
https://cas.res.in/gallery.html,https://cas.res.in/images/convo/1.jpeg,,True,document
https://cas.res.in/gallery.html,https://cas.res.in/images/convo/2.jpeg,,True,document
https://cas.res.in/gallery.html,https://cas.res.in/images/convo/3.jpeg,,True,document
https://cas.res.in/gallery.html,https://cas.res.in/images/convo/4.jpeg,,True,document
https://cas.res.in/gallery.html,https://cas.res.in/images/iotwkshp/1.jpeg,,True,document
https://cas.res.in/gallery.html,https://cas.res.in/images/iotwkshp/2.jpeg,,True,document
https://cas.res.in/gallery.html,https://cas.res.in/images/iotwkshp/3.jpeg,,True,document
https://cas.res.in/gallery.html,https://cas.res.in/images/iotwkshp/4.jpeg,,True,document
https://cas.res.in/gallery.html,https://cas.res.in/images/techmin/1.jpg,,True,document
https://cas.res.in/gallery.html,https://cas.res.in/images/techmin/2.jpg,,True,document
https://cas.res.in/gallery.html,https://cas.res.in/images/techmin/3.jpg,,True,document
https://cas.res.in/gallery.html,https://cas.res.in/images/techmin/4.jpg,,True,document
https://cas.res.in/gallery.html,https://cas.res.in/images/ai/1.jpeg,,True,document
https://cas.res.in/gallery.html,https://cas.res.in/images/ai/2.jpeg,,True,document
https://cas.res.in/gallery.html,https://cas.res.in/images/ai/3.jpeg,,True,document
https://cas.res.in/gallery.html,https://cas.res.in/images/ai/4.jpeg,,True,document
https://cas.res.in/gallery.html,https://cas.res.in/images/techfest/1.jpg,,True,document
https://cas.res.in/gallery.html,https://cas.res.in/images/techfest/2.jpg,,True,document
https://cas.res.in/gallery.html,https://cas.res.in/images/techfest/3.jpg,,True,document
https://cas.res.in/gallery.html,https://cas.res.in/images/techfest/4.jpg,,True,document
https://cas.res.in/gallery.html,https://cas.res.in/images/ic3a/1.jpg,,True,document
https://cas.res.in/gallery.html,https://cas.res.in/images/ic3a/7.jpg,,True,document
https://cas.res.in/gallery.html,https://cas.res.in/images/ic3a/10.jpg,,True,document
https://cas.res.in/gallery.html,https://cas.res.in/images/ic3a/4.jpg,,True,document
https://cas.res.in/gallery.html,https://cas.res.in/images/unity/1.jpg,,True,document
https://cas.res.in/gallery.html,https://cas.res.in/images/unity/2.jpg,,True,document
https://cas.res.in/gallery.html,https://cas.res.in/images/unity/3.jpg,,True,document
https://cas.res.in/gallery.html,https://cas.res.in/images/unity/5.jpg,,True,document
https://cas.res.in/gallery.html,https://cas.res.in/images/raisingday/1.jpg,,True,document
https://cas.res.in/gallery.html,https://cas.res.in/images/raisingday/5.jpg,,True,document
https://cas.res.in/gallery.html,https://cas.res.in/images/raisingday/3.jpg,,True,document
https://cas.res.in/gallery.html,https://cas.res.in/images/raisingday/2.jpg,,True,document
https://cas.res.in/gallery.html,https://cas.res.in/images/innoidea/1.jpg,,True,document
https://cas.res.in/gallery.html,https://cas.res.in/images/innoidea/5.jpg,,True,document
https://cas.res.in/gallery.html,https://cas.res.in/images/innoidea/3.jpg,,True,document
https://cas.res.in/gallery.html,https://cas.res.in/images/innoidea/4.jpg,,True,document
https://cas.res.in/gallery.html,https://cas.res.in/images/cycity/1.jpg,,True,document
https://cas.res.in/gallery.html,https://cas.res.in/images/cycity/5.jpg,,True,document
https://cas.res.in/gallery.html,https://cas.res.in/images/cycity/3.jpg,,True,document
https://cas.res.in/gallery.html,https://cas.res.in/images/cycity/4.jpg,,True,document
https://cas.res.in/gallery.html,https://cas.res.in/images/gdcl/1.jpg,,True,document
https://cas.res.in/gallery.html,https://cas.res.in/images/gdcl/2.jpg,,True,document
https://cas.res.in/gallery.html,https://cas.res.in/images/gdcl/3.jpg,,True,document
https://cas.res.in/gallery.html,https://cas.res.in/images/gdcl/4.jpg,,True,document
https://cas.res.in/gallery.html,https://cas.res.in/images/Lecture1/1.jpg,,True,document
https://cas.res.in/gallery.html,https://cas.res.in/images/Lecture1/2.jpg,,True,document
https://cas.res.in/gallery.html,https://cas.res.in/images/Lecture1/3.jpg,,True,document
https://cas.res.in/gallery.html,https://cas.res.in/images/Lecture1/4.jpg,,True,document
https://cas.res.in/gallery.html,https://cas.res.in/images/python/py5.jpg,,True,document
https://cas.res.in/gallery.html,https://cas.res.in/images/python/py6.jpg,,True,document
https://cas.res.in/gallery.html,https://cas.res.in/images/python/py3.jpg,,True,document
https://cas.res.in/gallery.html,https://cas.res.in/images/python/py1.jpg,,True,document
https://cas.res.in/gallery.html,https://cas.res.in/images/teacher's day/1.jpg,,True,document
https://cas.res.in/gallery.html,https://cas.res.in/images/teacher's day/2.jpg,,True,document
https://cas.res.in/gallery.html,https://cas.res.in/images/teacher's day/6.jpg,,True,document
https://cas.res.in/gallery.html,https://cas.res.in/images/teacher's day/4.jpg,,True,document
https://cas.res.in/gallery.html,https://cas.res.in/images/Orientation/1.jpg,,True,document
https://cas.res.in/gallery.html,https://cas.res.in/images/Orientation/2.jpg,,True,document
https://cas.res.in/gallery.html,https://cas.res.in/images/Orientation/5.jpg,,True,document
https://cas.res.in/gallery.html,https://cas.res.in/images/Orientation/4.jpg,,True,document
https://cas.res.in/gallery.html,https://cas.res.in/images/foundation_day/1.jpg,,True,document
https://cas.res.in/gallery.html,https://cas.res.in/images/foundation_day/2.jpg,,True,document
https://cas.res.in/gallery.html,https://cas.res.in/images/foundation_day/3.jpg,,True,document
https://cas.res.in/gallery.html,https://cas.res.in/images/foundation_day/4.jpg,,True,document
https://cas.res.in/gallery.html,https://cas.res.in/images/Jio/1.jpg,,True,document
https://cas.res.in/gallery.html,https://cas.res.in/images/Jio/2.jpg,,True,document
https://cas.res.in/gallery.html,https://cas.res.in/images/Jio/3.jpg,,True,document
https://cas.res.in/gallery.html,https://cas.res.in/images/Jio/4.jpg,,True,document
https://cas.res.in/gallery.html,https://cas.res.in/images/cybersec/1.jpg,,True,document
https://cas.res.in/gallery.html,https://cas.res.in/images/cybersec/2.jpg,,True,document
https://cas.res.in/gallery.html,https://cas.res.in/images/cybersec/3.jpg,,True,document
https://cas.res.in/gallery.html,https://cas.res.in/images/cybersec/4.jpg,,True,document
https://cas.res.in/gallery.html,https://cas.res.in/images/Miscellanous/1.jpg,,True,document
https://cas.res.in/gallery.html,https://cas.res.in/images/Miscellanous/2.jpg,,True,document
https://cas.res.in/gallery.html,https://cas.res.in/images/Miscellanous/3.jpg,,True,document
https://cas.res.in/gallery.html,https://cas.res.in/images/Miscellanous/4.jpg,,True,document
https://cas.res.in/gallery.html,https://cas.res.in/images/python/1.jpg,,True,document
https://cas.res.in/gallery.html,https://cas.res.in/images/python/2.jpg,,True,document
https://cas.res.in/gallery.html,https://cas.res.in/images/python/3.jpg,,True,document
https://cas.res.in/gallery.html,https://cas.res.in/images/python/4.jpg,,True,document
https://cas.res.in/gallery.html,https://cas.res.in/images/fdpgoogle/1.jpg,,True,document
https://cas.res.in/gallery.html,https://cas.res.in/images/fdpgoogle/2.jpg,,True,document
https://cas.res.in/gallery.html,https://cas.res.in/images/fdpgoogle/3.jpg,,True,document
https://cas.res.in/gallery.html,https://cas.res.in/images/bod/1.jpg,,True,document
https://cas.res.in/gallery.html,https://cas.res.in/images/bod/2.jpg,,True,document
https://cas.res.in/gallery.html,https://cas.res.in/images/bod/3.jpg,,True,document
https://cas.res.in/gallery.html,https://cas.res.in/images/bod/4.jpg,,True,document
https://cas.res.in/gallery.html,https://cas.res.in/images/cultural/cl21.jpg,,True,document
https://cas.res.in/gallery.html,https://cas.res.in/images/cultural/cl2.jpg,,True,document
https://cas.res.in/gallery.html,https://cas.res.in/images/cultural/cl6.jpg,,True,document
https://cas.res.in/gallery.html,https://cas.res.in/images/cultural/cl8.jpg,,True,document
https://cas.res.in/gallery.html,https://cas.res.in/images/inaug/big8.jpg,,True,document
https://cas.res.in/gallery.html,https://cas.res.in/images/inaug/big7.jpg,,True,document
https://cas.res.in/gallery.html,https://cas.res.in/images/inaug/big5.jpg,,True,document
https://cas.res.in/gallery.html,https://cas.res.in/images/inaug/big4.jpg,,True,document
https://cas.res.in/gallery.html,https://cas.res.in/,"Centre for Advanced Studies (CAS, AKTU)",True,page
https://cas.res.in/Publications.html,https://cas.res.in/index.html,Home,True,page
https://cas.res.in/Publications.html,https://cas.res.in/director.html,Director,True,page
https://cas.res.in/Publications.html,https://cas.res.in/faculty.html,Current Faculty,True,page
https://cas.res.in/Publications.html,https://cas.res.in/visitingfaculty.html,Visiting Faculty,True,page
https://cas.res.in/Publications.html,https://cas.res.in/pastfaculty.html,Past Faculty,True,page
https://cas.res.in/Publications.html,https://cas.res.in/staff.html,Staff,True,page
https://cas.res.in/Publications.html,https://cas.res.in/Mtechcse.html,Computer Science Engineering,True,page
https://cas.res.in/Publications.html,https://cas.res.in/mtechnano.html,Nanotechnology,True,page
https://cas.res.in/Publications.html,https://cas.res.in/mtechenergy.html,Energy Science & Technology,True,page
https://cas.res.in/Publications.html,https://cas.res.in/mtechmecha.html,Mechatronics,True,page
https://cas.res.in/Publications.html,https://cas.res.in/mtechmanufacturing.html,Manufacturing Technology & Automation,True,page
https://cas.res.in/Publications.html,https://cas.res.in/csephd.html,PHD Program,True,page
https://cas.res.in/Publications.html,https://cas.res.in/pdf/CAS%20M.Tech%20Ordinance%20-%20Revised%20after%20BOS.pdf,M.Tech Ordinance,True,document
https://cas.res.in/Publications.html,https://cas.res.in/pdf/Ph.D%20ordinance.pdf,PHD Ordinance,True,document
https://cas.res.in/Publications.html,https://cas.res.in/pdf/SCIE%20Journal%20List%20with%20Impactfactor.pdf,List Of SCIE Journals,True,document
https://cas.res.in/Publications.html,https://cas.res.in/cse1.html,Computer Science Engineering,True,page
https://cas.res.in/Publications.html,https://cas.res.in/nano1.html,Nanotechnology,True,page
https://cas.res.in/Publications.html,https://cas.res.in/est1.html,Energy Science & Technology,True,page
https://cas.res.in/Publications.html,https://cas.res.in/mecha1.html,Mechatronics,True,page
https://cas.res.in/Publications.html,https://cas.res.in/manu1.html,Manufacturing Technology & Automation,True,page
https://cas.res.in/Publications.html,https://cas.res.in/apply-to-M.Tech.html,MTech,True,page
https://cas.res.in/Publications.html,https://cas.res.in/apply-to-PhD.html,PhD,True,page
https://cas.res.in/Publications.html,https://cas.res.in/feedetails.html,Fees,True,page
https://cas.res.in/Publications.html,https://cas.res.in/hostel.html,Hostel Details,True,page
https://cas.res.in/Publications.html,https://cas.res.in/research1.html,Research,True,page
https://cas.res.in/Publications.html,https://cas.res.in/infra.html,LABS,True,page
https://cas.res.in/Publications.html,https://cas.res.in/equip.html,Major Equipments,True,page
https://cas.res.in/Publications.html,https://cas.res.in/library.html,Library,True,page
https://cas.res.in/Publications.html,https://cas.res.in/geninfra.html,General Infrastructure,True,page
https://cas.res.in/Publications.html,https://cas.res.in/campustour/index.html,Campus Tour,True,page
https://cas.res.in/Publications.html,https://youtu.be/wuBRMYGzK8g,Video Tour,False,page
https://cas.res.in/Publications.html,https://cas.res.in/studentlyf.html,Student's Life,True,page
https://cas.res.in/Publications.html,https://cas.res.in/studentpub.html,Student's Publication,True,page
https://cas.res.in/Publications.html,https://cas.res.in/alumni.html,Alumni,True,page
https://cas.res.in/Publications.html,https://cas.res.in/studentinno.html,Innovation Gallery,True,page
https://cas.res.in/Publications.html,https://cas.res.in/activities.html,Activities,True,page
https://cas.res.in/Publications.html,https://cas.res.in/contact1.html,Contact,True,page
https://cas.res.in/Publications.html,https://doi.org/10.1016/j.energy.2022.12570,"https://doi.org/10.1016/j.energy.2022.12570, 2022",False,page
https://cas.res.in/Publications.html,https://doi.org/10.1016/j.est.2022.105761,"https://doi.org/10.1016/j.est.2022.105761, 2022",False,page
https://cas.res.in/Publications.html,https://doi.org/10.1016/j.cmpb.2022.106996,"https://doi.org/10.1016/j.cmpb.2022.106996, 2022",False,page
https://cas.res.in/Publications.html,https://doi.org/10.1016/j.cmpb.2022.106727,"doi.org/10.1016/j.cmpb.2022.106727, 2022",False,page
https://cas.res.in/Publications.html,https://doi.org/10.1016/j.marpolbul.2022.113609,"https://doi.org/10.1016/j.marpolbul.2022.113609, 2022",False,page
https://cas.res.in/Publications.html,https://doi.org/10.1109/THMS.2022.3211460,"https://doi.org/10.1109/THMS.2022.3211460, 2022",False,page
https://cas.res.in/Publications.html,https://doi.org/10.1016/j.bspc.2022.104156,"https://doi.org/10.1016/j.bspc.2022.104156, 2022",False,page
https://cas.res.in/Publications.html,https://doi.org/10.1021/acs.energyfuels.2c03814,":https://doi.org/10.1021/acs.energyfuels.2c03814, 2022",False,page
https://cas.res.in/Publications.html,https://doi.org/10.1002/ett.4685,":https://doi.org/10.1002/ett.4685, 2022",False,page
https://cas.res.in/Publications.html,https://doi.org/10.1016/j.matpr.2022.11.374,"https://doi.org/10.1016/j.matpr.2022.11.374, 2022",False,page
https://cas.res.in/Publications.html,https://doi.org/10.1007/s10008-022-05293-w,https://doi.org/10.1007/s10008-022-05293-w,False,page
https://cas.res.in/Publications.html,https://10.1177/02624893221123391,https://doi.org/10.1177/02624893221123391,False,page
https://cas.res.in/Publications.html,https://doi.org/10.1039/D2DT01857H,":https://doi.org/10.1039/D2DT01857H, 2022",False,page
https://cas.res.in/Publications.html,https://doi.org/10.1021/acs.jpcc.2c04914,"https://doi.org/10.1021/acs.jpcc.2c04914, 2022",False,page
https://cas.res.in/Publications.html,https://doi.org/10.1108/RPJ-05-2022-0142,"https://doi.org/10.1108/RPJ-05-2022-0142, 2022",False,page
https://cas.res.in/Publications.html,https://doi.org/10.1177/02624893221123391,https://doi.org/10.1177/02624893221123391,False,page
https://cas.res.in/Publications.html,https://doi.org/10.1177/09544089221125633,"https://doi.org/10.1177/09544089221125633 ,2022",False,page
https://cas.res.in/Publications.html,https://doi.org/10.1021/acsaem.2c01353,"DOI: https://doi.org/10.1021/acsaem.2c01353 ,2022",False,page
https://cas.res.in/Publications.html,https://doi.org/10.1016/j.physb.2022.414054,"https://doi.org/10.1016/j.physb.2022.414054, 2022",False,page
https://cas.res.in/Publications.html,https://doi.org/10.1016/j.bspc.2021.102794,"https://doi.org/:10.1016/j.bspc.2021.102794,2022",False,page
https://cas.res.in/Publications.html,https://doi.org/10.1080/10426914.2022.2032147,"1080/10426914.2022.2032147, 2022",False,page
https://cas.res.in/Publications.html,https://doi.org/10.1016/j.jfoodeng.2021.110777,"https://doi.org/10.1016/j.jfoodeng.2021.110777,2022",False,page
https://cas.res.in/Publications.html,https://doi.org/10.1016/j.wear.2022.204368,https://doi.org/10.1016/j.wear.2022.204368(Q-1),False,page
https://cas.res.in/Publications.html,https://doi.org/10.1111/exsy.13041,"https://doi.org/1111/exsy.13041, 2022",False,page
https://cas.res.in/Publications.html,https://doi.org/10.1016/j.scs.2022.103690,"https://doi.org/10.1016/j.scs.2022.103690, 2022",False,page
https://cas.res.in/Publications.html,https://doi.org/10.1002/slct.202201134,"https://doi.org/10.1002/slct.202201134, 2022",False,page
https://cas.res.in/Publications.html,https://doi.org/10.1016/j.ecoinf.2022.101602,"https://doi.org//10.1016/j.ecoinf.2022.101602, 2022",False,page
https://cas.res.in/Publications.html,https://doi.org/10.1007/s11042-021-11721-2,"https://doi.org/10.1007/s11042-021-11721-2, 2022",False,page
https://cas.res.in/Publications.html,https://doi.org/10.1002/cpe.6582,"https://doi.org/10.1002/cpe.6582, 2022",False,page
https://cas.res.in/Publications.html,https://doi.org/10.1016/j.est.2021.103578,"https://doi.org/10.1016/j.est.2021.103578, 2022",False,page
https://cas.res.in/Publications.html,https://doi.org/10.1021/acsanm.1c04174,"https://doi.org/10.1021/acsanm.1c04174, 2022",False,page
https://cas.res.in/Publications.html,https://doi.org/10.1016/j.jmapro.2022.01.006,"https://doi.org/10.1016/j.jmapro.2022.01.006, 2022",False,page
https://cas.res.in/Publications.html,https://doi.org/10.1007/s11042-022-13284-2,"https://doi.org/10.1007/s11042-022-13284-2, 2022",False,page
https://cas.res.in/Publications.html,https://doi.org/10.1007/s11042-021-11600-w,"https://doi.org/10.1007/ s11042 -021-11600-w, 2022",False,page
https://cas.res.in/Publications.html,https://doi.org/10.1016/j.jjimei.2022.100084,"https:https://doi.org/10.1016/j.jjimei.2022.100084, 2022",False,page
https://cas.res.in/Publications.html,https://doi.org/10.1007/s12652-020-02867-2,"https://doi.org/10.1007/s12652-020-02867-2,2021",False,page
https://cas.res.in/Publications.html,https://doi.org/10.1002/er.7214,"https://doi.org/10.1002/er.7214, 2021",False,page
https://cas.res.in/Publications.html,https://doi.org/10.1007/s13369-021-05861-8,"https://doi.org/10.1007/s13369-021-05861-8, 2021",False,page
https://cas.res.in/Publications.html,https://doi.org/10.1007/s11042-020-10309-6,"https://doi.org/10.1007/s11042-020-10309-6, 2021",False,page
https://cas.res.in/Publications.html,https://doi.org/10.1016/j.ecoinf.2020.101197,"https://doi.org/10.1016/j.ecoinf.2020.101197, 2021",False,page
https://cas.res.in/Publications.html,https://doi.org/10.1016/j.ecoinf.2021.101468,"https://doi.org/10.1016/j.ecoinf.2021.101468, 2021",False,page
https://cas.res.in/Publications.html,https://doi.org/10.3390/ma14237207,"https://doi.org/10.3390/ma14237207,2021",False,page
https://cas.res.in/Publications.html,https://doi.org/10.5004/dwt.2021.27621,"https://doi.org/5004/dwt.2021.27621, 2021",False,page
https://cas.res.in/Publications.html,https://doi.org/10.1007/10.1177/09544089211053684,"https://doi.org/1177/09544089211053684, 2021",False,page
https://cas.res.in/Publications.html,https://doi.org/10.1177/09544089211031755,"https://doi.org/1177/09544089211031755, 2021",False,page
https://cas.res.in/Publications.html,https://doi.org/10.1016/10.36909/jer.EMSME.13899,"https://doi.org/36909/jer.EMSME.13899, 2021",False,page
https://cas.res.in/Publications.html,https://doi.org/10.1016/j.cmpb.2021.106445,"https://doi.org/10.1016/j.cmpb.2021.106445, 2021",False,page
https://cas.res.in/Publications.html,https://doi.org/10.1016/j.compbiomed.2021.104862,"https://doi.org/10.1016/j.compbiomed.2021.104862, 2021",False,page
https://cas.res.in/Publications.html,https://doi.org/10.1007/s00521-021-06302-1,"https://doi.org/1007/s00521-021-06302-1, 2021",False,page
https://cas.res.in/Publications.html,https://doi.org/10.1016/j.compbiomed.2021.104829,https://doi.org/10.1016/j.compbiomed.2021.104829,False,page
https://cas.res.in/Publications.html,https://doi.org/10.1007/s11042-021-11240-0,"https://doi.org/10.1007/s11042-021-11240-0, 2021",False,page
https://cas.res.in/Publications.html,https://doi.org/10.1016/j.compbiomed.2021.104559,"org/10.1016/ j.compbiomed.2021.104559, 2021",False,page
https://cas.res.in/Publications.html,https://doi.org/10.1016/j.jmapro.2020.12.017,"https://doi.org/10.1016/j.jmapro.2020.12.017, 2021",False,page
https://cas.res.in/Publications.html,https://doi.org/10.1109/TED.2021.3066454,https://doi.org/10.1109/TED.2021.3066454,False,page
https://cas.res.in/Publications.html,https://doi.org/10.1016/j.bspc.2021.102798,"https://doi.org/10.1016/j.bspc.2021.102798,2021",False,page
https://cas.res.in/Publications.html,https://doi.org/10.1177/0021955X20987155,"doi.org/10.1177/0021955X20987155, 2021",False,page
https://cas.res.in/Publications.html,https://doi.org/10.1016/B978-0-12-819611-3.00020-0,"https://doi.org/10.1016/B978-0-12-819611-3.00020-0, 2021",False,page
https://cas.res.in/Publications.html,https://doi.org/10.1111/jfpp.15571,"https://doi.org/10.1111/jfpp.15571,2021",False,page
https://cas.res.in/Publications.html,https://doi.org/10.1007/s00138-021-01204-7,https://doi.org/10.1007/s00138-021-01204-7,False,page
https://cas.res.in/Publications.html,https://doi.org/10.1016/j.ecoinf.2021.101247,"https://doi.org/10.1016/j.ecoinf.2021.101247, 2021",False,page
https://cas.res.in/Publications.html,https://doi.org/10.1016/j.bbe.2021.01.002,"https://doi.org/ 10.1016/ j.bbe.2021.01.002, 2021",False,page
https://cas.res.in/Publications.html,https://www.sciencedirect.com/science/journal/15749541/63/supp/C,Volume 63,False,page
https://cas.res.in/Publications.html,https://doi.org/10.1016/j.ecoinf.2021.101289,"https://doi.org/10.1016/j.ecoinf.2021.101289, 2021",False,page
https://cas.res.in/Publications.html,https://doi.org/10.1007/s11042-021-10534-7,"https://doi.org/10.1007/s11042-021-10534-7, 2021",False,page
https://cas.res.in/Publications.html,https://doi.org/10.1002/celc.202100197,https://doi.org/10.1002/celc.202100197,False,page
https://cas.res.in/Publications.html,https://doi.org/10.1109/JSEN.2020.3028153,"https://doi.org/1109/JSEN.2020.3028153, 2021",False,page
https://cas.res.in/Publications.html,https://doi.org/10.1186/s13638-020-01721-5,https://doi.org/10.1186/s13638-020-01721-5,False,page
https://cas.res.in/Publications.html,https://www.sciencedirect.com/science/journal/13191578/32/8,"Volume 32, Issue 8",False,page
https://cas.res.in/Publications.html,https://doi.org/10.1016/j.jksuci.2017.12.008,"doi.org/10.1016/j.jksuci.2017.12.008,2020",False,page
https://cas.res.in/Publications.html,https://doi.org/10.3390/e22090941,https://doi.org/10.3390/e22090941,False,page
https://cas.res.in/Publications.html,https://doi.org/10.1007/s11042-020-10204-0,https://doi.org/10.1007/s11042-020-10204-0,False,page
https://cas.res.in/Publications.html,https://doi.org/10.1007/s11517-020-02198-6,"https://doi.org/10.1007/s11517-020-02198-6, 2020",False,page
https://cas.res.in/Publications.html,https://doi.org/10.1016/j.bspc.2019.101821,"https://doi.org/10.1016/j.bspc.2019.101821,2020",False,page
https://cas.res.in/Publications.html,https://doi.org/10.1049/iet-map.2019.1028,"https://doi.org/10.1049/iet-map.2019.1028,2020",False,page
https://cas.res.in/Publications.html,https://doi.org/10.1080/1478422X.2020.1763685,"https://doi.org/10.1080/1478422X.2020.1763685,2020",False,page
https://cas.res.in/Publications.html,https://doi.org/10.1016/j.coco.2020.100407,"doi.org/10.1016/j.coco.2020.100407, 2020",False,page
https://cas.res.in/Publications.html,https://doi.org/10.1016/j.molliq.2020.113797,"https://doi.org/10.1016/j.molliq.2020.113797,2020",False,page
https://cas.res.in/Publications.html,https://doi.org/10.1016/j.cmpb.2020.105750,https://doi.org/10.1016/j.cmpb.2020.105750,False,page
https://cas.res.in/Publications.html,https://doi.org/10.1016/j.measurement.2019.107078,https://doi.org/10.1016/j.measurement.2019.107078,False,page
https://cas.res.in/Publications.html,https://doi.org/10.1007/s00521-019-04547-5,"https://doi.org/10.1007/s00521-019-04547-5, 2020",False,page
https://cas.res.in/Publications.html,https://doi.org/10.1109/TED.2020.3031235,"https://doi.org/10.1109/TED.2020.3031235, 2020",False,page
https://cas.res.in/Publications.html,https://doi.org/10.1007/s00521-018-3461-x,"https://doi.org/10.1007/s00521-018-3461-x., 2020",False,page
https://cas.res.in/Publications.html,https://doi.org/10.1039/D0MA00240B,"https://doi.org/10.1039/D0MA00240B, 2020",False,page
https://cas.res.in/Publications.html,https://doi.org/10.1109/TED.2020.2965020,"https://doi.1109/TED.2020.2965020, 2020",False,page
https://cas.res.in/Publications.html,https://doi.org/10.1021/acsnano.9b05605,https://doi.org/10.1021/acsnano.9b05605,False,page
https://cas.res.in/Publications.html,https://doi.org/10.1007/s10916-019-1260-2,doi.org/10.1007/ s10916-019-1260-2,False,page
https://cas.res.in/Publications.html,https://doi.org/10.3390/app9030404,https://doi.org/10.3390/app9030404,False,page
https://cas.res.in/Publications.html,https://www.sciencedirect.com/science/journal/02632241/148/supp/C,Volume 2019 148,False,page
https://cas.res.in/Publications.html,https://doi.org/10.1016/j.measurement.2019.106969,"https://doi.org/10.1016/j.measurement.2019.106969, 2019",False,page
https://cas.res.in/Publications.html,https://doi.org/10.1016/j.compbiomed.2019.103326,"https://doi.org/10.1016/j.compbiomed. 2019.103326, 2019",False,page
https://cas.res.in/Publications.html,https://doi.org/10.4018/IJEHMC.2019010102,https://doi.4018/IJEHMC.2019010102,False,page
https://cas.res.in/Publications.html,https://doi.org/10.1504/IJESDF.2019.10021732,"https://doi.org/10.1504/IJESDF.2019.10021732, 2019",False,page
https://cas.res.in/Publications.html,https://doi.org/10.1016/j.optcom.2019.01.020,"https://doi.org/10.1016/j.optcom.2019.01.020, 2019",False,page
https://cas.res.in/Publications.html,https://doi.org/10.1016/j.triboint.2019.03.007,"https://doi.org/10.1016/j.triboint.2019.03.007,2019",False,page
https://cas.res.in/Publications.html,https://doi.org/10.1063/1.5010683,"https://doi.org/10.1063/1.5010683, 2018",False,page
https://cas.res.in/Publications.html,https://doi.org/10.1007/s00521-018-3443-z,"https://doi.org/10.1007/s00521-018-3443-z, 2018",False,page
https://cas.res.in/Publications.html,https://doi.org/10.1109/ACCESS.2018.2854784,https://doi.org/10.1109/ACCESS.2018.2854784,False,page
https://cas.res.in/Publications.html,https://doi.org/10.1007/s00607-018-0638-1,"https://doi.org/10.1007/s00607-018-0638-1, 2018",False,page
https://cas.res.in/Publications.html,"http://dx.doi.org/10.14569/IJACSA.2018.091067,%20Impact%20factor%200.17","http://dx.doi.org/10.14569/IJACSA.2018.091067, Impact factor –",False,page
https://cas.res.in/Publications.html,https://doi.org/10.3390/app8112057,"https://doi.org/10.3390/app8112057, 2018",False,page
https://cas.res.in/Publications.html,https://doi.org/10.1007/s10489-018-1352-6,"https://doi.org/10.1007/s10489-018-1352-6, 2018",False,page
https://cas.res.in/Publications.html,https://doi.org/10.1504/IJSURFSE.2018.096744,https://doi. org/10.1504/IJSURFSE.2018.096744,False,page
https://cas.res.in/Publications.html,https://doi.org/10.1007/978-981-16-1892-5_6,10.1007/978-981-16-1892-5_6,False,page
https://cas.res.in/Publications.html,http://www.gpds.ulpgc.es/,Carlos M Travieso Gonzalez,False,page
https://cas.res.in/Publications.html,https://doi.org/10.1145/3309772.3309788,10.1145/3309772.3309788,False,page
https://cas.res.in/Publications.html,https://doi.org/10.1145/3309772.3309785,10.1145/3309772.3309785,False,page
https://cas.res.in/Publications.html,http://dx.doi.org/10.2139/ssrn.3575417,http://dx.doi.org/10.2139/ssrn.3575417,False,page
https://cas.res.in/Publications.html,https://ieeexplore.ieee.org/author/37086923057,Ankit Kumar,False,page
https://cas.res.in/Publications.html,https://ieeexplore.ieee.org/author/37086922149,Ankita Dwivedi,False,page
https://cas.res.in/Publications.html,https://ieeexplore.ieee.org/author/38256943900,Malay Kishore Dutta,False,page
https://cas.res.in/Publications.html,https://ieeexplore.ieee.org/document/9077148/,A Zero watermarking Approach for Biometric Image Security,False,page
https://cas.res.in/Publications.html,https://doi.org/10.1109/IC3A48958.2020.233268,10.1109/IC3A48958.2020.233268,False,page
https://cas.res.in/Publications.html,https://ieeexplore.ieee.org/author/37086439651,"Dhruv Dahiya,",False,page
https://cas.res.in/Publications.html,https://ieeexplore.ieee.org/author/37088375293,"Hardik Gupta,",False,page
https://cas.res.in/Publications.html,https://ieeexplore.ieee.org/author/37088386557,Malay Kishore Dutta,False,page
https://cas.res.in/Publications.html,https://ieeexplore.ieee.org/document/9077144/,A Deep Learning based Real Time Assistive Framework for Visually Impaired,False,page
https://cas.res.in/Publications.html,https://doi.org/10.1109/IC3A48958.2020.233280,10.1109/IC3A48958.2020.233280,False,page
https://cas.res.in/Publications.html,https://doi.org/10.1109/TSP.2019.8769077,10.1109/TSP.2019. 8769077,False,page
https://cas.res.in/Publications.html,https://doi.org/10.1109/TSP.2019.8768887,10.1109/TSP.2019.8768887,False,page
https://cas.res.in/Publications.html,https://ieeexplore.ieee.org/author/37088385119,Rakesh Chandra Joshi,False,page
https://cas.res.in/Publications.html,https://ieeexplore.ieee.org/author/37088385879,Saumya Yadav,False,page
https://cas.res.in/Publications.html,https://ieeexplore.ieee.org/author/37088388063,Astha Singh,False,page
https://cas.res.in/Publications.html,https://ieeexplore.ieee.org/document/9077150/,"DWT, DCT and PBFO based Approach for Biometric Image Security",False,page
https://cas.res.in/Publications.html,https://doi.org/10.1109/ICUMT48472.2019.8970870,10.1109/ ICUMT 48472. 2019. 8970870,False,page
https://cas.res.in/Publications.html,https://doi.org/10.1109/ICUMT48472.2019.8970920,10.1109/ICUMT48472.2019.8970920,False,page
https://cas.res.in/Publications.html,https://www.researchgate.net/deref/http%3A%2F%2Fdx.doi.org%2F10.1145%2F3378184.3378216,10.1145/3378184.3378216,False,page
https://cas.res.in/Publications.html,https://doi.org/10.1109/IC3A48958.2020.233299,10.1109/IC3A48958.2020.233299,False,page
https://cas.res.in/Publications.html,https://doi.org/10.1109/ISCON47742.2019.9036232,10. 1109/ ISCON47742.2019. 9036232,False,page
https://cas.res.in/Publications.html,https://doi.org/10.1109/ISCON47742.2019.9036228,10.1109/ISCON47742.2019. 9036228,False,page
https://cas.res.in/Publications.html,https://doi.org/10.1007/978-3-030-39875-0_17,https://doi.org/10.1007/978-3-030-39875-0_17,False,page
https://cas.res.in/Publications.html,http://dx.doi.org/10.1007/978-981-15-0146-3_69,10.1007/978-981-15-0146-3_69,False,page
https://cas.res.in/Publications.html,https://doi.org/10.1109/ISCON47742.2019.9036214,10.1109/ISCON47742.2019.9036214,False,page
https://cas.res.in/Publications.html,https://dx.doi.org/10.2139/ssrn.3576379,http://dx.doi.org/10.2139/ssrn.3576379,False,page
https://cas.res.in/Publications.html,https://doi.org/10.1109/ICACCCN51052.2020.9362804,10.1109/ICACCCN51052.2020.9362804,False,page
https://cas.res.in/Publications.html,https://doi.org/10.1109/ICESC48915.2020.9156028,10.1109/ICESC48915.2020.9156028,False,page
https://cas.res.in/Publications.html,https://doi.org/10.1109/ICESC48915.2020.9155996,10.1109/ICESC48915.2020.9155996,False,page
https://cas.res.in/Publications.html,https://doi.org/10.1109/IC3A48958.2020.233281,10.1109/IC3A48958.2020.233281,False,page
https://cas.res.in/Publications.html,https://doi.org/10.1109/IC3A48958.2020.233295,10.1109/IC3A48958.2020.233295,False,page
https://cas.res.in/Publications.html,https://doi.org/10.1145/3309772.3309783,10.1145/3309772.3309783,False,page
https://cas.res.in/Publications.html,https://doi.org/10.1145/3309772.3309791,10.1145/3309772.3309791,False,page
https://cas.res.in/Publications.html,https://doi.org/10.1109/TSP.2019.8768847,10.1109/TSP.2019.8768847,False,page
https://cas.res.in/Publications.html,https://doi.org/10.1109/TSP.2019.8768894,10.1109/TSP.2019.8768894,False,page
https://cas.res.in/Publications.html,https://doi.org/10.1109/TSP.2019.8768881,10.1109/TSP. 2019.8768881,False,page
https://cas.res.in/Publications.html,https://doi.org/10.1109/TSP.2019.8768808,10 . 1109 /TSP .2019.8768808,False,page
https://cas.res.in/Publications.html,https://doi.org/10.1109/TSP.2019.8769039,10.1109/TSP.2019.8769039,False,page
https://cas.res.in/Publications.html,https://doi.org/10.1109/TSP.2019.8768856,10.1109/TSP.2019.8768856,False,page
https://cas.res.in/Publications.html,https://doi.org/10.1016/j.matpr.2020.12.368,"https://doi.org/10.1016/j.matpr.2020.12.368, 2021",False,page
https://cas.res.in/Publications.html,https://doi.org/10.1016/j.matpr.2020.12.691,"https://doi.org/10.1016/j.matpr.2020.12.691, 2021",False,page
https://cas.res.in/Publications.html,https://cas.res.in/,"Centre for Advanced Studies (CAS, AKTU)",True,page
https://cas.res.in/patents.html,https://cas.res.in/index.html,Home,True,page
https://cas.res.in/patents.html,https://cas.res.in/director.html,Director,True,page
https://cas.res.in/patents.html,https://cas.res.in/faculty.html,Current Faculty,True,page
https://cas.res.in/patents.html,https://cas.res.in/visitingfaculty.html,Visiting Faculty,True,page
https://cas.res.in/patents.html,https://cas.res.in/pastfaculty.html,Past Faculty,True,page
https://cas.res.in/patents.html,https://cas.res.in/staff.html,Staff,True,page
https://cas.res.in/patents.html,https://cas.res.in/Mtechcse.html,Computer Science Engineering,True,page
https://cas.res.in/patents.html,https://cas.res.in/mtechnano.html,Nanotechnology,True,page
https://cas.res.in/patents.html,https://cas.res.in/mtechenergy.html,Energy Science & Technology,True,page
https://cas.res.in/patents.html,https://cas.res.in/mtechmecha.html,Mechatronics,True,page
https://cas.res.in/patents.html,https://cas.res.in/mtechmanufacturing.html,Manufacturing Technology & Automation,True,page
https://cas.res.in/patents.html,https://cas.res.in/csephd.html,PHD Program,True,page
https://cas.res.in/patents.html,https://cas.res.in/pdf/CAS%20M.Tech%20Ordinance%20-%20Revised%20after%20BOS.pdf,M.Tech Ordinance,True,document
https://cas.res.in/patents.html,https://cas.res.in/pdf/Ph.D%20ordinance.pdf,PHD Ordinance,True,document
https://cas.res.in/patents.html,https://cas.res.in/pdf/SCIE%20Journal%20List%20with%20Impactfactor.pdf,List Of SCIE Journals,True,document
https://cas.res.in/patents.html,https://cas.res.in/cse1.html,Computer Science Engineering,True,page
https://cas.res.in/patents.html,https://cas.res.in/nano1.html,Nanotechnology,True,page
https://cas.res.in/patents.html,https://cas.res.in/est1.html,Energy Science & Technology,True,page
https://cas.res.in/patents.html,https://cas.res.in/mecha1.html,Mechatronics,True,page
https://cas.res.in/patents.html,https://cas.res.in/manu1.html,Manufacturing Technology & Automation,True,page
https://cas.res.in/patents.html,https://cas.res.in/apply-to-M.Tech.html,MTech,True,page
https://cas.res.in/patents.html,https://cas.res.in/apply-to-PhD.html,PhD,True,page
https://cas.res.in/patents.html,https://cas.res.in/feedetails.html,Fees,True,page
https://cas.res.in/patents.html,https://cas.res.in/hostel.html,Hostel Details,True,page
https://cas.res.in/patents.html,https://cas.res.in/research1.html,Research,True,page
https://cas.res.in/patents.html,https://cas.res.in/infra.html,LABS,True,page
https://cas.res.in/patents.html,https://cas.res.in/equip.html,Major Equipments,True,page
https://cas.res.in/patents.html,https://cas.res.in/library.html,Library,True,page
https://cas.res.in/patents.html,https://cas.res.in/geninfra.html,General Infrastructure,True,page
https://cas.res.in/patents.html,https://cas.res.in/campustour/index.html,Campus Tour,True,page
https://cas.res.in/patents.html,https://youtu.be/wuBRMYGzK8g,Video Tour,False,page
https://cas.res.in/patents.html,https://cas.res.in/studentlyf.html,Student's Life,True,page
https://cas.res.in/patents.html,https://cas.res.in/studentpub.html,Student's Publication,True,page
https://cas.res.in/patents.html,https://cas.res.in/alumni.html,Alumni,True,page
https://cas.res.in/patents.html,https://cas.res.in/studentinno.html,Innovation Gallery,True,page
https://cas.res.in/patents.html,https://cas.res.in/contact1.html,Contact,True,page
https://cas.res.in/patents.html,https://cas.res.in/,"Centre for Advanced Studies (CAS, AKTU)",True,page
https://cas.res.in/about-us.html,https://cas.res.in/index.html,Home,True,page
https://cas.res.in/about-us.html,https://cas.res.in/director.html,Director,True,page
https://cas.res.in/about-us.html,https://cas.res.in/faculty.html,Current Faculty,True,page
https://cas.res.in/about-us.html,https://cas.res.in/visitingfaculty.html,Visiting Faculty,True,page
https://cas.res.in/about-us.html,https://cas.res.in/pastfaculty.html,Past Faculty,True,page
https://cas.res.in/about-us.html,https://cas.res.in/staff.html,Staff,True,page
https://cas.res.in/about-us.html,https://cas.res.in/Mtechcse.html,Computer Science Engineering,True,page
https://cas.res.in/about-us.html,https://cas.res.in/mtechnano.html,Nanotechnology,True,page
https://cas.res.in/about-us.html,https://cas.res.in/mtechenergy.html,Energy Science & Technology,True,page
https://cas.res.in/about-us.html,https://cas.res.in/mtechmecha.html,Mechatronics,True,page
https://cas.res.in/about-us.html,https://cas.res.in/mtechmanufacturing.html,Manufacturing Technology & Automation,True,page
https://cas.res.in/about-us.html,https://cas.res.in/csephd.html,PHD Program,True,page
https://cas.res.in/about-us.html,https://cas.res.in/pdf/CAS%20M.Tech%20Ordinance%20-%20Revised%20after%20BOS.pdf,M.Tech Ordinance,True,document
https://cas.res.in/about-us.html,https://cas.res.in/pdf/Ph.D%20ordinance.pdf,PHD Ordinance,True,document
https://cas.res.in/about-us.html,https://cas.res.in/pdf/SCIE%20Journal%20List%20with%20Impactfactor.pdf,List Of SCIE Journals,True,document
https://cas.res.in/about-us.html,https://cas.res.in/cse1.html,Computer Science Engineering,True,page
https://cas.res.in/about-us.html,https://cas.res.in/nano1.html,Nanotechnology,True,page
https://cas.res.in/about-us.html,https://cas.res.in/est1.html,Energy Science & Technology,True,page
https://cas.res.in/about-us.html,https://cas.res.in/mecha1.html,Mechatronics,True,page
https://cas.res.in/about-us.html,https://cas.res.in/manu1.html,Manufacturing Technology & Automation,True,page
https://cas.res.in/about-us.html,https://cas.res.in/apply-to-M.Tech.html,MTech,True,page
https://cas.res.in/about-us.html,https://cas.res.in/apply-to-PhD.html,PhD,True,page
https://cas.res.in/about-us.html,https://cas.res.in/feedetails.html,Fees,True,page
https://cas.res.in/about-us.html,https://cas.res.in/hostel.html,Hostel Details,True,page
https://cas.res.in/about-us.html,https://cas.res.in/research1.html,Research,True,page
https://cas.res.in/about-us.html,https://cas.res.in/infra.html,LABS,True,page
https://cas.res.in/about-us.html,https://cas.res.in/equip.html,Major Equipments,True,page
https://cas.res.in/about-us.html,https://cas.res.in/library.html,Library,True,page
https://cas.res.in/about-us.html,https://cas.res.in/geninfra.html,General Infrastructure,True,page
https://cas.res.in/about-us.html,https://cas.res.in/campustour/index.html,Campus Tour,True,page
https://cas.res.in/about-us.html,https://youtu.be/wuBRMYGzK8g,Video Tour,False,page
https://cas.res.in/about-us.html,https://cas.res.in/studentlyf.html,Student's Life,True,page
https://cas.res.in/about-us.html,https://cas.res.in/studentpub.html,Student's Publication,True,page
https://cas.res.in/about-us.html,https://cas.res.in/alumni.html,Alumni,True,page
https://cas.res.in/about-us.html,https://cas.res.in/studentinno.html,Innovation Gallery,True,page
https://cas.res.in/about-us.html,https://cas.res.in/activities.html,Activities,True,page
https://cas.res.in/about-us.html,https://cas.res.in/contact1.html,Contact,True,page
https://cas.res.in/about-us.html,https://cas.res.in/,"Centre for Advanced Studies (CAS, AKTU)",True,page
https://cas.res.in/media.html,https://cas.res.in/index.html,Home,True,page
https://cas.res.in/media.html,https://cas.res.in/director.html,Director,True,page
https://cas.res.in/media.html,https://cas.res.in/faculty.html,Current Faculty,True,page
https://cas.res.in/media.html,https://cas.res.in/visitingfaculty.html,Visiting Faculty,True,page
https://cas.res.in/media.html,https://cas.res.in/pastfaculty.html,Past Faculty,True,page
https://cas.res.in/media.html,https://cas.res.in/staff.html,Staff,True,page
https://cas.res.in/media.html,https://cas.res.in/Mtechcse.html,Computer Science Engineering,True,page
https://cas.res.in/media.html,https://cas.res.in/mtechnano.html,Nanotechnology,True,page
https://cas.res.in/media.html,https://cas.res.in/mtechenergy.html,Energy Science & Technology,True,page
https://cas.res.in/media.html,https://cas.res.in/mtechmecha.html,Mechatronics,True,page
https://cas.res.in/media.html,https://cas.res.in/mtechmanufacturing.html,Manufacturing Technology & Automation,True,page
https://cas.res.in/media.html,https://cas.res.in/csephd.html,PHD Program,True,page
https://cas.res.in/media.html,https://cas.res.in/pdf/CAS%20M.Tech%20Ordinance%20-%20Revised%20after%20BOS.pdf,M.Tech Ordinance,True,document
https://cas.res.in/media.html,https://cas.res.in/pdf/Ph.D%20ordinance.pdf,PHD Ordinance,True,document
https://cas.res.in/media.html,https://cas.res.in/pdf/SCIE%20Journal%20List%20with%20Impactfactor.pdf,List Of SCIE Journals,True,document
https://cas.res.in/media.html,https://cas.res.in/cse1.html,Computer Science Engineering,True,page
https://cas.res.in/media.html,https://cas.res.in/nano1.html,Nanotechnology,True,page
https://cas.res.in/media.html,https://cas.res.in/est1.html,Energy Science & Technology,True,page
https://cas.res.in/media.html,https://cas.res.in/mecha1.html,Mechatronics,True,page
https://cas.res.in/media.html,https://cas.res.in/manu1.html,Manufacturing Technology & Automation,True,page
https://cas.res.in/media.html,https://cas.res.in/apply-to-M.Tech.html,MTech,True,page
https://cas.res.in/media.html,https://cas.res.in/apply-to-PhD.html,PhD,True,page
https://cas.res.in/media.html,https://cas.res.in/feedetails.html,Fees,True,page
https://cas.res.in/media.html,https://cas.res.in/hostel.html,Hostel Details,True,page
https://cas.res.in/media.html,https://cas.res.in/research1.html,Research,True,page
https://cas.res.in/media.html,https://cas.res.in/infra.html,LABS,True,page
https://cas.res.in/media.html,https://cas.res.in/equip.html,Major Equipments,True,page
https://cas.res.in/media.html,https://cas.res.in/library.html,Library,True,page
https://cas.res.in/media.html,https://cas.res.in/geninfra.html,General Infrastructure,True,page
https://cas.res.in/media.html,https://cas.res.in/campustour/index.html,Campus Tour,True,page
https://cas.res.in/media.html,https://youtu.be/wuBRMYGzK8g,Video Tour,False,page
https://cas.res.in/media.html,https://cas.res.in/studentlyf.html,Student's Life,True,page
https://cas.res.in/media.html,https://cas.res.in/studentpub.html,Student's Publication,True,page
https://cas.res.in/media.html,https://cas.res.in/alumni.html,Alumni,True,page
https://cas.res.in/media.html,https://cas.res.in/studentinno.html,Innovation Gallery,True,page
https://cas.res.in/media.html,https://cas.res.in/contact1.html,Contact,True,page
https://cas.res.in/media.html,https://cas.res.in/images/media/dr1.jpeg,,True,document
https://cas.res.in/media.html,https://cas.res.in/images/media/dr2.jpeg,,True,document
https://cas.res.in/media.html,https://cas.res.in/images/media/dr3.jpeg,,True,document
https://cas.res.in/media.html,https://cas.res.in/images/media/83.jpeg,,True,document
https://cas.res.in/media.html,https://cas.res.in/images/media/c1.jpeg,,True,document
https://cas.res.in/media.html,https://cas.res.in/images/media/81.jpeg,,True,document
https://cas.res.in/media.html,https://cas.res.in/images/media/82.jpeg,,True,document
https://cas.res.in/media.html,https://cas.res.in/images/media/76.jpeg,,True,document
https://cas.res.in/media.html,https://cas.res.in/images/media/84.jpeg,,True,document
https://cas.res.in/media.html,https://cas.res.in/images/media/77.jpeg,,True,document
https://cas.res.in/media.html,https://cas.res.in/images/media/78.jpeg,,True,document
https://cas.res.in/media.html,https://cas.res.in/images/media/79.jpeg,,True,document
https://cas.res.in/media.html,https://cas.res.in/images/media/72.jpeg,,True,document
https://cas.res.in/media.html,https://cas.res.in/images/media/73.jpeg,,True,document
https://cas.res.in/media.html,https://cas.res.in/images/media/74.jpeg,,True,document
https://cas.res.in/media.html,https://cas.res.in/images/media/75.jpeg,,True,document
https://cas.res.in/media.html,https://cas.res.in/images/media/64.jpg,,True,document
https://cas.res.in/media.html,https://cas.res.in/images/media/58.jpeg,,True,document
https://cas.res.in/media.html,https://cas.res.in/images/media/57.jpeg,,True,document
https://cas.res.in/media.html,https://cas.res.in/images/media/56.jpeg,,True,document
https://cas.res.in/media.html,https://cas.res.in/images/media/52.jpeg,,True,document
https://cas.res.in/media.html,https://cas.res.in/images/media/53.jpg,,True,document
https://cas.res.in/media.html,https://cas.res.in/images/media/55.jpg,,True,document
https://cas.res.in/media.html,https://cas.res.in/images/media/50.jpg,,True,document
https://cas.res.in/media.html,https://cas.res.in/images/media/51.jpg,,True,document
https://cas.res.in/media.html,https://cas.res.in/images/media/21.jpeg,,True,document
https://cas.res.in/media.html,https://cas.res.in/images/media/49.jpg,,True,document
https://cas.res.in/media.html,https://cas.res.in/images/media/45.jpg,,True,document
https://cas.res.in/media.html,https://cas.res.in/images/media/48.jpg,,True,document
https://cas.res.in/media.html,https://cas.res.in/images/media/1.jpg,,True,document
https://cas.res.in/media.html,https://cas.res.in/images/media/2.jpg,,True,document
https://cas.res.in/media.html,https://cas.res.in/images/media/3.jpg,,True,document
https://cas.res.in/media.html,https://cas.res.in/images/media/4.jpg,,True,document
https://cas.res.in/media.html,https://cas.res.in/images/media/8.jpg,,True,document
https://cas.res.in/media.html,https://cas.res.in/images/media/10.jpg,,True,document
https://cas.res.in/media.html,https://cas.res.in/images/media/11.jpg,,True,document
https://cas.res.in/media.html,https://cas.res.in/images/media/12.jpg,,True,document
https://cas.res.in/media.html,https://cas.res.in/images/media/13.jpg,,True,document
https://cas.res.in/media.html,https://cas.res.in/images/media/14.jpg,,True,document
https://cas.res.in/media.html,https://cas.res.in/images/media/15.jpg,,True,document
https://cas.res.in/media.html,https://cas.res.in/images/media/16.jpg,,True,document
https://cas.res.in/media.html,https://cas.res.in/images/media/17.jpg,,True,document
https://cas.res.in/media.html,https://cas.res.in/images/media/22.jpg,,True,document
https://cas.res.in/media.html,https://cas.res.in/images/media/23.jpg,,True,document
https://cas.res.in/media.html,https://cas.res.in/images/media/25.jpg,,True,document
https://cas.res.in/media.html,https://cas.res.in/images/media/26.jpg,,True,document
https://cas.res.in/media.html,https://cas.res.in/images/media/27.jpg,,True,document
https://cas.res.in/media.html,https://cas.res.in/images/media/28.jpg,,True,document
https://cas.res.in/media.html,https://cas.res.in/images/media/40.jpg,,True,document
https://cas.res.in/media.html,https://cas.res.in/images/media/29.jpg,,True,document
https://cas.res.in/media.html,https://cas.res.in/images/media/30.jpg,,True,document
https://cas.res.in/media.html,https://cas.res.in/images/media/31.jpg,,True,document
https://cas.res.in/media.html,https://cas.res.in/images/media/32.jpg,,True,document
https://cas.res.in/media.html,https://cas.res.in/images/media/33.jpg,,True,document
https://cas.res.in/media.html,https://cas.res.in/images/media/34.jpg,,True,document
https://cas.res.in/media.html,https://cas.res.in/images/media/35.jpg,,True,document
https://cas.res.in/media.html,https://cas.res.in/images/media/36.jpg,,True,document
https://cas.res.in/media.html,https://cas.res.in/images/media/37.jpg,,True,document
https://cas.res.in/media.html,https://cas.res.in/images/media/38.jpg,,True,document
https://cas.res.in/media.html,https://cas.res.in/images/media/39.jpg,,True,document
https://cas.res.in/media.html,https://cas.res.in/images/media/41.jpg,,True,document
https://cas.res.in/media.html,https://cas.res.in/images/media/42.jpg,,True,document
https://cas.res.in/media.html,https://cas.res.in/images/media/43.jpg,,True,document
https://cas.res.in/media.html,https://cas.res.in/images/media/44.jpg,,True,document
https://cas.res.in/media.html,https://cas.res.in/images/media/46.jpg,,True,document
https://cas.res.in/media.html,https://cas.res.in/images/media/47.jpg,,True,document
https://cas.res.in/media.html,https://cas.res.in/images/media/5.jpg,,True,document
https://cas.res.in/media.html,https://cas.res.in/images/media/6.jpg,,True,document
https://cas.res.in/media.html,https://cas.res.in/images/media/7.jpg,,True,document
https://cas.res.in/media.html,https://cas.res.in/images/media/54.jpg,,True,document
https://cas.res.in/media.html,https://cas.res.in/images/media/24.jpg,,True,document
https://cas.res.in/media.html,https://cas.res.in/,"Centre for Advanced Studies (CAS, AKTU)",True,page
https://cas.res.in/notices.html,https://cas.res.in/index.html,Home,True,page
https://cas.res.in/notices.html,https://cas.res.in/director.html,Director,True,page
https://cas.res.in/notices.html,https://cas.res.in/faculty.html,Current Faculty,True,page
https://cas.res.in/notices.html,https://cas.res.in/visitingfaculty.html,Visiting Faculty,True,page
https://cas.res.in/notices.html,https://cas.res.in/pastfaculty.html,Past Faculty,True,page
https://cas.res.in/notices.html,https://cas.res.in/staff.html,Staff,True,page
https://cas.res.in/notices.html,https://cas.res.in/Mtechcse.html,Computer Science Engineering,True,page
https://cas.res.in/notices.html,https://cas.res.in/mtechnano.html,Nanotechnology,True,page
https://cas.res.in/notices.html,https://cas.res.in/mtechenergy.html,Energy Science & Technology,True,page
https://cas.res.in/notices.html,https://cas.res.in/mtechmecha.html,Mechatronics,True,page
https://cas.res.in/notices.html,https://cas.res.in/mtechmanufacturing.html,Manufacturing Technology & Automation,True,page
https://cas.res.in/notices.html,https://cas.res.in/csephd.html,PHD Program,True,page
https://cas.res.in/notices.html,https://cas.res.in/pdf/CAS%20M.Tech%20Ordinance%20-%20Revised%20after%20BOS.pdf,M.Tech Ordinance,True,document
https://cas.res.in/notices.html,https://cas.res.in/pdf/Ph.D%20ordinance.pdf,PHD Ordinance,True,document
https://cas.res.in/notices.html,https://cas.res.in/pdf/SCIE%20Journal%20List%20with%20Impactfactor.pdf,List Of SCIE Journals,True,document
https://cas.res.in/notices.html,https://cas.res.in/cse1.html,Computer Science Engineering,True,page
https://cas.res.in/notices.html,https://cas.res.in/nano1.html,Nanotechnology,True,page
https://cas.res.in/notices.html,https://cas.res.in/est1.html,Energy Science & Technology,True,page
https://cas.res.in/notices.html,https://cas.res.in/mecha1.html,Mechatronics,True,page
https://cas.res.in/notices.html,https://cas.res.in/manu1.html,Manufacturing Technology & Automation,True,page
https://cas.res.in/notices.html,https://cas.res.in/apply-to-M.Tech.html,MTech,True,page
https://cas.res.in/notices.html,https://cas.res.in/apply-to-PhD.html,PhD,True,page
https://cas.res.in/notices.html,https://cas.res.in/feedetails.html,Fees,True,page
https://cas.res.in/notices.html,https://cas.res.in/hostel.html,Hostel Details,True,page
https://cas.res.in/notices.html,https://cas.res.in/research1.html,Research,True,page
https://cas.res.in/notices.html,https://cas.res.in/infra.html,LABS,True,page
https://cas.res.in/notices.html,https://cas.res.in/equip.html,Major Equipments,True,page
https://cas.res.in/notices.html,https://cas.res.in/library.html,Library,True,page
https://cas.res.in/notices.html,https://cas.res.in/geninfra.html,General Infrastructure,True,page
https://cas.res.in/notices.html,https://cas.res.in/campustour/index.html,Campus Tour,True,page
https://cas.res.in/notices.html,https://youtu.be/wuBRMYGzK8g,Video Tour,False,page
https://cas.res.in/notices.html,https://cas.res.in/studentlyf.html,Student's Life,True,page
https://cas.res.in/notices.html,https://cas.res.in/studentpub.html,Student's Publication,True,page
https://cas.res.in/notices.html,https://cas.res.in/alumni.html,Alumni,True,page
https://cas.res.in/notices.html,https://cas.res.in/studentinno.html,Innovation Gallery,True,page
https://cas.res.in/notices.html,https://cas.res.in/activities.html,Activities,True,page
https://cas.res.in/notices.html,https://cas.res.in/contact1.html,Contact,True,page
https://cas.res.in/notices.html,https://cas.res.in/images/ai11.jpg,3 day offline Workshop on Artificial Intelligence:Machine Learning & Deep Learning on 10th October to 12th October 2022,True,document
https://cas.res.in/notices.html,https://cas.res.in/pdf/Advertisement for faculty CAS.pdf,Interview for Faculty Positions (Assistant Professor on contract),True,document
https://cas.res.in/notices.html,https://cas.res.in/pdf/Shortlisted data for Internship.pdf,Shortlisted students for Internship 2022,True,document
https://cas.res.in/notices.html,https://cas.res.in/workshops.html,Workshops/Trainings for students in Emerging Technologies,True,page
https://cas.res.in/notices.html,https://cas.res.in/images/openday.jpeg,Centre for Advanced Studies hosting Open Day on 20-21 May 2022,True,document
https://cas.res.in/notices.html,https://cas.res.in/internship/,Summer Training /Summer Internship 2022 Registration,True,page
https://cas.res.in/notices.html,https://cas.res.in/pdf/All_Equipments_CAS_23 May 2022 new.pdf,Research Facilities in the Institute,True,document
https://cas.res.in/notices.html,https://cas.res.in/pdf/Advertisement for JRF-22 Feb 2022.pdf,Applications are invited for the Post of Junior Research Fellow (JRF),True,document
https://cas.res.in/notices.html,https://cas.res.in/pdf/iot.jpeg,Offline Workshop on Internet of Things(IoT) 17th -18th dec 2021,True,document
https://cas.res.in/notices.html,https://cas.res.in/pdf/Advertisement for JRF-Nov 2021.pdf,Applications are invited for the Post of Junior Research Fellow (JRF),True,document
https://cas.res.in/notices.html,https://cas.res.in/pdf/PhD Leave Rule.pdf,Leave rules for PhD research scholars,True,document
https://cas.res.in/notices.html,https://cas.res.in/pdf/3aa5cae1-4c8e-4b96-aeea-cafe0400fef3.jpg,Monthly research progress presentations by CAS PhD scholars,True,document
https://cas.res.in/notices.html,https://cas.res.in/pdf/ADVT-final-extended.pdf,M.TECH ADMISSIONS FOR SESSION 2021-22 Last date is extended to 25th July 2021,True,document
https://cas.res.in/notices.html,https://cas.res.in/pdf/Circular1.pdf,Annual E-consortium feedetails,True,document
https://cas.res.in/notices.html,https://cas.res.in/pdf/Scopus Circular.pdf,Scopus access in CAS digital Library,True,document
https://cas.res.in/notices.html,https://cas.res.in/pdf/invite.pdf,"Live Webinar on ""Integrating Scopus in Research Workflow"" ;Tuesday July 7th 2021 at 04:00 PM",True,document
https://cas.res.in/notices.html,https://cas.res.in/pdf/Web of Science & JCR Online session.pdf,Live Webinar on web of Science Friday July 2nd 2021 at 04:00 PM,True,document
https://cas.res.in/notices.html,https://cas.res.in/,"Centre for Advanced Studies (CAS, AKTU)",True,page
https://cas.res.in/expert.html,https://cas.res.in/index.html,Home,True,page
https://cas.res.in/expert.html,https://cas.res.in/director.html,Director,True,page
https://cas.res.in/expert.html,https://cas.res.in/faculty.html,Current Faculty,True,page
https://cas.res.in/expert.html,https://cas.res.in/visitingfaculty.html,Visiting Faculty,True,page
https://cas.res.in/expert.html,https://cas.res.in/pastfaculty.html,Past Faculty,True,page
https://cas.res.in/expert.html,https://cas.res.in/staff.html,Staff,True,page
https://cas.res.in/expert.html,https://cas.res.in/Mtechcse.html,Computer Science Engineering,True,page
https://cas.res.in/expert.html,https://cas.res.in/mtechnano.html,Nanotechnology,True,page
https://cas.res.in/expert.html,https://cas.res.in/mtechenergy.html,Energy Science & Technology,True,page
https://cas.res.in/expert.html,https://cas.res.in/mtechmecha.html,Mechatronics,True,page
https://cas.res.in/expert.html,https://cas.res.in/mtechmanufacturing.html,Manufacturing Technology & Automation,True,page
https://cas.res.in/expert.html,https://cas.res.in/csephd.html,PHD Program,True,page
https://cas.res.in/expert.html,https://cas.res.in/pdf/CAS%20M.Tech%20Ordinance%20-%20Revised%20after%20BOS.pdf,M.Tech Ordinance,True,document
https://cas.res.in/expert.html,https://cas.res.in/pdf/Ph.D%20ordinance.pdf,PHD Ordinance,True,document
https://cas.res.in/expert.html,https://cas.res.in/pdf/SCIE%20Journal%20List%20with%20Impactfactor.pdf,List Of SCIE Journals,True,document
https://cas.res.in/expert.html,https://cas.res.in/cse1.html,Computer Science Engineering,True,page
https://cas.res.in/expert.html,https://cas.res.in/nano1.html,Nanotechnology,True,page
https://cas.res.in/expert.html,https://cas.res.in/est1.html,Energy Science & Technology,True,page
https://cas.res.in/expert.html,https://cas.res.in/mecha1.html,Mechatronics,True,page
https://cas.res.in/expert.html,https://cas.res.in/manu1.html,Manufacturing Technology & Automation,True,page
https://cas.res.in/expert.html,https://cas.res.in/apply-to-M.Tech.html,MTech,True,page
https://cas.res.in/expert.html,https://cas.res.in/apply-to-PhD.html,PhD,True,page
https://cas.res.in/expert.html,https://cas.res.in/feedetails.html,Fees,True,page
https://cas.res.in/expert.html,https://cas.res.in/hostel.html,Hostel Details,True,page
https://cas.res.in/expert.html,https://cas.res.in/research1.html,Research,True,page
https://cas.res.in/expert.html,https://cas.res.in/infra.html,LABS,True,page
https://cas.res.in/expert.html,https://cas.res.in/equip.html,Major Equipments,True,page
https://cas.res.in/expert.html,https://cas.res.in/library.html,Library,True,page
https://cas.res.in/expert.html,https://cas.res.in/geninfra.html,General Infrastructure,True,page
https://cas.res.in/expert.html,https://cas.res.in/campustour/index.html,Campus Tour,True,page
https://cas.res.in/expert.html,https://youtu.be/wuBRMYGzK8g,Video Tour,False,page
https://cas.res.in/expert.html,https://cas.res.in/studentlyf.html,Student's Life,True,page
https://cas.res.in/expert.html,https://cas.res.in/studentpub.html,Student's Publication,True,page
https://cas.res.in/expert.html,https://cas.res.in/alumni.html,Alumni,True,page
https://cas.res.in/expert.html,https://cas.res.in/studentinno.html,Innovation Gallery,True,page
https://cas.res.in/expert.html,https://cas.res.in/contact1.html,Contact,True,page
https://cas.res.in/expert.html,https://cas.res.in/,"Centre for Advanced Studies (CAS, AKTU)",True,page
https://cas.res.in/intlcollab.html,https://cas.res.in/index.html,Home,True,page
https://cas.res.in/intlcollab.html,https://cas.res.in/director.html,Director,True,page
https://cas.res.in/intlcollab.html,https://cas.res.in/faculty.html,Current Faculty,True,page
https://cas.res.in/intlcollab.html,https://cas.res.in/visitingfaculty.html,Visiting Faculty,True,page
https://cas.res.in/intlcollab.html,https://cas.res.in/pastfaculty.html,Past Faculty,True,page
https://cas.res.in/intlcollab.html,https://cas.res.in/staff.html,Staff,True,page
https://cas.res.in/intlcollab.html,https://cas.res.in/Mtechcse.html,Computer Science Engineering,True,page
https://cas.res.in/intlcollab.html,https://cas.res.in/mtechnano.html,Nanotechnology,True,page
https://cas.res.in/intlcollab.html,https://cas.res.in/mtechenergy.html,Energy Science & Technology,True,page
https://cas.res.in/intlcollab.html,https://cas.res.in/mtechmecha.html,Mechatronics,True,page
https://cas.res.in/intlcollab.html,https://cas.res.in/mtechmanufacturing.html,Manufacturing Technology & Automation,True,page
https://cas.res.in/intlcollab.html,https://cas.res.in/csephd.html,PHD Program,True,page
https://cas.res.in/intlcollab.html,https://cas.res.in/pdf/CAS%20M.Tech%20Ordinance%20-%20Revised%20after%20BOS.pdf,M.Tech Ordinance,True,document
https://cas.res.in/intlcollab.html,https://cas.res.in/pdf/Ph.D%20ordinance.pdf,PHD Ordinance,True,document
https://cas.res.in/intlcollab.html,https://cas.res.in/pdf/SCIE%20Journal%20List%20with%20Impactfactor.pdf,List Of SCIE Journals,True,document
https://cas.res.in/intlcollab.html,https://cas.res.in/cse1.html,Computer Science Engineering,True,page
https://cas.res.in/intlcollab.html,https://cas.res.in/nano1.html,Nanotechnology,True,page
https://cas.res.in/intlcollab.html,https://cas.res.in/est1.html,Energy Science & Technology,True,page
https://cas.res.in/intlcollab.html,https://cas.res.in/mecha1.html,Mechatronics,True,page
https://cas.res.in/intlcollab.html,https://cas.res.in/manu1.html,Manufacturing Technology & Automation,True,page
https://cas.res.in/intlcollab.html,https://cas.res.in/apply-to-M.Tech.html,MTech,True,page
https://cas.res.in/intlcollab.html,https://cas.res.in/apply-to-PhD.html,PhD,True,page
https://cas.res.in/intlcollab.html,https://cas.res.in/feedetails.html,Fees,True,page
https://cas.res.in/intlcollab.html,https://cas.res.in/hostel.html,Hostel Details,True,page
https://cas.res.in/intlcollab.html,https://cas.res.in/research1.html,Research,True,page
https://cas.res.in/intlcollab.html,https://cas.res.in/infra.html,LABS,True,page
https://cas.res.in/intlcollab.html,https://cas.res.in/equip.html,Major Equipments,True,page
https://cas.res.in/intlcollab.html,https://cas.res.in/library.html,Library,True,page
https://cas.res.in/intlcollab.html,https://cas.res.in/geninfra.html,General Infrastructure,True,page
https://cas.res.in/intlcollab.html,https://cas.res.in/campustour/index.html,Campus Tour,True,page
https://cas.res.in/intlcollab.html,https://youtu.be/wuBRMYGzK8g,Video Tour,False,page
https://cas.res.in/intlcollab.html,https://cas.res.in/studentlyf.html,Student's Life,True,page
https://cas.res.in/intlcollab.html,https://cas.res.in/studentpub.html,Student's Publication,True,page
https://cas.res.in/intlcollab.html,https://cas.res.in/alumni.html,Alumni,True,page
https://cas.res.in/intlcollab.html,https://cas.res.in/studentinno.html,Innovation Gallery,True,page
https://cas.res.in/intlcollab.html,https://cas.res.in/contact1.html,Contact,True,page
https://cas.res.in/intlcollab.html,https://www.sciencedirect.com/science/journal/17468094/57/supp/C,Volume 57,False,page
https://cas.res.in/intlcollab.html,https://doi.org/10.1109/IC3A48958.2020.233299,10.1109/IC3A48958.2020.233299,False,page
https://cas.res.in/intlcollab.html,http://www.gpds.ulpgc.es/,Carlos M Travieso Gonzalez,False,page
https://cas.res.in/intlcollab.html,https://cas.res.in/,"Centre for Advanced Studies (CAS, AKTU)",True,page
https://cas.res.in/achieve.html,https://cas.res.in/index.html,Home,True,page
https://cas.res.in/achieve.html,https://cas.res.in/director.html,Director,True,page
https://cas.res.in/achieve.html,https://cas.res.in/faculty.html,Current Faculty,True,page
https://cas.res.in/achieve.html,https://cas.res.in/visitingfaculty.html,Visiting Faculty,True,page
https://cas.res.in/achieve.html,https://cas.res.in/pastfaculty.html,Past Faculty,True,page
https://cas.res.in/achieve.html,https://cas.res.in/staff.html,Staff,True,page
https://cas.res.in/achieve.html,https://cas.res.in/Mtechcse.html,Computer Science Engineering,True,page
https://cas.res.in/achieve.html,https://cas.res.in/mtechnano.html,Nanotechnology,True,page
https://cas.res.in/achieve.html,https://cas.res.in/mtechenergy.html,Energy Science & Technology,True,page
https://cas.res.in/achieve.html,https://cas.res.in/mtechmecha.html,Mechatronics,True,page
https://cas.res.in/achieve.html,https://cas.res.in/mtechmanufacturing.html,Manufacturing Technology & Automation,True,page
https://cas.res.in/achieve.html,https://cas.res.in/csephd.html,PHD Program,True,page
https://cas.res.in/achieve.html,https://cas.res.in/pdf/CAS%20M.Tech%20Ordinance%20-%20Revised%20after%20BOS.pdf,M.Tech Ordinance,True,document
https://cas.res.in/achieve.html,https://cas.res.in/pdf/Ph.D%20ordinance.pdf,PHD Ordinance,True,document
https://cas.res.in/achieve.html,https://cas.res.in/pdf/SCIE%20Journal%20List%20with%20Impactfactor.pdf,List Of SCIE Journals,True,document
https://cas.res.in/achieve.html,https://cas.res.in/cse1.html,Computer Science Engineering,True,page
https://cas.res.in/achieve.html,https://cas.res.in/nano1.html,Nanotechnology,True,page
https://cas.res.in/achieve.html,https://cas.res.in/est1.html,Energy Science & Technology,True,page
https://cas.res.in/achieve.html,https://cas.res.in/mecha1.html,Mechatronics,True,page
https://cas.res.in/achieve.html,https://cas.res.in/manu1.html,Manufacturing Technology & Automation,True,page
https://cas.res.in/achieve.html,https://cas.res.in/apply-to-M.Tech.html,MTech,True,page
https://cas.res.in/achieve.html,https://cas.res.in/apply-to-PhD.html,PhD,True,page
https://cas.res.in/achieve.html,https://cas.res.in/feedetails.html,Fees,True,page
https://cas.res.in/achieve.html,https://cas.res.in/hostel.html,Hostel Details,True,page
https://cas.res.in/achieve.html,https://cas.res.in/research1.html,Research,True,page
https://cas.res.in/achieve.html,https://cas.res.in/infra.html,LABS,True,page
https://cas.res.in/achieve.html,https://cas.res.in/equip.html,Major Equipments,True,page
https://cas.res.in/achieve.html,https://cas.res.in/library.html,Library,True,page
https://cas.res.in/achieve.html,https://cas.res.in/geninfra.html,General Infrastructure,True,page
https://cas.res.in/achieve.html,https://cas.res.in/campustour/index.html,Campus Tour,True,page
https://cas.res.in/achieve.html,https://youtu.be/wuBRMYGzK8g,Video Tour,False,page
https://cas.res.in/achieve.html,https://cas.res.in/studentlyf.html,Student's Life,True,page
https://cas.res.in/achieve.html,https://cas.res.in/studentpub.html,Student's Publication,True,page
https://cas.res.in/achieve.html,https://cas.res.in/alumni.html,Alumni,True,page
https://cas.res.in/achieve.html,https://cas.res.in/studentinno.html,Innovation Gallery,True,page
https://cas.res.in/achieve.html,https://cas.res.in/activities.html,Activities,True,page
https://cas.res.in/achieve.html,https://cas.res.in/contact1.html,Contact,True,page
https://cas.res.in/achieve.html,https://cas.res.in/images/achieve1.jpeg,,True,document
https://cas.res.in/achieve.html,https://cas.res.in/images/achieve2.jpeg,,True,document
https://cas.res.in/achieve.html,https://cas.res.in/images/achieve5.jpg,,True,document
https://cas.res.in/achieve.html,https://cas.res.in/images/achieve3.jpeg,,True,document
https://cas.res.in/achieve.html,https://cas.res.in/images/achieve4.jpg,,True,document
https://cas.res.in/achieve.html,https://cas.res.in/,"Centre for Advanced Studies (CAS, AKTU)",True,page
https://cas.res.in/activities.html,https://cas.res.in/index.html,Home,True,page
https://cas.res.in/activities.html,https://cas.res.in/director.html,Director,True,page
https://cas.res.in/activities.html,https://cas.res.in/faculty.html,Current Faculty,True,page
https://cas.res.in/activities.html,https://cas.res.in/visitingfaculty.html,Visiting Faculty,True,page
https://cas.res.in/activities.html,https://cas.res.in/pastfaculty.html,Past Faculty,True,page
https://cas.res.in/activities.html,https://cas.res.in/staff.html,Staff,True,page
https://cas.res.in/activities.html,https://cas.res.in/Mtechcse.html,Computer Science Engineering,True,page
https://cas.res.in/activities.html,https://cas.res.in/mtechnano.html,Nanotechnology,True,page
https://cas.res.in/activities.html,https://cas.res.in/mtechenergy.html,Energy Science & Technology,True,page
https://cas.res.in/activities.html,https://cas.res.in/mtechmecha.html,Mechatronics,True,page
https://cas.res.in/activities.html,https://cas.res.in/mtechmanufacturing.html,Manufacturing Technology & Automation,True,page
https://cas.res.in/activities.html,https://cas.res.in/csephd.html,PHD Program,True,page
https://cas.res.in/activities.html,https://cas.res.in/pdf/CAS%20M.Tech%20Ordinance%20-%20Revised%20after%20BOS.pdf,M.Tech Ordinance,True,document
https://cas.res.in/activities.html,https://cas.res.in/pdf/Ph.D%20ordinance.pdf,PHD Ordinance,True,document
https://cas.res.in/activities.html,https://cas.res.in/pdf/SCIE%20Journal%20List%20with%20Impactfactor.pdf,List Of SCIE Journals,True,document
https://cas.res.in/activities.html,https://cas.res.in/cse1.html,Computer Science Engineering,True,page
https://cas.res.in/activities.html,https://cas.res.in/nano1.html,Nanotechnology,True,page
https://cas.res.in/activities.html,https://cas.res.in/est1.html,Energy Science & Technology,True,page
https://cas.res.in/activities.html,https://cas.res.in/mecha1.html,Mechatronics,True,page
https://cas.res.in/activities.html,https://cas.res.in/manu1.html,Manufacturing Technology & Automation,True,page
https://cas.res.in/activities.html,https://cas.res.in/apply-to-M.Tech.html,MTech,True,page
https://cas.res.in/activities.html,https://cas.res.in/apply-to-PhD.html,PhD,True,page
https://cas.res.in/activities.html,https://cas.res.in/feedetails.html,Fees,True,page
https://cas.res.in/activities.html,https://cas.res.in/hostel.html,Hostel Details,True,page
https://cas.res.in/activities.html,https://cas.res.in/research1.html,Research,True,page
https://cas.res.in/activities.html,https://cas.res.in/infra.html,LABS,True,page
https://cas.res.in/activities.html,https://cas.res.in/equip.html,Major Equipments,True,page
https://cas.res.in/activities.html,https://cas.res.in/library.html,Library,True,page
https://cas.res.in/activities.html,https://cas.res.in/geninfra.html,General Infrastructure,True,page
https://cas.res.in/activities.html,https://cas.res.in/campustour/index.html,Campus Tour,True,page
https://cas.res.in/activities.html,https://youtu.be/wuBRMYGzK8g,Video Tour,False,page
https://cas.res.in/activities.html,https://cas.res.in/studentlyf.html,Student's Life,True,page
https://cas.res.in/activities.html,https://cas.res.in/studentpub.html,Student's Publication,True,page
https://cas.res.in/activities.html,https://cas.res.in/alumni.html,Alumni,True,page
https://cas.res.in/activities.html,https://cas.res.in/studentinno.html,Innovation Gallery,True,page
https://cas.res.in/activities.html,https://cas.res.in/activities.html,Activities,True,page
https://cas.res.in/activities.html,https://cas.res.in/contact1.html,Contact,True,page
https://cas.res.in/activities.html,https://cas.res.in/75AKAM.html,Azadi ka Amrit Mahotsav,True,page
https://cas.res.in/activities.html,https://cas.res.in/workshops.html,Workshops for students in Emerging Technologies,True,page
https://cas.res.in/activities.html,https://cas.res.in/webinar.html,Reseach Seminars,True,page
https://cas.res.in/activities.html,https://cas.res.in/,"Centre for Advanced Studies (CAS, AKTU)",True,page
https://cas.res.in/home1/index.html,https://cas.res.in/home1/index.html,Home,True,page
https://cas.res.in/home1/index.html,https://cas.res.in/home1/pub.html,Publication,True,page
https://cas.res.in/home1/index.html,https://cas.res.in/home1/patents.html,Patents,True,page
https://cas.res.in/home1/index.html,https://cas.res.in/home1/innovation.html,Innovations / COVID Works,True,page
https://cas.res.in/home1/index.html,https://cas.res.in/home1/rg.html,Research Groups,True,page
https://cas.res.in/home1/index.html,https://cas.res.in/home1/Equip_avail.html,Equipments available,True,page
https://cas.res.in/home1/index.html,https://cas.res.in/home1/awards.html,Honours and Awards,True,page
https://cas.res.in/home1/index.html,https://cas.res.in/home1/photo.html,Photo Gallery,True,page
https://cas.res.in/home1/index.html,https://cas.res.in/home1/contact.html,Contact,True,page
https://cas.res.in/home1/index.html,https://cas.res.in/home1/cv.pdf,Download Resume,True,document
https://cas.res.in/home1/index.html,https://www.linkedin.com/in/arun-singh-yadav-678a1a190/,Arun SIngh Yadav,False,page
https://cas.res.in/machinelearning.html,https://cas.res.in/index.html,Home,True,page
https://cas.res.in/machinelearning.html,https://cas.res.in/director.html,Director,True,page
https://cas.res.in/machinelearning.html,https://cas.res.in/faculty.html,Current Faculty,True,page
https://cas.res.in/machinelearning.html,https://cas.res.in/visitingfaculty.html,Visiting Faculty,True,page
https://cas.res.in/machinelearning.html,https://cas.res.in/pastfaculty.html,Past Faculty,True,page
https://cas.res.in/machinelearning.html,https://cas.res.in/staff.html,Staff,True,page
https://cas.res.in/machinelearning.html,https://cas.res.in/Mtechcse.html,Computer Science Engineering,True,page
https://cas.res.in/machinelearning.html,https://cas.res.in/mtechnano.html,Nanotechnology,True,page
https://cas.res.in/machinelearning.html,https://cas.res.in/mtechenergy.html,Energy Science & Technology,True,page
https://cas.res.in/machinelearning.html,https://cas.res.in/mtechmecha.html,Mechatronics,True,page
https://cas.res.in/machinelearning.html,https://cas.res.in/mtechmanufacturing.html,Manufacturing Technology & Automation,True,page
https://cas.res.in/machinelearning.html,https://cas.res.in/csephd.html,PHD Program,True,page
https://cas.res.in/machinelearning.html,https://cas.res.in/pdf/CAS%20M.Tech%20Ordinance%20-%20Revised%20after%20BOS.pdf,M.Tech Ordinance,True,document
https://cas.res.in/machinelearning.html,https://cas.res.in/pdf/Ph.D%20ordinance.pdf,PHD Ordinance,True,document
https://cas.res.in/machinelearning.html,https://cas.res.in/pdf/SCIE%20Journal%20List%20with%20Impactfactor.pdf,List Of SCIE Journals,True,document
https://cas.res.in/machinelearning.html,https://cas.res.in/cse1.html,Computer Science Engineering,True,page
https://cas.res.in/machinelearning.html,https://cas.res.in/nano1.html,Nanotechnology,True,page
https://cas.res.in/machinelearning.html,https://cas.res.in/est1.html,Energy Science & Technology,True,page
https://cas.res.in/machinelearning.html,https://cas.res.in/mecha1.html,Mechatronics,True,page
https://cas.res.in/machinelearning.html,https://cas.res.in/manu1.html,Manufacturing Technology & Automation,True,page
https://cas.res.in/machinelearning.html,https://cas.res.in/apply-to-M.Tech.html,MTech,True,page
https://cas.res.in/machinelearning.html,https://cas.res.in/apply-to-PhD.html,PhD,True,page
https://cas.res.in/machinelearning.html,https://cas.res.in/feedetails.html,Fees,True,page
https://cas.res.in/machinelearning.html,https://cas.res.in/hostel.html,Hostel Details,True,page
https://cas.res.in/machinelearning.html,https://cas.res.in/research1.html,Research,True,page
https://cas.res.in/machinelearning.html,https://cas.res.in/infra.html,Language Lab,True,page
https://cas.res.in/machinelearning.html,https://cas.res.in/equip.html,Major Equipments,True,page
https://cas.res.in/machinelearning.html,https://cas.res.in/library.html,Library,True,page
https://cas.res.in/machinelearning.html,https://cas.res.in/geninfra.html,General Infrastructure,True,page
https://cas.res.in/machinelearning.html,https://cas.res.in/campustour/index.html,Campus Tour,True,page
https://cas.res.in/machinelearning.html,https://youtu.be/wuBRMYGzK8g,Video Tour,False,page
https://cas.res.in/machinelearning.html,https://cas.res.in/studentlyf.html,Student's Life,True,page
https://cas.res.in/machinelearning.html,https://cas.res.in/studentpub.html,Student's Publication,True,page
https://cas.res.in/machinelearning.html,https://cas.res.in/alumni.html,Alumni,True,page
https://cas.res.in/machinelearning.html,https://cas.res.in/studentinno.html,Innovation Gallery,True,page
https://cas.res.in/machinelearning.html,https://cas.res.in/contact1.html,Contact,True,page
https://cas.res.in/machinelearning.html,https://www.youtube.com/watch?v=g8CK2m7IZRo,Click here for Innovation story,False,page
https://cas.res.in/machinelearning.html,https://www.youtube.com/watch?v=0xMI5Bz0s6A,Click here for Innovation story,False,page
https://cas.res.in/machinelearning.html,https://www.youtube.com/watch?v=Mhpcd-SqZXw,Deep Machine Learning: Processing Unstructured Data by Prof. Cesare Alippi,False,page
https://cas.res.in/machinelearning.html,https://www.youtube.com/watch?v=jIMQ38QYieI,E-Health Tools on Emotional Detection by Prof. Carlos M. Travieso-Gonzalez,False,page
https://cas.res.in/machinelearning.html,https://www.youtube.com/watch?v=K-kLCOvMYC8,Towards Artificial Super Intelligence by Prof. Radim Burget,False,page
https://cas.res.in/machinelearning.html,https://www.youtube.com/watch?v=DbGvUZt2AMQ,Comparison of Machine Learning to Identify Sepsis Patients in the Emergency Department by Prof. Hao Ying,False,page
https://cas.res.in/machinelearning.html,https://www.youtube.com/watch?v=y0ziUdXxgik&t=15s,Complex Networks by Prof. Ljiljana Trajkovic,False,page
https://cas.res.in/machinelearning.html,https://cas.res.in/,"Centre for Advanced Studies (CAS, AKTU)",True,page
https://cas.res.in/cybersecurity.html,https://cas.res.in/index.html,Home,True,page
https://cas.res.in/cybersecurity.html,https://cas.res.in/director.html,Director,True,page
https://cas.res.in/cybersecurity.html,https://cas.res.in/faculty.html,Current Faculty,True,page
https://cas.res.in/cybersecurity.html,https://cas.res.in/visitingfaculty.html,Visiting Faculty,True,page
https://cas.res.in/cybersecurity.html,https://cas.res.in/pastfaculty.html,Past Faculty,True,page
https://cas.res.in/cybersecurity.html,https://cas.res.in/staff.html,Staff,True,page
https://cas.res.in/cybersecurity.html,https://cas.res.in/Mtechcse.html,Computer Science Engineering,True,page
https://cas.res.in/cybersecurity.html,https://cas.res.in/mtechnano.html,Nanotechnology,True,page
https://cas.res.in/cybersecurity.html,https://cas.res.in/mtechenergy.html,Energy Science & Technology,True,page
https://cas.res.in/cybersecurity.html,https://cas.res.in/mtechmecha.html,Mechatronics,True,page
https://cas.res.in/cybersecurity.html,https://cas.res.in/mtechmanufacturing.html,Manufacturing Technology & Automation,True,page
https://cas.res.in/cybersecurity.html,https://cas.res.in/csephd.html,PHD Program,True,page
https://cas.res.in/cybersecurity.html,https://cas.res.in/pdf/CAS%20M.Tech%20Ordinance%20-%20Revised%20after%20BOS.pdf,M.Tech Ordinance,True,document
https://cas.res.in/cybersecurity.html,https://cas.res.in/pdf/Ph.D%20ordinance.pdf,PHD Ordinance,True,document
https://cas.res.in/cybersecurity.html,https://cas.res.in/pdf/SCIE%20Journal%20List%20with%20Impactfactor.pdf,List Of SCIE Journals,True,document
https://cas.res.in/cybersecurity.html,https://cas.res.in/cse1.html,Computer Science Engineering,True,page
https://cas.res.in/cybersecurity.html,https://cas.res.in/nano1.html,Nanotechnology,True,page
https://cas.res.in/cybersecurity.html,https://cas.res.in/est1.html,Energy Science & Technology,True,page
https://cas.res.in/cybersecurity.html,https://cas.res.in/mecha1.html,Mechatronics,True,page
https://cas.res.in/cybersecurity.html,https://cas.res.in/manu1.html,Manufacturing Technology & Automation,True,page
https://cas.res.in/cybersecurity.html,https://cas.res.in/apply-to-M.Tech.html,MTech,True,page
https://cas.res.in/cybersecurity.html,https://cas.res.in/apply-to-PhD.html,PhD,True,page
https://cas.res.in/cybersecurity.html,https://cas.res.in/feedetails.html,Fees,True,page
https://cas.res.in/cybersecurity.html,https://cas.res.in/hostel.html,Hostel Details,True,page
https://cas.res.in/cybersecurity.html,https://cas.res.in/research1.html,Research,True,page
https://cas.res.in/cybersecurity.html,https://cas.res.in/infra.html,Language Lab,True,page
https://cas.res.in/cybersecurity.html,https://cas.res.in/equip.html,Major Equipments,True,page
https://cas.res.in/cybersecurity.html,https://cas.res.in/library.html,Library,True,page
https://cas.res.in/cybersecurity.html,https://cas.res.in/geninfra.html,General Infrastructure,True,page
https://cas.res.in/cybersecurity.html,https://cas.res.in/campustour/index.html,Campus Tour,True,page
https://cas.res.in/cybersecurity.html,https://youtu.be/wuBRMYGzK8g,Video Tour,False,page
https://cas.res.in/cybersecurity.html,https://cas.res.in/studentlyf.html,Student's Life,True,page
https://cas.res.in/cybersecurity.html,https://cas.res.in/studentpub.html,Student's Publication,True,page
https://cas.res.in/cybersecurity.html,https://cas.res.in/alumni.html,Alumni,True,page
https://cas.res.in/cybersecurity.html,https://cas.res.in/studentinno.html,Innovation Gallery,True,page
https://cas.res.in/cybersecurity.html,https://cas.res.in/contact1.html,Contact,True,page
https://cas.res.in/cybersecurity.html,https://www.youtube.com/watch?v=3fglw9vH6zo&list=PLoVRJrAl0FT04KCv7sankaHZUCGHPICE-&index=25,"Detecting and Counteracting begin faults and malicious attacks in cyber physical Systems by Prof. Israel Koren University of Massachusetts, USA",False,page
https://cas.res.in/cybersecurity.html,https://www.youtube.com/watch?v=SWCJ--grgHo&list=PLoVRJrAl0FT04KCv7sankaHZUCGHPICE-&index=26,System Science of Security and Resilience of Cyber - Physical Systems By Prof. Xenofon Koutsoukos,False,page
https://cas.res.in/cybersecurity.html,https://cas.res.in/,"Centre for Advanced Studies (CAS, AKTU)",True,page
https://cas.res.in/ict.html,https://cas.res.in/index.html,Home,True,page
https://cas.res.in/ict.html,https://cas.res.in/director.html,Director,True,page
https://cas.res.in/ict.html,https://cas.res.in/faculty.html,Current Faculty,True,page
https://cas.res.in/ict.html,https://cas.res.in/visitingfaculty.html,Visiting Faculty,True,page
https://cas.res.in/ict.html,https://cas.res.in/pastfaculty.html,Past Faculty,True,page
https://cas.res.in/ict.html,https://cas.res.in/staff.html,Staff,True,page
https://cas.res.in/ict.html,https://cas.res.in/Mtechcse.html,Computer Science Engineering,True,page
https://cas.res.in/ict.html,https://cas.res.in/mtechnano.html,Nanotechnology,True,page
https://cas.res.in/ict.html,https://cas.res.in/mtechenergy.html,Energy Science & Technology,True,page
https://cas.res.in/ict.html,https://cas.res.in/mtechmecha.html,Mechatronics,True,page
https://cas.res.in/ict.html,https://cas.res.in/mtechmanufacturing.html,Manufacturing Technology & Automation,True,page
https://cas.res.in/ict.html,https://cas.res.in/csephd.html,PHD Program,True,page
https://cas.res.in/ict.html,https://cas.res.in/pdf/CAS%20M.Tech%20Ordinance%20-%20Revised%20after%20BOS.pdf,M.Tech Ordinance,True,document
https://cas.res.in/ict.html,https://cas.res.in/pdf/Ph.D%20ordinance.pdf,PHD Ordinance,True,document
https://cas.res.in/ict.html,https://cas.res.in/pdf/SCIE%20Journal%20List%20with%20Impactfactor.pdf,List Of SCIE Journals,True,document
https://cas.res.in/ict.html,https://cas.res.in/cse1.html,Computer Science Engineering,True,page
https://cas.res.in/ict.html,https://cas.res.in/nano1.html,Nanotechnology,True,page
https://cas.res.in/ict.html,https://cas.res.in/est1.html,Energy Science & Technology,True,page
https://cas.res.in/ict.html,https://cas.res.in/mecha1.html,Mechatronics,True,page
https://cas.res.in/ict.html,https://cas.res.in/manu1.html,Manufacturing Technology & Automation,True,page
https://cas.res.in/ict.html,https://cas.res.in/apply-to-M.Tech.html,MTech,True,page
https://cas.res.in/ict.html,https://cas.res.in/apply-to-PhD.html,PhD,True,page
https://cas.res.in/ict.html,https://cas.res.in/feedetails.html,Fees,True,page
https://cas.res.in/ict.html,https://cas.res.in/hostel.html,Hostel Details,True,page
https://cas.res.in/ict.html,https://cas.res.in/research1.html,Research,True,page
https://cas.res.in/ict.html,https://cas.res.in/infra.html,Language Lab,True,page
https://cas.res.in/ict.html,https://cas.res.in/equip.html,Major Equipments,True,page
https://cas.res.in/ict.html,https://cas.res.in/library.html,Library,True,page
https://cas.res.in/ict.html,https://cas.res.in/geninfra.html,General Infrastructure,True,page
https://cas.res.in/ict.html,https://cas.res.in/campustour/index.html,Campus Tour,True,page
https://cas.res.in/ict.html,https://youtu.be/wuBRMYGzK8g,Video Tour,False,page
https://cas.res.in/ict.html,https://cas.res.in/studentlyf.html,Student's Life,True,page
https://cas.res.in/ict.html,https://cas.res.in/studentpub.html,Student's Publication,True,page
https://cas.res.in/ict.html,https://cas.res.in/alumni.html,Alumni,True,page
https://cas.res.in/ict.html,https://cas.res.in/studentinno.html,Innovation Gallery,True,page
https://cas.res.in/ict.html,https://cas.res.in/contact1.html,Contact,True,page
https://cas.res.in/ict.html,https://www.youtube.com/watch?v=fpHaCfHnbUY&list=PLoVRJrAl0FT04KCv7sankaHZUCGHPICE-&index=17,Rebooting Computing - The Search of Post-Moore's Law Breakthroughs By Prof. Tarek El-Ghazanwi,False,page
https://cas.res.in/ict.html,https://www.youtube.com/watch?v=-5rxieHR5o8&list=PLoVRJrAl0FT04KCv7sankaHZUCGHPICE-&index=31,The Evolution of Data Center Network Architectures By prof. Suresh Subramaniam,False,page
https://cas.res.in/ict.html,https://cas.res.in/,"Centre for Advanced Studies (CAS, AKTU)",True,page
https://cas.res.in/stdphdcs.html,https://cas.res.in/index.html,Home,True,page
https://cas.res.in/stdphdcs.html,https://cas.res.in/director.html,Director,True,page
https://cas.res.in/stdphdcs.html,https://cas.res.in/faculty.html,Current Faculty,True,page
https://cas.res.in/stdphdcs.html,https://cas.res.in/visitingfaculty.html,Visiting Faculty,True,page
https://cas.res.in/stdphdcs.html,https://cas.res.in/pastfaculty.html,Past Faculty,True,page
https://cas.res.in/stdphdcs.html,https://cas.res.in/staff.html,Staff,True,page
https://cas.res.in/stdphdcs.html,https://cas.res.in/Mtechcse.html,Computer Science Engineering,True,page
https://cas.res.in/stdphdcs.html,https://cas.res.in/mtechnano.html,Nanotechnology,True,page
https://cas.res.in/stdphdcs.html,https://cas.res.in/mtechenergy.html,Energy Science & Technology,True,page
https://cas.res.in/stdphdcs.html,https://cas.res.in/mtechmecha.html,Mechatronics,True,page
https://cas.res.in/stdphdcs.html,https://cas.res.in/mtechmanufacturing.html,Manufacturing Technology & Automation,True,page
https://cas.res.in/stdphdcs.html,https://cas.res.in/csephd.html,PHD Program,True,page
https://cas.res.in/stdphdcs.html,https://cas.res.in/pdf/CAS%20M.Tech%20Ordinance%20-%20Revised%20after%20BOS.pdf,M.Tech Ordinance,True,document
https://cas.res.in/stdphdcs.html,https://cas.res.in/pdf/Ph.D%20ordinance.pdf,PHD Ordinance,True,document
https://cas.res.in/stdphdcs.html,https://cas.res.in/pdf/SCIE%20Journal%20List%20with%20Impactfactor.pdf,List Of SCIE Journals,True,document
https://cas.res.in/stdphdcs.html,https://cas.res.in/cse1.html,Computer Science Engineering,True,page
https://cas.res.in/stdphdcs.html,https://cas.res.in/nano1.html,Nanotechnology,True,page
https://cas.res.in/stdphdcs.html,https://cas.res.in/est1.html,Energy Science & Technology,True,page
https://cas.res.in/stdphdcs.html,https://cas.res.in/mecha1.html,Mechatronics,True,page
https://cas.res.in/stdphdcs.html,https://cas.res.in/manu1.html,Manufacturing Technology & Automation,True,page
https://cas.res.in/stdphdcs.html,https://cas.res.in/apply-to-M.Tech.html,MTech,True,page
https://cas.res.in/stdphdcs.html,https://cas.res.in/apply-to-PhD.html,PhD,True,page
https://cas.res.in/stdphdcs.html,https://cas.res.in/feedetails.html,Fees,True,page
https://cas.res.in/stdphdcs.html,https://cas.res.in/hostel.html,Hostel Details,True,page
https://cas.res.in/stdphdcs.html,https://cas.res.in/research1.html,Research,True,page
https://cas.res.in/stdphdcs.html,https://cas.res.in/infra.html,LABS,True,page
https://cas.res.in/stdphdcs.html,https://cas.res.in/equip.html,Major Equipments,True,page
https://cas.res.in/stdphdcs.html,https://cas.res.in/library.html,Library,True,page
https://cas.res.in/stdphdcs.html,https://cas.res.in/geninfra.html,General Infrastructure,True,page
https://cas.res.in/stdphdcs.html,https://cas.res.in/campustour/index.html,Campus Tour,True,page
https://cas.res.in/stdphdcs.html,https://youtu.be/wuBRMYGzK8g,Video Tour,False,page
https://cas.res.in/stdphdcs.html,https://cas.res.in/studentlyf.html,Student's Life,True,page
https://cas.res.in/stdphdcs.html,https://cas.res.in/studentpub.html,Student's Publication,True,page
https://cas.res.in/stdphdcs.html,https://cas.res.in/alumni.html,Alumni,True,page
https://cas.res.in/stdphdcs.html,https://cas.res.in/studentinno.html,Innovation Gallery,True,page
https://cas.res.in/stdphdcs.html,https://cas.res.in/activities.html,Activities,True,page
https://cas.res.in/stdphdcs.html,https://cas.res.in/contact1.html,Contact,True,page
https://cas.res.in/stdphdcs.html,https://cas.res.in/,"Centre for Advanced Studies (CAS, AKTU)",True,page
https://cas.res.in/stdphdmecha.html,https://cas.res.in/index.html,Home,True,page
https://cas.res.in/stdphdmecha.html,https://cas.res.in/director.html,Director,True,page
https://cas.res.in/stdphdmecha.html,https://cas.res.in/faculty.html,Current Faculty,True,page
https://cas.res.in/stdphdmecha.html,https://cas.res.in/visitingfaculty.html,Visiting Faculty,True,page
https://cas.res.in/stdphdmecha.html,https://cas.res.in/pastfaculty.html,Past Faculty,True,page
https://cas.res.in/stdphdmecha.html,https://cas.res.in/staff.html,Staff,True,page
https://cas.res.in/stdphdmecha.html,https://cas.res.in/Mtechcse.html,Computer Science Engineering,True,page
https://cas.res.in/stdphdmecha.html,https://cas.res.in/mtechnano.html,Nanotechnology,True,page
https://cas.res.in/stdphdmecha.html,https://cas.res.in/mtechenergy.html,Energy Science & Technology,True,page
https://cas.res.in/stdphdmecha.html,https://cas.res.in/mtechmecha.html,Mechatronics,True,page
https://cas.res.in/stdphdmecha.html,https://cas.res.in/mtechmanufacturing.html,Manufacturing Technology & Automation,True,page
https://cas.res.in/stdphdmecha.html,https://cas.res.in/csephd.html,PHD Program,True,page
https://cas.res.in/stdphdmecha.html,https://cas.res.in/pdf/CAS%20M.Tech%20Ordinance%20-%20Revised%20after%20BOS.pdf,M.Tech Ordinance,True,document
https://cas.res.in/stdphdmecha.html,https://cas.res.in/pdf/Ph.D%20ordinance.pdf,PHD Ordinance,True,document
https://cas.res.in/stdphdmecha.html,https://cas.res.in/pdf/SCIE%20Journal%20List%20with%20Impactfactor.pdf,List Of SCIE Journals,True,document
https://cas.res.in/stdphdmecha.html,https://cas.res.in/cse1.html,Computer Science Engineering,True,page
https://cas.res.in/stdphdmecha.html,https://cas.res.in/nano1.html,Nanotechnology,True,page
https://cas.res.in/stdphdmecha.html,https://cas.res.in/est1.html,Energy Science & Technology,True,page
https://cas.res.in/stdphdmecha.html,https://cas.res.in/mecha1.html,Mechatronics,True,page
https://cas.res.in/stdphdmecha.html,https://cas.res.in/manu1.html,Manufacturing Technology & Automation,True,page
https://cas.res.in/stdphdmecha.html,https://cas.res.in/apply-to-M.Tech.html,MTech,True,page
https://cas.res.in/stdphdmecha.html,https://cas.res.in/apply-to-PhD.html,PhD,True,page
https://cas.res.in/stdphdmecha.html,https://cas.res.in/feedetails.html,Fees,True,page
https://cas.res.in/stdphdmecha.html,https://cas.res.in/hostel.html,Hostel Details,True,page
https://cas.res.in/stdphdmecha.html,https://cas.res.in/research1.html,Research,True,page
https://cas.res.in/stdphdmecha.html,https://cas.res.in/infra.html,LABS,True,page
https://cas.res.in/stdphdmecha.html,https://cas.res.in/equip.html,Major Equipments,True,page
https://cas.res.in/stdphdmecha.html,https://cas.res.in/library.html,Library,True,page
https://cas.res.in/stdphdmecha.html,https://cas.res.in/geninfra.html,General Infrastructure,True,page
https://cas.res.in/stdphdmecha.html,https://cas.res.in/campustour/index.html,Campus Tour,True,page
https://cas.res.in/stdphdmecha.html,https://youtu.be/wuBRMYGzK8g,Video Tour,False,page
https://cas.res.in/stdphdmecha.html,https://cas.res.in/studentlyf.html,Student's Life,True,page
https://cas.res.in/stdphdmecha.html,https://cas.res.in/studentpub.html,Student's Publication,True,page
https://cas.res.in/stdphdmecha.html,https://cas.res.in/alumni.html,Alumni,True,page
https://cas.res.in/stdphdmecha.html,https://cas.res.in/studentinno.html,Innovation Gallery,True,page
https://cas.res.in/stdphdmecha.html,https://cas.res.in/activities.html,Activities,True,page
https://cas.res.in/stdphdmecha.html,https://cas.res.in/contact1.html,Contact,True,page
https://cas.res.in/stdphdmecha.html,https://cas.res.in/,"Centre for Advanced Studies (CAS, AKTU)",True,page
https://cas.res.in/stdphdnano.html,https://cas.res.in/index.html,Home,True,page
https://cas.res.in/stdphdnano.html,https://cas.res.in/director.html,Director,True,page
https://cas.res.in/stdphdnano.html,https://cas.res.in/faculty.html,Current Faculty,True,page
https://cas.res.in/stdphdnano.html,https://cas.res.in/visitingfaculty.html,Visiting Faculty,True,page
https://cas.res.in/stdphdnano.html,https://cas.res.in/pastfaculty.html,Past Faculty,True,page
https://cas.res.in/stdphdnano.html,https://cas.res.in/staff.html,Staff,True,page
https://cas.res.in/stdphdnano.html,https://cas.res.in/Mtechcse.html,Computer Science Engineering,True,page
https://cas.res.in/stdphdnano.html,https://cas.res.in/mtechnano.html,Nanotechnology,True,page
https://cas.res.in/stdphdnano.html,https://cas.res.in/mtechenergy.html,Energy Science & Technology,True,page
https://cas.res.in/stdphdnano.html,https://cas.res.in/mtechmecha.html,Mechatronics,True,page
https://cas.res.in/stdphdnano.html,https://cas.res.in/mtechmanufacturing.html,Manufacturing Technology & Automation,True,page
https://cas.res.in/stdphdnano.html,https://cas.res.in/csephd.html,PHD Program,True,page
https://cas.res.in/stdphdnano.html,https://cas.res.in/pdf/CAS%20M.Tech%20Ordinance%20-%20Revised%20after%20BOS.pdf,M.Tech Ordinance,True,document
https://cas.res.in/stdphdnano.html,https://cas.res.in/pdf/Ph.D%20ordinance.pdf,PHD Ordinance,True,document
https://cas.res.in/stdphdnano.html,https://cas.res.in/pdf/SCIE%20Journal%20List%20with%20Impactfactor.pdf,List Of SCIE Journals,True,document
https://cas.res.in/stdphdnano.html,https://cas.res.in/cse1.html,Computer Science Engineering,True,page
https://cas.res.in/stdphdnano.html,https://cas.res.in/nano1.html,Nanotechnology,True,page
https://cas.res.in/stdphdnano.html,https://cas.res.in/est1.html,Energy Science & Technology,True,page
https://cas.res.in/stdphdnano.html,https://cas.res.in/mecha1.html,Mechatronics,True,page
https://cas.res.in/stdphdnano.html,https://cas.res.in/manu1.html,Manufacturing Technology & Automation,True,page
https://cas.res.in/stdphdnano.html,https://cas.res.in/apply-to-M.Tech.html,MTech,True,page
https://cas.res.in/stdphdnano.html,https://cas.res.in/apply-to-PhD.html,PhD,True,page
https://cas.res.in/stdphdnano.html,https://cas.res.in/feedetails.html,Fees,True,page
https://cas.res.in/stdphdnano.html,https://cas.res.in/hostel.html,Hostel Details,True,page
https://cas.res.in/stdphdnano.html,https://cas.res.in/research1.html,Research,True,page
https://cas.res.in/stdphdnano.html,https://cas.res.in/infra.html,LABS,True,page
https://cas.res.in/stdphdnano.html,https://cas.res.in/equip.html,Major Equipments,True,page
https://cas.res.in/stdphdnano.html,https://cas.res.in/library.html,Library,True,page
https://cas.res.in/stdphdnano.html,https://cas.res.in/geninfra.html,General Infrastructure,True,page
https://cas.res.in/stdphdnano.html,https://cas.res.in/campustour/index.html,Campus Tour,True,page
https://cas.res.in/stdphdnano.html,https://youtu.be/wuBRMYGzK8g,Video Tour,False,page
https://cas.res.in/stdphdnano.html,https://cas.res.in/studentlyf.html,Student's Life,True,page
https://cas.res.in/stdphdnano.html,https://cas.res.in/studentpub.html,Student's Publication,True,page
https://cas.res.in/stdphdnano.html,https://cas.res.in/alumni.html,Alumni,True,page
https://cas.res.in/stdphdnano.html,https://cas.res.in/studentinno.html,Innovation Gallery,True,page
https://cas.res.in/stdphdnano.html,https://cas.res.in/activities.html,Activities,True,page
https://cas.res.in/stdphdnano.html,https://cas.res.in/contact1.html,Contact,True,page
https://cas.res.in/stdphdnano.html,https://cas.res.in/,"Centre for Advanced Studies (CAS, AKTU)",True,page
https://cas.res.in/feemtech.html,https://cas.res.in/index.html,Home,True,page
https://cas.res.in/feemtech.html,https://cas.res.in/director.html,Director,True,page
https://cas.res.in/feemtech.html,https://cas.res.in/faculty.html,Current Faculty,True,page
https://cas.res.in/feemtech.html,https://cas.res.in/visitingfaculty.html,Visiting Faculty,True,page
https://cas.res.in/feemtech.html,https://cas.res.in/pastfaculty.html,Past Faculty,True,page
https://cas.res.in/feemtech.html,https://cas.res.in/staff.html,Staff,True,page
https://cas.res.in/feemtech.html,https://cas.res.in/Mtechcse.html,Computer Science Engineering,True,page
https://cas.res.in/feemtech.html,https://cas.res.in/mtechnano.html,Nanotechnology,True,page
https://cas.res.in/feemtech.html,https://cas.res.in/mtechenergy.html,Energy Science & Technology,True,page
https://cas.res.in/feemtech.html,https://cas.res.in/mtechmecha.html,Mechatronics,True,page
https://cas.res.in/feemtech.html,https://cas.res.in/mtechmanufacturing.html,Manufacturing Technology & Automation,True,page
https://cas.res.in/feemtech.html,https://cas.res.in/csephd.html,PHD Program,True,page
https://cas.res.in/feemtech.html,https://cas.res.in/pdf/CAS%20M.Tech%20Ordinance%20-%20Revised%20after%20BOS.pdf,M.Tech Ordinance,True,document
https://cas.res.in/feemtech.html,https://cas.res.in/pdf/Ph.D%20ordinance.pdf,PHD Ordinance,True,document
https://cas.res.in/feemtech.html,https://cas.res.in/pdf/SCIE%20Journal%20List%20with%20Impactfactor.pdf,List Of SCIE Journals,True,document
https://cas.res.in/feemtech.html,https://cas.res.in/cse1.html,Computer Science Engineering,True,page
https://cas.res.in/feemtech.html,https://cas.res.in/nano1.html,Nanotechnology,True,page
https://cas.res.in/feemtech.html,https://cas.res.in/est1.html,Energy Science & Technology,True,page
https://cas.res.in/feemtech.html,https://cas.res.in/mecha1.html,Mechatronics,True,page
https://cas.res.in/feemtech.html,https://cas.res.in/manu1.html,Manufacturing Technology & Automation,True,page
https://cas.res.in/feemtech.html,https://cas.res.in/apply-to-M.Tech.html,MTech,True,page
https://cas.res.in/feemtech.html,https://cas.res.in/apply-to-PhD.html,PhD,True,page
https://cas.res.in/feemtech.html,https://cas.res.in/feedetails.html,Fees,True,page
https://cas.res.in/feemtech.html,https://cas.res.in/hostel.html,Hostel Details,True,page
https://cas.res.in/feemtech.html,https://cas.res.in/research1.html,Research,True,page
https://cas.res.in/feemtech.html,https://cas.res.in/infra.html,LABS,True,page
https://cas.res.in/feemtech.html,https://cas.res.in/equip.html,Major Equipments,True,page
https://cas.res.in/feemtech.html,https://cas.res.in/library.html,Library,True,page
https://cas.res.in/feemtech.html,https://cas.res.in/geninfra.html,General Infrastructure,True,page
https://cas.res.in/feemtech.html,https://cas.res.in/campustour/index.html,Campus Tour,True,page
https://cas.res.in/feemtech.html,https://youtu.be/wuBRMYGzK8g,Video Tour,False,page
https://cas.res.in/feemtech.html,https://cas.res.in/studentlyf.html,Student's Life,True,page
https://cas.res.in/feemtech.html,https://cas.res.in/studentpub.html,Student's Publication,True,page
https://cas.res.in/feemtech.html,https://cas.res.in/alumni.html,Alumni,True,page
https://cas.res.in/feemtech.html,https://cas.res.in/studentinno.html,Innovation Gallery,True,page
https://cas.res.in/feemtech.html,https://cas.res.in/activities.html,Activities,True,page
https://cas.res.in/feemtech.html,https://cas.res.in/contact1.html,Contact,True,page
https://cas.res.in/feemtech.html,https://cas.res.in/,"Centre for Advanced Studies (CAS, AKTU)",True,page
https://cas.res.in/mtechstudents.html,https://cas.res.in/index.html,Home,True,page
https://cas.res.in/mtechstudents.html,https://cas.res.in/director.html,Director,True,page
https://cas.res.in/mtechstudents.html,https://cas.res.in/faculty.html,Current Faculty,True,page
https://cas.res.in/mtechstudents.html,https://cas.res.in/visitingfaculty.html,Visiting Faculty,True,page
https://cas.res.in/mtechstudents.html,https://cas.res.in/pastfaculty.html.html,Past Faculty,True,page
https://cas.res.in/mtechstudents.html,https://cas.res.in/staff.html,Staff,True,page
https://cas.res.in/mtechstudents.html,https://cas.res.in/mtechstudents.html,MTech Students,True,page
https://cas.res.in/mtechstudents.html,https://cas.res.in/phdstudents.html,PhD Students,True,page
https://cas.res.in/mtechstudents.html,https://cas.res.in/Mtechcse.html,Computer Science and Engineering,True,page
https://cas.res.in/mtechstudents.html,https://cas.res.in/mtechmecha.html,Mechatronics,True,page
https://cas.res.in/mtechstudents.html,https://cas.res.in/mtechnano.html,Nanotechnology,True,page
https://cas.res.in/mtechstudents.html,https://cas.res.in/mtechmanufacturing.html,Manufacturing Technology and Automation,True,page
https://cas.res.in/mtechstudents.html,https://cas.res.in/mtechenergy.html,Energy Science and Technology,True,page
https://cas.res.in/mtechstudents.html,https://cas.res.in/csephd.html,Computer Science and Engineering,True,page
https://cas.res.in/mtechstudents.html,https://cas.res.in/mechaphd.html,Mechatronics,True,page
https://cas.res.in/mtechstudents.html,https://cas.res.in/phdnano.html,Nanotechnology,True,page
https://cas.res.in/mtechstudents.html,https://cas.res.in/pdf/CAS M.Tech Ordinance - Revised after BOS.pdf,M.Tech. Ordinance,True,document
https://cas.res.in/mtechstudents.html,https://cas.res.in/pdf/Ph.D ordinance.pdf,Phd Ordinance,True,document
https://cas.res.in/mtechstudents.html,https://cas.res.in/pdf/SCIE Journal List with Impactfactor.pdf,List of SCIE Journals,True,document
https://cas.res.in/mtechstudents.html,https://cas.res.in/apply-to-M.Tech.html,Apply For Admissions,True,page
https://cas.res.in/mtechstudents.html,https://cas.res.in/apply-to-PhD.html,Apply To Ph.D. Program,True,page
https://cas.res.in/mtechstudents.html,https://cas.res.in/feedetails.html,Fee Structure,True,page
https://cas.res.in/mtechstudents.html,https://cas.res.in/hostel.html,Hostel Facility,True,page
https://cas.res.in/mtechstudents.html,https://cas.res.in/research.php,Research,True,page
https://cas.res.in/mtechstudents.html,https://cas.res.in/coronarsch.html,Covid-19 Interventions,True,page
https://cas.res.in/mtechstudents.html,https://cas.res.in/Research.html,Faculty Research,True,page
https://cas.res.in/mtechstudents.html,https://cas.res.in/studentinno.html,Student innovations,True,page
https://cas.res.in/mtechstudents.html,https://cas.res.in/phdrsch.html,Doctoral Student Research,True,page
https://cas.res.in/mtechstudents.html,https://cas.res.in/rseminar.html,RESEARCH SEMINARS,True,page
https://cas.res.in/mtechstudents.html,https://cas.res.in/gallery.html,Events,True,page
https://cas.res.in/mtechstudents.html,https://cas.res.in/fdp.html,Faculty Development Programs,True,page
https://cas.res.in/mtechstudents.html,https://cas.res.in/pdf/AGRAGAMAN 2020_FINAL-07-07-2020 (1).pdf,Agragaman-2020,True,document
https://cas.res.in/mtechstudents.html,https://cas.res.in/contact.html,Accessibility,True,page
https://cas.res.in/mtechstudents.html,https://cas.res.in/pastfaculty.html,Past Faculty,True,page
https://cas.res.in/mtechstudents.html,https://cas.res.in/infra.html,Infrastructure,True,page
https://cas.res.in/mtechstudents.html,https://cas.res.in/Research1.html,Faculty Research,True,page
https://cas.res.in/mtechstudents.html,https://cas.res.in/library.html,Library,True,page
https://cas.res.in/mtechstudents.html,https://cas.res.in/notifications.html,Notices,True,page
https://cas.res.in/mtechstudents.html,https://cas.res.in/pdf/Academic Calender 2020-21 Session EVEN Semester.pdf,Academic Calender,True,document
https://cas.res.in/mtechstudents.html,https://cas.res.in,CAS-AKTU,True,page
https://cas.res.in/mtechstudents.html,https://www.facebook.com/CASAKTU/,,False,page
https://cas.res.in/mtechstudents.html,https://twitter.com/CASaktu,,False,page
https://cas.res.in/phdstudents.html,https://cas.res.in/index.html,Home,True,page
https://cas.res.in/phdstudents.html,https://cas.res.in/director.html,Director,True,page
https://cas.res.in/phdstudents.html,https://cas.res.in/faculty.html,Current Faculty,True,page
https://cas.res.in/phdstudents.html,https://cas.res.in/visitingfaculty.html,Visiting Faculty,True,page
https://cas.res.in/phdstudents.html,https://cas.res.in/pastfaculty.html.html,Past Faculty,True,page
https://cas.res.in/phdstudents.html,https://cas.res.in/staff.html,Staff,True,page
https://cas.res.in/phdstudents.html,https://cas.res.in/mtechstudents.html,MTech Students,True,page
https://cas.res.in/phdstudents.html,https://cas.res.in/phdstudents.html,PhD Students,True,page
https://cas.res.in/phdstudents.html,https://cas.res.in/Mtechcse.html,Computer Science and Engineering,True,page
https://cas.res.in/phdstudents.html,https://cas.res.in/mtechmecha.html,Mechatronics,True,page
https://cas.res.in/phdstudents.html,https://cas.res.in/mtechnano.html,Nanotechnology,True,page
https://cas.res.in/phdstudents.html,https://cas.res.in/mtechmanufacturing.html,Manufacturing Technology and Automation,True,page
https://cas.res.in/phdstudents.html,https://cas.res.in/mtechenergy.html,Energy Science and Technology,True,page
https://cas.res.in/phdstudents.html,https://cas.res.in/csephd.html,Computer Science and Engineering,True,page
https://cas.res.in/phdstudents.html,https://cas.res.in/mechaphd.html,Mechatronics,True,page
https://cas.res.in/phdstudents.html,https://cas.res.in/phdnano.html,Nanotechnology,True,page
https://cas.res.in/phdstudents.html,https://cas.res.in/pdf/CAS M.Tech Ordinance - Revised after BOS.pdf,M.Tech. Ordinance,True,document
https://cas.res.in/phdstudents.html,https://cas.res.in/pdf/Ph.D ordinance.pdf,Phd Ordinance,True,document
https://cas.res.in/phdstudents.html,https://cas.res.in/pdf/SCIE Journal List with Impactfactor.pdf,List of SCIE Journals,True,document
https://cas.res.in/phdstudents.html,https://cas.res.in/apply-to-M.Tech.html,Apply For Admissions,True,page
https://cas.res.in/phdstudents.html,https://cas.res.in/apply-to-PhD.html,Apply To Ph.D. Program,True,page
https://cas.res.in/phdstudents.html,https://cas.res.in/feedetails.html,Fee Structure,True,page
https://cas.res.in/phdstudents.html,https://cas.res.in/hostel.html,Hostel Facility,True,page
https://cas.res.in/phdstudents.html,https://cas.res.in/research.php,Research,True,page
https://cas.res.in/phdstudents.html,https://cas.res.in/coronarsch.html,Covid-19 Interventions,True,page
https://cas.res.in/phdstudents.html,https://cas.res.in/Research.html,Faculty Research,True,page
https://cas.res.in/phdstudents.html,https://cas.res.in/studentinno.html,Student innovations,True,page
https://cas.res.in/phdstudents.html,https://cas.res.in/phdrsch.html,Doctoral Student Research,True,page
https://cas.res.in/phdstudents.html,https://cas.res.in/rseminar.html,RESEARCH SEMINARS,True,page
https://cas.res.in/phdstudents.html,https://cas.res.in/gallery.html,Events,True,page
https://cas.res.in/phdstudents.html,https://cas.res.in/fdp.html,Faculty Development Programs,True,page
https://cas.res.in/phdstudents.html,https://cas.res.in/pdf/AGRAGAMAN 2020_FINAL-07-07-2020 (1).pdf,Agragaman-2020,True,document
https://cas.res.in/phdstudents.html,https://cas.res.in/contact.html,Accessibility,True,page
https://cas.res.in/phdstudents.html,https://cas.res.in/pastfaculty.html,Past Faculty,True,page
https://cas.res.in/phdstudents.html,https://cas.res.in/infra.html,Infrastructure,True,page
https://cas.res.in/phdstudents.html,https://cas.res.in/Research1.html,Faculty Research,True,page
https://cas.res.in/phdstudents.html,https://cas.res.in/library.html,Library,True,page
https://cas.res.in/phdstudents.html,https://cas.res.in/notifications.html,Notices,True,page
https://cas.res.in/phdstudents.html,https://cas.res.in/pdf/Academic Calender 2020-21 Session EVEN Semester.pdf,Academic Calender,True,document
https://cas.res.in/phdstudents.html,https://cas.res.in,CAS-AKTU,True,page
https://cas.res.in/phdstudents.html,https://www.facebook.com/CASAKTU/,,False,page
https://cas.res.in/phdstudents.html,https://twitter.com/CASaktu,,False,page
https://cas.res.in/mechaphd.html,https://cas.res.in/index.html,Home,True,page
https://cas.res.in/mechaphd.html,https://cas.res.in/director.html,Director,True,page
https://cas.res.in/mechaphd.html,https://cas.res.in/faculty.html,Current Faculty,True,page
https://cas.res.in/mechaphd.html,https://cas.res.in/visitingfaculty.html,Visiting Faculty,True,page
https://cas.res.in/mechaphd.html,https://cas.res.in/pastfaculty.html,Past Faculty,True,page
https://cas.res.in/mechaphd.html,https://cas.res.in/staff.html,Staff,True,page
https://cas.res.in/mechaphd.html,https://cas.res.in/Mtechcse.html,Computer Science Engineering,True,page
https://cas.res.in/mechaphd.html,https://cas.res.in/mtechnano.html,Nanotechnology,True,page
https://cas.res.in/mechaphd.html,https://cas.res.in/mtechenergy.html,Energy Science & Technology,True,page
https://cas.res.in/mechaphd.html,https://cas.res.in/mtechmecha.html,Mechatronics,True,page
https://cas.res.in/mechaphd.html,https://cas.res.in/mtechmanufacturing.html,Manufacturing Technology & Automation,True,page
https://cas.res.in/mechaphd.html,https://cas.res.in/csephd.html,PHD Program,True,page
https://cas.res.in/mechaphd.html,https://cas.res.in/pdf/CAS%20M.Tech%20Ordinance%20-%20Revised%20after%20BOS.pdf,M.Tech Ordinance,True,document
https://cas.res.in/mechaphd.html,https://cas.res.in/pdf/Ph.D%20ordinance.pdf,PHD Ordinance,True,document
https://cas.res.in/mechaphd.html,https://cas.res.in/pdf/SCIE%20Journal%20List%20with%20Impactfactor.pdf,List Of SCIE Journals,True,document
https://cas.res.in/mechaphd.html,https://cas.res.in/cse1.html,Computer Science Engineering,True,page
https://cas.res.in/mechaphd.html,https://cas.res.in/nano1.html,Nanotechnology,True,page
https://cas.res.in/mechaphd.html,https://cas.res.in/est1.html,Energy Science & Technology,True,page
https://cas.res.in/mechaphd.html,https://cas.res.in/mecha1.html,Mechatronics,True,page
https://cas.res.in/mechaphd.html,https://cas.res.in/manu1.html,Manufacturing Technology & Automation,True,page
https://cas.res.in/mechaphd.html,https://cas.res.in/apply-to-M.Tech.html,MTech,True,page
https://cas.res.in/mechaphd.html,https://cas.res.in/apply-to-PhD.html,PhD,True,page
https://cas.res.in/mechaphd.html,https://cas.res.in/feedetails.html,Fees,True,page
https://cas.res.in/mechaphd.html,https://cas.res.in/hostel.html,Hostel Details,True,page
https://cas.res.in/mechaphd.html,https://cas.res.in/research1.html,Research,True,page
https://cas.res.in/mechaphd.html,https://cas.res.in/infra.html,LABS,True,page
https://cas.res.in/mechaphd.html,https://cas.res.in/equip.html,Major Equipments,True,page
https://cas.res.in/mechaphd.html,https://cas.res.in/library.html,Library,True,page
https://cas.res.in/mechaphd.html,https://cas.res.in/geninfra.html,General Infrastructure,True,page
https://cas.res.in/mechaphd.html,https://cas.res.in/campustour/index.html,Campus Tour,True,page
https://cas.res.in/mechaphd.html,https://youtu.be/wuBRMYGzK8g,Video Tour,False,page
https://cas.res.in/mechaphd.html,https://cas.res.in/studentlyf.html,Student's Life,True,page
https://cas.res.in/mechaphd.html,https://cas.res.in/studentpub.html,Student's Publication,True,page
https://cas.res.in/mechaphd.html,https://cas.res.in/alumni.html,Alumni,True,page
https://cas.res.in/mechaphd.html,https://cas.res.in/studentinno.html,Innovation Gallery,True,page
https://cas.res.in/mechaphd.html,https://cas.res.in/contact1.html,Contact,True,page
https://cas.res.in/mechaphd.html,https://cas.res.in/stdphdmecha.html,Research Scholars,True,page
https://cas.res.in/mechaphd.html,https://cas.res.in/,"Centre for Advanced Studies (CAS, AKTU)",True,page
https://cas.res.in/phdrsch.html,https://cas.res.in/index.html,Home,True,page
https://cas.res.in/phdrsch.html,https://cas.res.in/director.html,Director,True,page
https://cas.res.in/phdrsch.html,https://cas.res.in/faculty.html,Current Faculty,True,page
https://cas.res.in/phdrsch.html,https://cas.res.in/visitingfaculty.html,Visiting Faculty,True,page
https://cas.res.in/phdrsch.html,https://cas.res.in/pastfaculty.html.html,Past Faculty,True,page
https://cas.res.in/phdrsch.html,https://cas.res.in/staff.html,Staff,True,page
https://cas.res.in/phdrsch.html,https://cas.res.in/mtechstudents.html,MTech Students,True,page
https://cas.res.in/phdrsch.html,https://cas.res.in/phdstudents.html,PhD Students,True,page
https://cas.res.in/phdrsch.html,https://cas.res.in/Mtechcse.html,Computer Science and Engineering,True,page
https://cas.res.in/phdrsch.html,https://cas.res.in/mtechmecha.html,Mechatronics,True,page
https://cas.res.in/phdrsch.html,https://cas.res.in/mtechnano.html,Nanotechnology,True,page
https://cas.res.in/phdrsch.html,https://cas.res.in/mtechmanufacturing.html,Manufacturing Technology and Automation,True,page
https://cas.res.in/phdrsch.html,https://cas.res.in/mtechenergy.html,Energy Science and Technology,True,page
https://cas.res.in/phdrsch.html,https://cas.res.in/csephd.html,Computer Science and Engineering,True,page
https://cas.res.in/phdrsch.html,https://cas.res.in/mechaphd.html,Mechatronics,True,page
https://cas.res.in/phdrsch.html,https://cas.res.in/phdnano.html,Nanotechnology,True,page
https://cas.res.in/phdrsch.html,https://cas.res.in/pdf/CAS M.Tech Ordinance - Revised after BOS.pdf,M.Tech. Ordinance,True,document
https://cas.res.in/phdrsch.html,https://cas.res.in/pdf/Ph.D ordinance.pdf,Phd Ordinance,True,document
https://cas.res.in/phdrsch.html,https://cas.res.in/pdf/SCIE Journal List with Impactfactor.pdf,List of SCIE Journals,True,document
https://cas.res.in/phdrsch.html,https://cas.res.in/apply-to-M.Tech.html,Apply For Admissions,True,page
https://cas.res.in/phdrsch.html,https://cas.res.in/apply-to-PhD.html,Apply To Ph.D. Program,True,page
https://cas.res.in/phdrsch.html,https://cas.res.in/feedetails.html,Fee Structure,True,page
https://cas.res.in/phdrsch.html,https://cas.res.in/hostel.html,Hostel Facility,True,page
https://cas.res.in/phdrsch.html,https://cas.res.in/research.php,Research,True,page
https://cas.res.in/phdrsch.html,https://cas.res.in/coronarsch.html,Covid-19 Interventions,True,page
https://cas.res.in/phdrsch.html,https://cas.res.in/Research.html,Faculty Research,True,page
https://cas.res.in/phdrsch.html,https://cas.res.in/studentinno.html,Student innovations,True,page
https://cas.res.in/phdrsch.html,https://cas.res.in/phdrsch.html,Doctoral Student Research,True,page
https://cas.res.in/phdrsch.html,https://cas.res.in/rseminar.html,RESEARCH SEMINARS,True,page
https://cas.res.in/phdrsch.html,https://cas.res.in/gallery.html,Events,True,page
https://cas.res.in/phdrsch.html,https://cas.res.in/fdp.html,Faculty Development Programs,True,page
https://cas.res.in/phdrsch.html,https://cas.res.in/pdf/AGRAGAMAN 2020_FINAL-07-07-2020 (1).pdf,Agragaman-2020,True,document
https://cas.res.in/phdrsch.html,https://cas.res.in/contact.html,Accessibility,True,page
https://cas.res.in/phdrsch.html,https://cas.res.in/pastfaculty.html,Past Faculty,True,page
https://cas.res.in/phdrsch.html,https://cas.res.in/infra.html,Infrastructure,True,page
https://cas.res.in/phdrsch.html,https://cas.res.in/Research1.html,Faculty Research,True,page
https://cas.res.in/phdrsch.html,https://cas.res.in/library.html,Library,True,page
https://cas.res.in/phdrsch.html,https://cas.res.in/notifications.html,Notices,True,page
https://cas.res.in/phdrsch.html,https://cas.res.in/pdf/Academic Calender 2020-21 Session EVEN Semester.pdf,Academic Calender,True,document
https://cas.res.in/phdrsch.html,https://cas.res.in,CAS-AKTU,True,page
https://cas.res.in/phdrsch.html,https://www.facebook.com/CASAKTU/,,False,page
https://cas.res.in/phdrsch.html,https://twitter.com/CASaktu,,False,page
https://cas.res.in/librarymsg.html,https://cas.res.in/index.html,Home,True,page
https://cas.res.in/librarymsg.html,https://cas.res.in/director.html,Director,True,page
https://cas.res.in/librarymsg.html,https://cas.res.in/faculty.html,Current Faculty,True,page
https://cas.res.in/librarymsg.html,https://cas.res.in/visitingfaculty.html,Visiting Faculty,True,page
https://cas.res.in/librarymsg.html,https://cas.res.in/pastfaculty.html,Past Faculty,True,page
https://cas.res.in/librarymsg.html,https://cas.res.in/staff.html,Staff,True,page
https://cas.res.in/librarymsg.html,https://cas.res.in/mtechstudents.html,MTech Students,True,page
https://cas.res.in/librarymsg.html,https://cas.res.in/phdstudents.html,PhD Students,True,page
https://cas.res.in/librarymsg.html,https://cas.res.in/Mtechcse.html,Computer Science Engineering,True,page
https://cas.res.in/librarymsg.html,https://cas.res.in/mtechnano.html,Nano Science Engineering,True,page
https://cas.res.in/librarymsg.html,https://cas.res.in/mtechenergy.html,Energy Science Engineering,True,page
https://cas.res.in/librarymsg.html,https://cas.res.in/mtechmecha.html,Mechatronics,True,page
https://cas.res.in/librarymsg.html,https://cas.res.in/mtechmanufacturing.html,Manufacturing & Automation Technology,True,page
https://cas.res.in/librarymsg.html,https://cas.res.in/csephd.html,Computer Science Engineering,True,page
https://cas.res.in/librarymsg.html,https://cas.res.in/nanophd,Nano Science Engineering,True,page
https://cas.res.in/librarymsg.html,https://cas.res.in/mechaphd,Mechatronics,True,page
https://cas.res.in/librarymsg.html,https://cas.res.in/pdf/CAS%20M.Tech%20Ordinance%20-%20Revised%20after%20BOS.pdf,M.Tech Ordinance,True,document
https://cas.res.in/librarymsg.html,https://cas.res.in/pdf/Ph.D%20ordinance.pdf,PHD Ordinance,True,document
https://cas.res.in/librarymsg.html,https://cas.res.in/pdf/SCIE%20Journal%20List%20with%20Impactfactor.pdf,List Of SCIE Journals,True,document
https://cas.res.in/librarymsg.html,https://cas.res.in/apply-to-M.Tech.html,MTech,True,page
https://cas.res.in/librarymsg.html,https://cas.res.in/apply-to-PhD.html,PhD,True,page
https://cas.res.in/librarymsg.html,https://cas.res.in/feedetails.html,Fees,True,page
https://cas.res.in/librarymsg.html,https://cas.res.in/hostel.html,Hostel Details,True,page
https://cas.res.in/librarymsg.html,https://cas.res.in/research1.html,Research,True,page
https://cas.res.in/librarymsg.html,https://cas.res.in/infra.html,All Labs,True,page
https://cas.res.in/librarymsg.html,https://cas.res.in/library.html,Library,True,page
https://cas.res.in/librarymsg.html,https://cas.res.in/geninfra.html,General Infrastructure,True,page
https://cas.res.in/librarymsg.html,https://cas.res.in/Gallery.html,Gallery,True,page
https://cas.res.in/librarymsg.html,https://cas.res.in/achieve.html,Students Achievements,True,page
https://cas.res.in/librarymsg.html,https://cas.res.in/contact1.html,Contact,True,page
https://cas.res.in/librarymsg.html,https://cas.res.in/,"Center for Avanced Studies (CAS, AKTU)",True,page
https://cas.res.in/workshops.html,https://cas.res.in/index.html,Home,True,page
https://cas.res.in/workshops.html,https://cas.res.in/director.html,Director,True,page
https://cas.res.in/workshops.html,https://cas.res.in/faculty.html,Current Faculty,True,page
https://cas.res.in/workshops.html,https://cas.res.in/visitingfaculty.html,Visiting Faculty,True,page
https://cas.res.in/workshops.html,https://cas.res.in/pastfaculty.html,Past Faculty,True,page
https://cas.res.in/workshops.html,https://cas.res.in/staff.html,Staff,True,page
https://cas.res.in/workshops.html,https://cas.res.in/Mtechcse.html,Computer Science Engineering,True,page
https://cas.res.in/workshops.html,https://cas.res.in/mtechnano.html,Nanotechnology,True,page
https://cas.res.in/workshops.html,https://cas.res.in/mtechenergy.html,Energy Science & Technology,True,page
https://cas.res.in/workshops.html,https://cas.res.in/mtechmecha.html,Mechatronics,True,page
https://cas.res.in/workshops.html,https://cas.res.in/mtechmanufacturing.html,Manufacturing Technology & Automation,True,page
https://cas.res.in/workshops.html,https://cas.res.in/csephd.html,PHD Program,True,page
https://cas.res.in/workshops.html,https://cas.res.in/pdf/CAS%20M.Tech%20Ordinance%20-%20Revised%20after%20BOS.pdf,M.Tech Ordinance,True,document
https://cas.res.in/workshops.html,https://cas.res.in/pdf/Ph.D%20ordinance.pdf,PHD Ordinance,True,document
https://cas.res.in/workshops.html,https://cas.res.in/pdf/SCIE%20Journal%20List%20with%20Impactfactor.pdf,List Of SCIE Journals,True,document
https://cas.res.in/workshops.html,https://cas.res.in/cse1.html,Computer Science Engineering,True,page
https://cas.res.in/workshops.html,https://cas.res.in/nano1.html,Nanotechnology,True,page
https://cas.res.in/workshops.html,https://cas.res.in/est1.html,Energy Science & Technology,True,page
https://cas.res.in/workshops.html,https://cas.res.in/mecha1.html,Mechatronics,True,page
https://cas.res.in/workshops.html,https://cas.res.in/manu1.html,Manufacturing Technology & Automation,True,page
https://cas.res.in/workshops.html,https://cas.res.in/apply-to-M.Tech.html,MTech,True,page
https://cas.res.in/workshops.html,https://cas.res.in/apply-to-PhD.html,PhD,True,page
https://cas.res.in/workshops.html,https://cas.res.in/feedetails.html,Fees,True,page
https://cas.res.in/workshops.html,https://cas.res.in/hostel.html,Hostel Details,True,page
https://cas.res.in/workshops.html,https://cas.res.in/research1.html,Research,True,page
https://cas.res.in/workshops.html,https://cas.res.in/infra.html,LABS,True,page
https://cas.res.in/workshops.html,https://cas.res.in/equip.html,Major Equipments,True,page
https://cas.res.in/workshops.html,https://cas.res.in/library.html,Library,True,page
https://cas.res.in/workshops.html,https://cas.res.in/geninfra.html,General Infrastructure,True,page
https://cas.res.in/workshops.html,https://cas.res.in/campustour/index.html,Campus Tour,True,page
https://cas.res.in/workshops.html,https://youtu.be/wuBRMYGzK8g,Video Tour,False,page
https://cas.res.in/workshops.html,https://cas.res.in/studentlyf.html,Student's Life,True,page
https://cas.res.in/workshops.html,https://cas.res.in/studentpub.html,Student's Publication,True,page
https://cas.res.in/workshops.html,https://cas.res.in/alumni.html,Alumni,True,page
https://cas.res.in/workshops.html,https://cas.res.in/studentinno.html,Innovation Gallery,True,page
https://cas.res.in/workshops.html,https://cas.res.in/activities.html,Activities,True,page
https://cas.res.in/workshops.html,https://cas.res.in/contact1.html,Contact,True,page
https://cas.res.in/workshops.html,https://cas.res.in/images/workshop23/Workshop_01.png,Workshop Details,True,document
https://cas.res.in/workshops.html,https://cas.res.in/images/workshop23/Workshop_02.pdf,Workshop Details,True,document
https://cas.res.in/workshops.html,https://cas.res.in/images/workshop23/Workshop_03.jpg,Workshop Details,True,document
https://cas.res.in/workshops.html,https://cas.res.in/images/workshop23/Workshop_04.jpg,Workshop Details,True,document
https://cas.res.in/workshops.html,https://cas.res.in/images/workshop23/Workshop_05.png,Workshop Details,True,document
https://cas.res.in/workshops.html,https://cas.res.in/images/workshop23/Workshop_06.png,Workshop Details,True,document
https://cas.res.in/workshops.html,https://cas.res.in/images/workshop23/Workshop_07.png,Workshop Details,True,document
https://cas.res.in/workshops.html,https://cas.res.in/images/workshop23/Workshop_08.pdf,Workshop Details,True,document
https://cas.res.in/workshops.html,https://cas.res.in/images/workshop23/Workshop_09.png,Workshop Details,True,document
https://cas.res.in/workshops.html,https://cas.res.in/images/workshop23/Workshop_10.jpeg,Workshop Details,True,document
https://cas.res.in/workshops.html,https://cas.res.in/pdf/pdf_flyer/ai3.jpeg,Workshop Details,True,document
https://cas.res.in/workshops.html,https://cas.res.in/pdf/pdf_flyer/drone1.jpeg,Workshop Details,True,document
https://cas.res.in/workshops.html,https://cas.res.in/images/ai11.jpg,Workshop Details,True,document
https://cas.res.in/workshops.html,https://cas.res.in/pdf/pdf_flyer/ar1.pdf,Workshop Details,True,document
https://cas.res.in/workshops.html,https://cas.res.in/pdf/pdf_flyer/drone.pdf,Workshop Details,True,document
https://cas.res.in/workshops.html,https://cas.res.in/pdf/pdf_flyer/ar.pdf,Workshop Details,True,document
https://cas.res.in/workshops.html,https://cas.res.in/pdf/pdf_flyer/corrosion.pdf,Workshop Details,True,document
https://cas.res.in/workshops.html,https://cas.res.in/pdf/pdf_flyer/blockchain.pdf,Workshop Details,True,document
https://cas.res.in/workshops.html,https://cas.res.in/pdf/pdf_flyer/3d.pdf,Workshop Details,True,document
https://cas.res.in/workshops.html,https://cas.res.in/pdf/pdf_flyer/industrial_automation.pdf,Workshop Details,True,document
https://cas.res.in/workshops.html,https://cas.res.in/pdf/pdf_flyer/AI.pdf,Workshop Details,True,document
https://cas.res.in/workshops.html,https://cas.res.in/pdf/pdf_flyer/nano.pdf,Workshop Details,True,document
https://cas.res.in/workshops.html,https://cas.res.in/pdf/pdf_flyer/robotics.pdf,Workshop Details,True,document
https://cas.res.in/workshops.html,https://cas.res.in/pdf/pdf_flyer/1.pdf,Workshop Details,True,document
https://cas.res.in/workshops.html,https://cas.res.in/pdf/pdf_flyer/10.pdf,Workshop Details,True,document
https://cas.res.in/workshops.html,https://cas.res.in/pdf/pdf_flyer/9.pdf,Workshop Details,True,document
https://cas.res.in/workshops.html,https://cas.res.in/pdf/pdf_flyer/15.pdf,Workshop Details,True,document
https://cas.res.in/workshops.html,https://cas.res.in/pdf/pdf_flyer/7.pdf,Workshop Details,True,document
https://cas.res.in/workshops.html,https://cas.res.in/pdf/pdf_flyer/14.pdf,Workshop Details,True,document
https://cas.res.in/workshops.html,https://cas.res.in/pdf/pdf_flyer/16.pdf,Workshop Details,True,document
https://cas.res.in/workshops.html,https://cas.res.in/pdf/pdf_flyer/6.pdf,Workshop Details,True,document
https://cas.res.in/workshops.html,https://cas.res.in/pdf/pdf_flyer/3.pdf,Workshop Details,True,document
https://cas.res.in/workshops.html,https://cas.res.in/pdf/pdf_flyer/2.pdf,Workshop Details,True,document
https://cas.res.in/workshops.html,https://cas.res.in/pdf/pdf_flyer/5.pdf,Workshop Details,True,document
https://cas.res.in/workshops.html,https://cas.res.in/pdf/pdf_flyer/13.pdf,Workshop Details,True,document
https://cas.res.in/workshops.html,https://cas.res.in/pdf/pdf_flyer/17.pdf,Workshop Details,True,document
https://cas.res.in/workshops.html,https://cas.res.in/pdf/pdf_flyer/8.pdf,Workshop Details,True,document
https://cas.res.in/workshops.html,https://cas.res.in/pdf/pdf_flyer/4.pdf,Workshop Details,True,document
https://cas.res.in/workshops.html,https://cas.res.in/pdf/pdf_flyer/11.pdf,Workshop Details,True,document
https://cas.res.in/workshops.html,https://cas.res.in/pdf/pdf_flyer/12.pdf,Workshop Details,True,document
https://cas.res.in/workshops.html,https://cas.res.in/,"Centre for Advanced Studies (CAS, AKTU)",True,page
https://cas.res.in/internship/,https://cas.res.in/,Centre for Advanced Studies Home,True,page
https://cas.res.in/internship/,https://cas.res.in/internship/index.html,Home,True,page
https://cas.res.in/internship/,https://cas.res.in/internship/team.html,Members,True,page
https://cas.res.in/internship/,https://cas.res.in/internship/research.html,Research Areas,True,page
https://cas.res.in/internship/,https://cas.res.in/internship/registration.html,Click here to Register,True,page
https://cas.res.in/internship/,https://cas.res.in/internship/img/flyer.pdf,View Flyer,True,document
https://cas.res.in/75AKAM.html,https://cas.res.in/index.html,Home,True,page
https://cas.res.in/75AKAM.html,https://cas.res.in/director.html,Director,True,page
https://cas.res.in/75AKAM.html,https://cas.res.in/faculty.html,Current Faculty,True,page
https://cas.res.in/75AKAM.html,https://cas.res.in/visitingfaculty.html,Visiting Faculty,True,page
https://cas.res.in/75AKAM.html,https://cas.res.in/pastfaculty.html,Past Faculty,True,page
https://cas.res.in/75AKAM.html,https://cas.res.in/staff.html,Staff,True,page
https://cas.res.in/75AKAM.html,https://cas.res.in/Mtechcse.html,Computer Science Engineering,True,page
https://cas.res.in/75AKAM.html,https://cas.res.in/mtechnano.html,Nanotechnology,True,page
https://cas.res.in/75AKAM.html,https://cas.res.in/mtechenergy.html,Energy Science & Technology,True,page
https://cas.res.in/75AKAM.html,https://cas.res.in/mtechmecha.html,Mechatronics,True,page
https://cas.res.in/75AKAM.html,https://cas.res.in/mtechmanufacturing.html,Manufacturing Technology & Automation,True,page
https://cas.res.in/75AKAM.html,https://cas.res.in/csephd.html,PHD Program,True,page
https://cas.res.in/75AKAM.html,https://cas.res.in/pdf/CAS%20M.Tech%20Ordinance%20-%20Revised%20after%20BOS.pdf,M.Tech Ordinance,True,document
https://cas.res.in/75AKAM.html,https://cas.res.in/pdf/Ph.D%20ordinance.pdf,PHD Ordinance,True,document
https://cas.res.in/75AKAM.html,https://cas.res.in/pdf/SCIE%20Journal%20List%20with%20Impactfactor.pdf,List Of SCIE Journals,True,document
https://cas.res.in/75AKAM.html,https://cas.res.in/cse1.html,Computer Science Engineering,True,page
https://cas.res.in/75AKAM.html,https://cas.res.in/nano1.html,Nanotechnology,True,page
https://cas.res.in/75AKAM.html,https://cas.res.in/est1.html,Energy Science & Technology,True,page
https://cas.res.in/75AKAM.html,https://cas.res.in/mecha1.html,Mechatronics,True,page
https://cas.res.in/75AKAM.html,https://cas.res.in/manu1.html,Manufacturing Technology & Automation,True,page
https://cas.res.in/75AKAM.html,https://cas.res.in/apply-to-M.Tech.html,MTech,True,page
https://cas.res.in/75AKAM.html,https://cas.res.in/apply-to-PhD.html,PhD,True,page
https://cas.res.in/75AKAM.html,https://cas.res.in/feedetails.html,Fees,True,page
https://cas.res.in/75AKAM.html,https://cas.res.in/hostel.html,Hostel Details,True,page
https://cas.res.in/75AKAM.html,https://cas.res.in/research1.html,Research,True,page
https://cas.res.in/75AKAM.html,https://cas.res.in/infra.html,LABS,True,page
https://cas.res.in/75AKAM.html,https://cas.res.in/equip.html,Major Equipments,True,page
https://cas.res.in/75AKAM.html,https://cas.res.in/library.html,Library,True,page
https://cas.res.in/75AKAM.html,https://cas.res.in/geninfra.html,General Infrastructure,True,page
https://cas.res.in/75AKAM.html,https://cas.res.in/campustour/index.html,Campus Tour,True,page
https://cas.res.in/75AKAM.html,https://youtu.be/wuBRMYGzK8g,Video Tour,False,page
https://cas.res.in/75AKAM.html,https://cas.res.in/studentlyf.html,Student's Life,True,page
https://cas.res.in/75AKAM.html,https://cas.res.in/studentpub.html,Student's Publication,True,page
https://cas.res.in/75AKAM.html,https://cas.res.in/alumni.html,Alumni,True,page
https://cas.res.in/75AKAM.html,https://cas.res.in/studentinno.html,Innovation Gallery,True,page
https://cas.res.in/75AKAM.html,https://cas.res.in/activities.html,Activities,True,page
https://cas.res.in/75AKAM.html,https://cas.res.in/contact1.html,Contact,True,page
https://cas.res.in/75AKAM.html,https://cas.res.in/pdf/75AKAM/Innovations@CAS.pdf,Innovation@CAS Magazine,True,document
https://cas.res.in/75AKAM.html,https://cas.res.in/pdf/75AKAM/Magzine_launch_event.pdf,Report,True,document
https://cas.res.in/75AKAM.html,https://cas.res.in/pdf/75AKAM/mini marathon.pdf,Event Poster,True,document
https://cas.res.in/75AKAM.html,https://cas.res.in/pdf/75AKAM/Mini Marathon report.pdf,Report,True,document
https://cas.res.in/75AKAM.html,https://cas.res.in/pdf/75AKAM/tug of war.pdf,Event Poster,True,document
https://cas.res.in/75AKAM.html,https://cas.res.in/pdf/75AKAM/Tug of War report.pdf,Report,True,document
https://cas.res.in/75AKAM.html,https://cas.res.in/pdf/75AKAM/bike_rally.pdf,Event Poster,True,document
https://cas.res.in/75AKAM.html,https://cas.res.in/pdf/75AKAM/Bike Rally (1).pdf,Report,True,document
https://cas.res.in/75AKAM.html,https://cas.res.in/pdf/75AKAM/Slogan_Writing_Competition.pdf,Event Poster,True,document
https://cas.res.in/75AKAM.html,https://cas.res.in/pdf/75AKAM/Slogan Writing Competition-1 rpt.pdf,Report,True,document
https://cas.res.in/75AKAM.html,https://cas.res.in/pdf/75AKAM/Debate_Competition.pdf,Event Poster,True,document
https://cas.res.in/75AKAM.html,https://cas.res.in/pdf/75AKAM/Debate Competition-1 rpt.pdf,Report,True,document
https://cas.res.in/75AKAM.html,https://cas.res.in/pdf/75AKAM/challenge making vishwaguru by 2050.pdf,Event Poster,True,document
https://cas.res.in/75AKAM.html,https://cas.res.in/pdf/75AKAM/Essay Competition-1 rpt.pdf,Report,True,document
https://cas.res.in/75AKAM.html,https://cas.res.in/pdf/75AKAM/quiz_competiton.pdf,Event Poster,True,document
https://cas.res.in/75AKAM.html,https://cas.res.in/pdf/75AKAM/Quiz Competition (1) rpt.pdf,Report,True,document
https://cas.res.in/75AKAM.html,https://cas.res.in/,"Centre for Advanced Studies (CAS, AKTU)",True,page
https://cas.res.in/webinar.html,https://cas.res.in/index.html,Home,True,page
https://cas.res.in/webinar.html,https://cas.res.in/director.html,Director,True,page
https://cas.res.in/webinar.html,https://cas.res.in/faculty.html,Current Faculty,True,page
https://cas.res.in/webinar.html,https://cas.res.in/visitingfaculty.html,Visiting Faculty,True,page
https://cas.res.in/webinar.html,https://cas.res.in/pastfaculty.html,Past Faculty,True,page
https://cas.res.in/webinar.html,https://cas.res.in/staff.html,Staff,True,page
https://cas.res.in/webinar.html,https://cas.res.in/Mtechcse.html,Computer Science Engineering,True,page
https://cas.res.in/webinar.html,https://cas.res.in/mtechnano.html,Nanotechnology,True,page
https://cas.res.in/webinar.html,https://cas.res.in/mtechenergy.html,Energy Science & Technology,True,page
https://cas.res.in/webinar.html,https://cas.res.in/mtechmecha.html,Mechatronics,True,page
https://cas.res.in/webinar.html,https://cas.res.in/mtechmanufacturing.html,Manufacturing Technology & Automation,True,page
https://cas.res.in/webinar.html,https://cas.res.in/csephd.html,PHD Program,True,page
https://cas.res.in/webinar.html,https://cas.res.in/pdf/CAS%20M.Tech%20Ordinance%20-%20Revised%20after%20BOS.pdf,M.Tech Ordinance,True,document
https://cas.res.in/webinar.html,https://cas.res.in/pdf/Ph.D%20ordinance.pdf,PHD Ordinance,True,document
https://cas.res.in/webinar.html,https://cas.res.in/pdf/SCIE%20Journal%20List%20with%20Impactfactor.pdf,List Of SCIE Journals,True,document
https://cas.res.in/webinar.html,https://cas.res.in/cse1.html,Computer Science Engineering,True,page
https://cas.res.in/webinar.html,https://cas.res.in/nano1.html,Nanotechnology,True,page
https://cas.res.in/webinar.html,https://cas.res.in/est1.html,Energy Science & Technology,True,page
https://cas.res.in/webinar.html,https://cas.res.in/mecha1.html,Mechatronics,True,page
https://cas.res.in/webinar.html,https://cas.res.in/manu1.html,Manufacturing Technology & Automation,True,page
https://cas.res.in/webinar.html,https://cas.res.in/apply-to-M.Tech.html,MTech,True,page
https://cas.res.in/webinar.html,https://cas.res.in/apply-to-PhD.html,PhD,True,page
https://cas.res.in/webinar.html,https://cas.res.in/feedetails.html,Fees,True,page
https://cas.res.in/webinar.html,https://cas.res.in/hostel.html,Hostel Details,True,page
https://cas.res.in/webinar.html,https://cas.res.in/research1.html,Research,True,page
https://cas.res.in/webinar.html,https://cas.res.in/infra.html,LABS,True,page
https://cas.res.in/webinar.html,https://cas.res.in/equip.html,Major Equipments,True,page
https://cas.res.in/webinar.html,https://cas.res.in/library.html,Library,True,page
https://cas.res.in/webinar.html,https://cas.res.in/geninfra.html,General Infrastructure,True,page
https://cas.res.in/webinar.html,https://cas.res.in/campustour/index.html,Campus Tour,True,page
https://cas.res.in/webinar.html,https://youtu.be/wuBRMYGzK8g,Video Tour,False,page
https://cas.res.in/webinar.html,https://cas.res.in/studentlyf.html,Student's Life,True,page
https://cas.res.in/webinar.html,https://cas.res.in/studentpub.html,Student's Publication,True,page
https://cas.res.in/webinar.html,https://cas.res.in/alumni.html,Alumni,True,page
https://cas.res.in/webinar.html,https://cas.res.in/studentinno.html,Innovation Gallery,True,page
https://cas.res.in/webinar.html,https://cas.res.in/activities.html,Activities,True,page
https://cas.res.in/webinar.html,https://cas.res.in/contact1.html,Contact,True,page
https://cas.res.in/webinar.html,https://cas.res.in/pdf/Research Seminar_11.pdf,pdf,True,document
https://cas.res.in/webinar.html,https://cas.res.in/pdf/Research Seminar_2.pdf,pdf,True,document
https://cas.res.in/webinar.html,https://cas.res.in/pdf/Research Seminar_3.pdf,pdf,True,document
https://cas.res.in/webinar.html,https://cas.res.in/pdf/Research Seminar_4.pdf,pdf,True,document
https://cas.res.in/webinar.html,https://cas.res.in/pdf/Research Seminar_5.pdf,pdf,True,document
https://cas.res.in/webinar.html,https://cas.res.in/pdf/Research Seminar_6.pdf,pdf,True,document
https://cas.res.in/webinar.html,https://cas.res.in/pdf/Research Seminar_7.pdf,pdf,True,document
https://cas.res.in/webinar.html,https://cas.res.in/pdf/rseminar8.pdf,pdf,True,document
https://cas.res.in/webinar.html,https://cas.res.in/pdf/Research Seminar_9.pdf,pdf,True,document
https://cas.res.in/webinar.html,https://cas.res.in/pdf/Research Seminar_10.pdf,pdf,True,document
https://cas.res.in/webinar.html,https://cas.res.in/pdf/seminar11.pdf,pdf,True,document
https://cas.res.in/webinar.html,https://cas.res.in/pdf/Research Seminar_12.pdf,pdf,True,document
https://cas.res.in/webinar.html,https://cas.res.in/pdf/Research Seminar 15 - abstract.pdf,pdf,True,document
https://cas.res.in/webinar.html,https://cas.res.in/,"Centre for Advanced Studies (CAS, AKTU)",True,page
https://cas.res.in/home1/pub.html,https://cas.res.in/home1/index.html,Home,True,page
https://cas.res.in/home1/pub.html,https://cas.res.in/home1/pub.html,Publication,True,page
https://cas.res.in/home1/pub.html,https://cas.res.in/home1/patents.html,Patents,True,page
https://cas.res.in/home1/pub.html,https://cas.res.in/home1/innovation.html,Innovations / COVID Works,True,page
https://cas.res.in/home1/pub.html,https://cas.res.in/home1/rg.html,Research Groups,True,page
https://cas.res.in/home1/pub.html,https://cas.res.in/home1/Equip_avail.html,Equipments available,True,page
https://cas.res.in/home1/pub.html,https://cas.res.in/home1/awards.html,Honours and Awards,True,page
https://cas.res.in/home1/pub.html,https://cas.res.in/home1/photo.html,Photo Gallery,True,page
https://cas.res.in/home1/pub.html,https://cas.res.in/home1/contact.html,Contact,True,page
https://cas.res.in/home1/pub.html,https://www.linkedin.com/in/arun-singh-yadav-678a1a190/,Arun SIngh Yadav,False,page
https://cas.res.in/home1/patents.html,https://cas.res.in/home1/index.html,Home,True,page
https://cas.res.in/home1/patents.html,https://cas.res.in/home1/pub.html,Publication,True,page
https://cas.res.in/home1/patents.html,https://cas.res.in/home1/patents.html,Patents,True,page
https://cas.res.in/home1/patents.html,https://cas.res.in/home1/innovation.html,Innovations / COVID Works,True,page
https://cas.res.in/home1/patents.html,https://cas.res.in/home1/rg.html,Research Groups,True,page
https://cas.res.in/home1/patents.html,https://cas.res.in/home1/Equip_avail.html,Equipments available,True,page
https://cas.res.in/home1/patents.html,https://cas.res.in/home1/awards.html,Honours and Awards,True,page
https://cas.res.in/home1/patents.html,https://cas.res.in/home1/photo.html,Photo Gallery,True,page
https://cas.res.in/home1/patents.html,https://cas.res.in/home1/contact.html,Contact,True,page
https://cas.res.in/home1/patents.html,https://www.linkedin.com/in/arun-singh-yadav-678a1a190/,Arun SIngh Yadav,False,page
https://cas.res.in/home1/rg.html,https://cas.res.in/home1/index.html,Home,True,page
https://cas.res.in/home1/rg.html,https://cas.res.in/home1/pub.html,Publication,True,page
https://cas.res.in/home1/rg.html,https://cas.res.in/home1/patents.html,Patents,True,page
https://cas.res.in/home1/rg.html,https://cas.res.in/home1/innovation.html,Innovations / COVID Works,True,page
https://cas.res.in/home1/rg.html,https://cas.res.in/home1/rg.html,Research Groups,True,page
https://cas.res.in/home1/rg.html,https://cas.res.in/home1/Equip_avail.html,Equipments available,True,page
https://cas.res.in/home1/rg.html,https://cas.res.in/home1/awards.html,Honours and Awards,True,page
https://cas.res.in/home1/rg.html,https://cas.res.in/home1/photo.html,Photo Gallery,True,page
https://cas.res.in/home1/rg.html,https://cas.res.in/home1/contact.html,Contact,True,page
https://cas.res.in/home1/rg.html,https://www.linkedin.com/in/arun-singh-yadav-678a1a190/,Arun SIngh Yadav,False,page
https://cas.res.in/home1/Equip_avail.html,https://cas.res.in/home1/index.html,Home,True,page
https://cas.res.in/home1/Equip_avail.html,https://cas.res.in/home1/pub.html,Publication,True,page
https://cas.res.in/home1/Equip_avail.html,https://cas.res.in/home1/patents.html,Patents,True,page
https://cas.res.in/home1/Equip_avail.html,https://cas.res.in/home1/innovation.html,Innovations / COVID Works,True,page
https://cas.res.in/home1/Equip_avail.html,https://cas.res.in/home1/rg.html,Research Groups,True,page
https://cas.res.in/home1/Equip_avail.html,https://cas.res.in/home1/Equip_avail.html,Equipments available,True,page
https://cas.res.in/home1/Equip_avail.html,https://cas.res.in/home1/awards.html,Honours and Awards,True,page
https://cas.res.in/home1/Equip_avail.html,https://cas.res.in/home1/photo.html,Photo Gallery,True,page
https://cas.res.in/home1/Equip_avail.html,https://cas.res.in/home1/contact.html,Contact,True,page
https://cas.res.in/home1/Equip_avail.html,https://www.linkedin.com/in/arun-singh-yadav-678a1a190/,Arun SIngh Yadav,False,page
https://cas.res.in/home1/awards.html,https://cas.res.in/home1/index.html,Home,True,page
https://cas.res.in/home1/awards.html,https://cas.res.in/home1/pub.html,Publication,True,page
https://cas.res.in/home1/awards.html,https://cas.res.in/home1/patents.html,Patents,True,page
https://cas.res.in/home1/awards.html,https://cas.res.in/home1/innovation.html,Innovations / COVID Works,True,page
https://cas.res.in/home1/awards.html,https://cas.res.in/home1/rg.html,Research Groups,True,page
https://cas.res.in/home1/awards.html,https://cas.res.in/home1/Equip_avail.html,Equipments available,True,page
https://cas.res.in/home1/awards.html,https://cas.res.in/home1/awards.html,Honours and Awards,True,page
https://cas.res.in/home1/awards.html,https://cas.res.in/home1/photo.html,Photo Gallery,True,page
https://cas.res.in/home1/awards.html,https://cas.res.in/home1/contact.html,Contact,True,page
https://cas.res.in/home1/awards.html,https://www.linkedin.com/in/arun-singh-yadav-678a1a190/,Arun SIngh Yadav,False,page
https://cas.res.in/home1/photo.html,https://cas.res.in/home1/index.html,Home,True,page
https://cas.res.in/home1/photo.html,https://cas.res.in/home1/pub.html,Publication,True,page
https://cas.res.in/home1/photo.html,https://cas.res.in/home1/patents.html,Patents,True,page
https://cas.res.in/home1/photo.html,https://cas.res.in/home1/innovation.html,Innovations / COVID Works,True,page
https://cas.res.in/home1/photo.html,https://cas.res.in/home1/rg.html,Research Groups,True,page
https://cas.res.in/home1/photo.html,https://cas.res.in/home1/Equip_avail.html,Equipments available,True,page
https://cas.res.in/home1/photo.html,https://cas.res.in/home1/awards.html,Honours and Awards,True,page
https://cas.res.in/home1/photo.html,https://cas.res.in/home1/photo.html,Photo Gallery,True,page
https://cas.res.in/home1/photo.html,https://cas.res.in/home1/contact.html,Contact,True,page
https://cas.res.in/home1/photo.html,https://cas.res.in/home1/doc/gallery/1 (1).jpeg,,True,document
https://cas.res.in/home1/photo.html,https://cas.res.in/home1/doc/gallery/1 (2).jpeg,,True,document
https://cas.res.in/home1/photo.html,https://cas.res.in/home1/doc/gallery/1 (3).jpeg,,True,document
https://cas.res.in/home1/photo.html,https://cas.res.in/home1/doc/gallery/1 (4).jpeg,,True,document
https://cas.res.in/home1/photo.html,https://cas.res.in/home1/doc/gallery/1 (5).jpeg,,True,document
https://cas.res.in/home1/photo.html,https://cas.res.in/home1/doc/gallery/1 (7).jpeg,,True,document
https://cas.res.in/home1/photo.html,https://cas.res.in/home1/doc/gallery/1 (8).jpeg,,True,document
https://cas.res.in/home1/photo.html,https://cas.res.in/home1/doc/gallery/1 (9).jpeg,,True,document
https://cas.res.in/home1/photo.html,https://www.linkedin.com/in/arun-singh-yadav-678a1a190/,Arun SIngh Yadav,False,page
https://cas.res.in/home1/contact.html,https://cas.res.in/home1/pub.php,Publication,True,page
https://cas.res.in/home1/contact.html,https://cas.res.in/home1/patents.php,Patents,True,page
https://cas.res.in/home1/contact.html,https://cas.res.in/home1/innovation.php,Innovations / COVID Works,True,page
https://cas.res.in/home1/contact.html,https://cas.res.in/home1/rg.php,Research Groups,True,page
https://cas.res.in/home1/contact.html,https://cas.res.in/home1/Equip_avail.php,Equipments available,True,page
https://cas.res.in/home1/contact.html,https://cas.res.in/home1/awards.php,Honours and Awards,True,page
https://cas.res.in/home1/contact.html,https://cas.res.in/home1/photo.php,Photo Gallery,True,page
https://cas.res.in/home1/contact.html,https://cas.res.in/home1/contact.php,Contact,True,page
https://cas.res.in/home1/contact.html,https://www.linkedin.com/in/arun-singh-yadav-678a1a190/,Arun SIngh Yadav,False,page
https://cas.res.in/Research1.html,https://cas.res.in/index.html,Home,True,page
https://cas.res.in/Research1.html,https://cas.res.in/director.html,Director,True,page
https://cas.res.in/Research1.html,https://cas.res.in/faculty.html,Current Faculty,True,page
https://cas.res.in/Research1.html,https://cas.res.in/visitingfaculty.html,Visiting Faculty,True,page
https://cas.res.in/Research1.html,https://cas.res.in/pastfaculty.html,Past Faculty,True,page
https://cas.res.in/Research1.html,https://cas.res.in/staff.html,Staff,True,page
https://cas.res.in/Research1.html,https://cas.res.in/Mtechcse.html,Computer Science Engineering,True,page
https://cas.res.in/Research1.html,https://cas.res.in/mtechnano.html,Nanotechnology,True,page
https://cas.res.in/Research1.html,https://cas.res.in/mtechenergy.html,Energy Science & Technology,True,page
https://cas.res.in/Research1.html,https://cas.res.in/mtechmecha.html,Mechatronics,True,page
https://cas.res.in/Research1.html,https://cas.res.in/mtechmanufacturing.html,Manufacturing Technology & Automation,True,page
https://cas.res.in/Research1.html,https://cas.res.in/csephd.html,PHD Program,True,page
https://cas.res.in/Research1.html,https://cas.res.in/pdf/CAS%20M.Tech%20Ordinance%20-%20Revised%20after%20BOS.pdf,M.Tech Ordinance,True,document
https://cas.res.in/Research1.html,https://cas.res.in/pdf/Ph.D%20ordinance.pdf,PHD Ordinance,True,document
https://cas.res.in/Research1.html,https://cas.res.in/pdf/SCIE%20Journal%20List%20with%20Impactfactor.pdf,List Of SCIE Journals,True,document
https://cas.res.in/Research1.html,https://cas.res.in/cse1.html,Computer Science Engineering,True,page
https://cas.res.in/Research1.html,https://cas.res.in/nano1.html,Nanotechnology,True,page
https://cas.res.in/Research1.html,https://cas.res.in/est1.html,Energy Science & Technology,True,page
https://cas.res.in/Research1.html,https://cas.res.in/mecha1.html,Mechatronics,True,page
https://cas.res.in/Research1.html,https://cas.res.in/manu1.html,Manufacturing Technology & Automation,True,page
https://cas.res.in/Research1.html,https://cas.res.in/apply-to-M.Tech.html,MTech,True,page
https://cas.res.in/Research1.html,https://cas.res.in/apply-to-PhD.html,PhD,True,page
https://cas.res.in/Research1.html,https://cas.res.in/feedetails.html,Fees,True,page
https://cas.res.in/Research1.html,https://cas.res.in/hostel.html,Hostel Details,True,page
https://cas.res.in/Research1.html,https://cas.res.in/research1.html,Research,True,page
https://cas.res.in/Research1.html,https://cas.res.in/infra.html,LABS,True,page
https://cas.res.in/Research1.html,https://cas.res.in/equip.html,Major Equipments,True,page
https://cas.res.in/Research1.html,https://cas.res.in/library.html,Library,True,page
https://cas.res.in/Research1.html,https://cas.res.in/geninfra.html,General Infrastructure,True,page
https://cas.res.in/Research1.html,https://cas.res.in/campustour/index.html,Campus Tour,True,page
https://cas.res.in/Research1.html,https://youtu.be/wuBRMYGzK8g,Video Tour,False,page
https://cas.res.in/Research1.html,https://cas.res.in/studentlyf.html,Student's Life,True,page
https://cas.res.in/Research1.html,https://cas.res.in/studentpub.html,Student's Publication,True,page
https://cas.res.in/Research1.html,https://cas.res.in/alumni.html,Alumni,True,page
https://cas.res.in/Research1.html,https://cas.res.in/studentinno.html,Innovation Gallery,True,page
https://cas.res.in/Research1.html,https://cas.res.in/activities.html,Activities,True,page
https://cas.res.in/Research1.html,https://cas.res.in/contact1.html,Contact,True,page
https://cas.res.in/Research1.html,https://cas.res.in/images/devices/1.jpg,,True,document
https://cas.res.in/Research1.html,https://cas.res.in/images/devices/2.jpg,,True,document
https://cas.res.in/Research1.html,https://cas.res.in/images/devices/3.jpg,,True,document
https://cas.res.in/Research1.html,https://cas.res.in/images/devices/4.jpg,,True,document
https://cas.res.in/Research1.html,https://cas.res.in/images/devices/5.jpg,,True,document
https://cas.res.in/Research1.html,https://cas.res.in/images/devices/6.jpg,,True,document
https://cas.res.in/Research1.html,https://cas.res.in/images/devices/7.jpg,,True,document
https://cas.res.in/Research1.html,https://cas.res.in/images/innov/pos1.jpeg,,True,document
https://cas.res.in/Research1.html,https://cas.res.in/images/innov/pos2.jpeg,,True,document
https://cas.res.in/Research1.html,https://cas.res.in/images/innov/pos3.jpeg,,True,document
https://cas.res.in/Research1.html,https://cas.res.in/images/innov/pos4.jpeg,,True,document
https://cas.res.in/Research1.html,https://cas.res.in/images/innov/pos5.jpeg,,True,document
https://cas.res.in/Research1.html,https://cas.res.in/images/innov/pos6.jpeg,,True,document
https://cas.res.in/Research1.html,https://cas.res.in/images/innov/pos7.jpeg,,True,document
https://cas.res.in/Research1.html,https://cas.res.in/images/innov/pos8.jpeg,,True,document
https://cas.res.in/Research1.html,https://cas.res.in/images/innov/pos9.jpeg,,True,document
https://cas.res.in/Research1.html,https://cas.res.in/images/innov/pos10.jpeg,,True,document
https://cas.res.in/Research1.html,https://cas.res.in/images/innov/pos11.jpeg,,True,document
https://cas.res.in/Research1.html,https://cas.res.in/images/seminar/1.jpg,,True,document
https://cas.res.in/Research1.html,https://cas.res.in/images/seminar/2.jpg,,True,document
https://cas.res.in/Research1.html,https://cas.res.in/images/seminar/3.jpg,,True,document
https://cas.res.in/Research1.html,https://cas.res.in/images/seminar/4.jpg,,True,document
https://cas.res.in/Research1.html,https://cas.res.in/images/seminar/5.jpg,,True,document
https://cas.res.in/Research1.html,https://cas.res.in/images/seminar/6.jpg,,True,document
https://cas.res.in/Research1.html,https://cas.res.in/images/seminar/7.jpg,,True,document
https://cas.res.in/Research1.html,https://cas.res.in/images/seminar/8.jpg,,True,document
https://cas.res.in/Research1.html,https://doi.org/10.1016/j.energy.2022.12570,"https://doi.org/10.1016/j.energy.2022.12570, 2022",False,page
https://cas.res.in/Research1.html,https://doi.org/10.1016/j.est.2022.105761,"https://doi.org/10.1016/j.est.2022.105761, 2022",False,page
https://cas.res.in/Research1.html,https://doi.org/10.1016/j.cmpb.2022.106996,"https://doi.org/10.1016/j.cmpb.2022.106996, 2022",False,page
https://cas.res.in/Research1.html,https://doi.org/10.1016/j.cmpb.2022.106727,"doi.org/10.1016/j.cmpb.2022.106727, 2022",False,page
https://cas.res.in/Research1.html,https://doi.org/10.1016/j.marpolbul.2022.113609,"https://doi.org/10.1016/j.marpolbul.2022.113609, 2022",False,page
https://cas.res.in/Research1.html,https://doi.org/10.1109/THMS.2022.3211460,"https://doi.org/10.1109/THMS.2022.3211460, 2022",False,page
https://cas.res.in/Research1.html,https://doi.org/10.1016/j.bspc.2022.104156,"https://doi.org/10.1016/j.bspc.2022.104156, 2022",False,page
https://cas.res.in/Research1.html,https://doi.org/10.1021/acs.energyfuels.2c03814,":https://doi.org/10.1021/acs.energyfuels.2c03814, 2022",False,page
https://cas.res.in/Research1.html,https://doi.org/10.1002/ett.4685,":https://doi.org/10.1002/ett.4685, 2022",False,page
https://cas.res.in/Research1.html,https://doi.org/10.1016/j.matpr.2022.11.374,"https://doi.org/10.1016/j.matpr.2022.11.374, 2022",False,page
https://cas.res.in/Research1.html,https://doi.org/10.1007/s10008-022-05293-w,https://doi.org/10.1007/s10008-022-05293-w,False,page
https://cas.res.in/Research1.html,https://10.1177/02624893221123391,https://doi.org/10.1177/02624893221123391,False,page
https://cas.res.in/Research1.html,https://doi.org/10.1039/D2DT01857H,":https://doi.org/10.1039/D2DT01857H, 2022",False,page
https://cas.res.in/Research1.html,https://doi.org/10.1021/acs.jpcc.2c04914,"https://doi.org/10.1021/acs.jpcc.2c04914, 2022",False,page
https://cas.res.in/Research1.html,https://doi.org/10.1108/RPJ-05-2022-0142,"https://doi.org/10.1108/RPJ-05-2022-0142, 2022",False,page
https://cas.res.in/Research1.html,https://doi.org/10.1177/09544089221125633,"https://doi.org/10.1177/09544089221125633 ,2022",False,page
https://cas.res.in/Research1.html,https://doi.org/10.1021/acsaem.2c01353,"DOI: https://doi.org/10.1021/acsaem.2c01353 ,2022",False,page
https://cas.res.in/Research1.html,https://doi.org/10.1016/j.physb.2022.414054,"https://doi.org/10.1016/j.physb.2022.414054, 2022",False,page
https://cas.res.in/Research1.html,https://doi.org/10.1016/j.bspc.2021.102794,"https://doi.org/:10.1016/j.bspc.2021.102794,2022",False,page
https://cas.res.in/Research1.html,https://doi.org/10.1080/10426914.2022.2032147,"1080/10426914.2022.2032147, 2022",False,page
https://cas.res.in/Research1.html,https://doi.org/10.1016/j.jfoodeng.2021.110777,"https://doi.org/10.1016/j.jfoodeng.2021.110777,2022",False,page
https://cas.res.in/Research1.html,https://doi.org/10.1016/j.wear.2022.204368,https://doi.org/10.1016/j.wear.2022.204368(Q-1),False,page
https://cas.res.in/Research1.html,https://doi.org/10.1111/exsy.13041,"https://doi.org/1111/exsy.13041, 2022",False,page
https://cas.res.in/Research1.html,https://doi.org/10.1016/j.scs.2022.103690,"https://doi.org/10.1016/j.scs.2022.103690, 2022",False,page
https://cas.res.in/Research1.html,https://doi.org/10.1002/slct.202201134,"https://doi.org/10.1002/slct.202201134, 2022",False,page
https://cas.res.in/Research1.html,https://doi.org/10.1016/j.ecoinf.2022.101602,"https://doi.org//10.1016/j.ecoinf.2022.101602, 2022",False,page
https://cas.res.in/Research1.html,https://doi.org/10.1007/s11042-021-11721-2,"https://doi.org/10.1007/s11042-021-11721-2, 2022",False,page
https://cas.res.in/Research1.html,https://doi.org/10.1002/cpe.6582,"https://doi.org/10.1002/cpe.6582, 2022",False,page
https://cas.res.in/Research1.html,https://doi.org/10.1016/j.est.2021.103578,"https://doi.org/10.1016/j.est.2021.103578, 2022",False,page
https://cas.res.in/Research1.html,https://doi.org/10.1021/acsanm.1c04174,"https://doi.org/10.1021/acsanm.1c04174, 2022",False,page
https://cas.res.in/Research1.html,https://doi.org/10.1016/j.jmapro.2022.01.006,"https://doi.org/10.1016/j.jmapro.2022.01.006, 2022",False,page
https://cas.res.in/Research1.html,https://doi.org/10.1007/s11042-022-13284-2,"https://doi.org/10.1007/s11042-022-13284-2, 2022",False,page
https://cas.res.in/Research1.html,https://doi.org/10.1007/s11042-021-11600-w,"https://doi.org/10.1007/ s11042 -021-11600-w, 2022",False,page
https://cas.res.in/Research1.html,https://doi.org/10.1016/j.jjimei.2022.100084,"https:https://doi.org/10.1016/j.jjimei.2022.100084, 2022",False,page
https://cas.res.in/Research1.html,https://doi.org/10.1007/s12652-020-02867-2,"https://doi.org/10.1007/s12652-020-02867-2,2021",False,page
https://cas.res.in/Research1.html,https://doi.org/10.1002/er.7214,"https://doi.org/10.1002/er.7214, 2021",False,page
https://cas.res.in/Research1.html,https://doi.org/10.1007/s13369-021-05861-8,"https://doi.org/10.1007/s13369-021-05861-8, 2021",False,page
https://cas.res.in/Research1.html,https://doi.org/10.1007/s11042-020-10309-6,"https://doi.org/10.1007/s11042-020-10309-6, 2021",False,page
https://cas.res.in/Research1.html,https://doi.org/10.1016/j.ecoinf.2020.101197,"https://doi.org/10.1016/j.ecoinf.2020.101197, 2021",False,page
https://cas.res.in/Research1.html,https://doi.org/10.1016/j.ecoinf.2021.101468,"https://doi.org/10.1016/j.ecoinf.2021.101468, 2021",False,page
https://cas.res.in/Research1.html,https://doi.org/10.3390/ma14237207,"https://doi.org/10.3390/ma14237207,2021",False,page
https://cas.res.in/Research1.html,https://doi.org/10.5004/dwt.2021.27621,"https://doi.org/5004/dwt.2021.27621, 2021",False,page
https://cas.res.in/Research1.html,https://doi.org/10.1007/10.1177/09544089211053684,"https://doi.org/1177/09544089211053684, 2021",False,page
https://cas.res.in/Research1.html,https://doi.org/10.1177/09544089211031755,"https://doi.org/1177/09544089211031755, 2021",False,page
https://cas.res.in/Research1.html,https://doi.org/10.1016/10.36909/jer.EMSME.13899,"https://doi.org/36909/jer.EMSME.13899, 2021",False,page
https://cas.res.in/Research1.html,https://doi.org/10.1016/j.cmpb.2021.106445,"https://doi.org/10.1016/j.cmpb.2021.106445, 2021",False,page
https://cas.res.in/Research1.html,https://doi.org/10.1016/j.compbiomed.2021.104862,"https://doi.org/10.1016/j.compbiomed.2021.104862, 2021",False,page
https://cas.res.in/Research1.html,https://doi.org/10.1007/s00521-021-06302-1,"https://doi.org/1007/s00521-021-06302-1, 2021",False,page
https://cas.res.in/Research1.html,https://doi.org/10.1016/j.compbiomed.2021.104829,https://doi.org/10.1016/j.compbiomed.2021.104829,False,page
https://cas.res.in/Research1.html,https://doi.org/10.1007/s11042-021-11240-0,"https://doi.org/10.1007/s11042-021-11240-0, 2021",False,page
https://cas.res.in/Research1.html,https://doi.org/10.1016/j.compbiomed.2021.104559,"org/10.1016/ j.compbiomed.2021.104559, 2021",False,page
https://cas.res.in/Research1.html,https://doi.org/10.1016/j.jmapro.2020.12.017,"https://doi.org/10.1016/j.jmapro.2020.12.017, 2021",False,page
https://cas.res.in/Research1.html,https://doi.org/10.1109/TED.2021.3066454,https://doi.org/10.1109/TED.2021.3066454,False,page
https://cas.res.in/Research1.html,https://doi.org/10.1016/j.bspc.2021.102798,"https://doi.org/10.1016/j.bspc.2021.102798,2021",False,page
https://cas.res.in/Research1.html,https://doi.org/10.1177/0021955X20987155,"doi.org/10.1177/0021955X20987155, 2021",False,page
https://cas.res.in/Research1.html,https://doi.org/10.1016/B978-0-12-819611-3.00020-0,"https://doi.org/10.1016/B978-0-12-819611-3.00020-0, 2021",False,page
https://cas.res.in/Research1.html,https://doi.org/10.1111/jfpp.15571,"https://doi.org/10.1111/jfpp.15571,2021",False,page
https://cas.res.in/Research1.html,https://doi.org/10.1007/s00138-021-01204-7,https://doi.org/10.1007/s00138-021-01204-7,False,page
https://cas.res.in/Research1.html,https://doi.org/10.1016/j.ecoinf.2021.101247,"https://doi.org/10.1016/j.ecoinf.2021.101247, 2021",False,page
https://cas.res.in/Research1.html,https://doi.org/10.1016/j.bbe.2021.01.002,"https://doi.org/ 10.1016/ j.bbe.2021.01.002, 2021",False,page
https://cas.res.in/Research1.html,https://www.sciencedirect.com/science/journal/15749541/63/supp/C,Volume 63,False,page
https://cas.res.in/Research1.html,https://doi.org/10.1016/j.ecoinf.2021.101289,"https://doi.org/10.1016/j.ecoinf.2021.101289, 2021",False,page
https://cas.res.in/Research1.html,https://doi.org/10.1007/s11042-021-10534-7,"https://doi.org/10.1007/s11042-021-10534-7, 2021",False,page
https://cas.res.in/Research1.html,https://doi.org/10.1002/celc.202100197,https://doi.org/10.1002/celc.202100197,False,page
https://cas.res.in/Research1.html,https://doi.org/10.1109/JSEN.2020.3028153,"https://doi.org/1109/JSEN.2020.3028153, 2021",False,page
https://cas.res.in/Research1.html,https://doi.org/10.1186/s13638-020-01721-5,https://doi.org/10.1186/s13638-020-01721-5,False,page
https://cas.res.in/Research1.html,https://www.sciencedirect.com/science/journal/13191578/32/8,"Volume 32, Issue 8",False,page
https://cas.res.in/Research1.html,https://doi.org/10.1016/j.jksuci.2017.12.008,"doi.org/10.1016/j.jksuci.2017.12.008,2020",False,page
https://cas.res.in/Research1.html,https://doi.org/10.3390/e22090941,https://doi.org/10.3390/e22090941,False,page
https://cas.res.in/Research1.html,https://doi.org/10.1007/s11042-020-10204-0,https://doi.org/10.1007/s11042-020-10204-0,False,page
https://cas.res.in/Research1.html,https://doi.org/10.1007/s11517-020-02198-6,"https://doi.org/10.1007/s11517-020-02198-6, 2020",False,page
https://cas.res.in/Research1.html,https://doi.org/10.1016/j.bspc.2019.101821,"https://doi.org/10.1016/j.bspc.2019.101821,2020",False,page
https://cas.res.in/Research1.html,https://doi.org/10.1049/iet-map.2019.1028,"https://doi.org/10.1049/iet-map.2019.1028,2020",False,page
https://cas.res.in/Research1.html,https://doi.org/10.1080/1478422X.2020.1763685,"https://doi.org/10.1080/1478422X.2020.1763685,2020",False,page
https://cas.res.in/Research1.html,https://doi.org/10.1016/j.coco.2020.100407,"doi.org/10.1016/j.coco.2020.100407, 2020",False,page
https://cas.res.in/Research1.html,https://doi.org/10.1016/j.molliq.2020.113797,"https://doi.org/10.1016/j.molliq.2020.113797,2020",False,page
https://cas.res.in/Research1.html,https://doi.org/10.1016/j.cmpb.2020.105750,https://doi.org/10.1016/j.cmpb.2020.105750,False,page
https://cas.res.in/Research1.html,https://doi.org/10.1016/j.measurement.2019.107078,https://doi.org/10.1016/j.measurement.2019.107078,False,page
https://cas.res.in/Research1.html,https://doi.org/10.1007/s00521-019-04547-5,"https://doi.org/10.1007/s00521-019-04547-5, 2020",False,page
https://cas.res.in/Research1.html,https://doi.org/10.1109/TED.2020.3031235,"https://doi.org/10.1109/TED.2020.3031235, 2020",False,page
https://cas.res.in/Research1.html,https://doi.org/10.1007/s00521-018-3461-x,"https://doi.org/10.1007/s00521-018-3461-x., 2020",False,page
https://cas.res.in/Research1.html,https://doi.org/10.1039/D0MA00240B,"https://doi.org/10.1039/D0MA00240B, 2020",False,page
https://cas.res.in/Research1.html,https://doi.org/10.1109/TED.2020.2965020,"https://doi.1109/TED.2020.2965020, 2020",False,page
https://cas.res.in/Research1.html,https://doi.org/10.1021/acsnano.9b05605,https://doi.org/10.1021/acsnano.9b05605,False,page
https://cas.res.in/Research1.html,https://doi.org/10.1007/s10916-019-1260-2,doi.org/10.1007/ s10916-019-1260-2,False,page
https://cas.res.in/Research1.html,https://doi.org/10.3390/app9030404,https://doi.org/10.3390/app9030404,False,page
https://cas.res.in/Research1.html,https://www.sciencedirect.com/science/journal/02632241/148/supp/C,Volume 2019 148,False,page
https://cas.res.in/Research1.html,https://doi.org/10.1016/j.measurement.2019.106969,"https://doi.org/10.1016/j.measurement.2019.106969, 2019",False,page
https://cas.res.in/Research1.html,https://doi.org/10.1016/j.compbiomed.2019.103326,"https://doi.org/10.1016/j.compbiomed. 2019.103326, 2019",False,page
https://cas.res.in/Research1.html,https://doi.org/10.4018/IJEHMC.2019010102,https://doi.4018/IJEHMC.2019010102,False,page
https://cas.res.in/Research1.html,https://doi.org/10.1504/IJESDF.2019.10021732,"https://doi.org/10.1504/IJESDF.2019.10021732, 2019",False,page
https://cas.res.in/Research1.html,https://doi.org/10.1016/j.optcom.2019.01.020,"https://doi.org/10.1016/j.optcom.2019.01.020, 2019",False,page
https://cas.res.in/Research1.html,https://doi.org/10.1016/j.triboint.2019.03.007,"https://doi.org/10.1016/j.triboint.2019.03.007,2019",False,page
https://cas.res.in/Research1.html,https://doi.org/10.1063/1.5010683,"https://doi.org/10.1063/1.5010683, 2018",False,page
https://cas.res.in/Research1.html,https://doi.org/10.1007/s00521-018-3443-z,"https://doi.org/10.1007/s00521-018-3443-z, 2018",False,page
https://cas.res.in/Research1.html,https://doi.org/10.1109/ACCESS.2018.2854784,https://doi.org/10.1109/ACCESS.2018.2854784,False,page
https://cas.res.in/Research1.html,https://doi.org/10.1007/s00607-018-0638-1,"https://doi.org/10.1007/s00607-018-0638-1, 2018",False,page
https://cas.res.in/Research1.html,"http://dx.doi.org/10.14569/IJACSA.2018.091067,%20Impact%20factor%200.17","http://dx.doi.org/10.14569/IJACSA.2018.091067, Impact factor –",False,page
https://cas.res.in/Research1.html,https://doi.org/10.3390/app8112057,"https://doi.org/10.3390/app8112057, 2018",False,page
https://cas.res.in/Research1.html,https://doi.org/10.1007/s10489-018-1352-6,"https://doi.org/10.1007/s10489-018-1352-6, 2018",False,page
https://cas.res.in/Research1.html,https://doi.org/10.1504/IJSURFSE.2018.096744,https://doi. org/10.1504/IJSURFSE.2018.096744,False,page
https://cas.res.in/Research1.html,https://doi.org/10.1007/978-981-16-1892-5_6,10.1007/978-981-16-1892-5_6,False,page
https://cas.res.in/Research1.html,http://www.gpds.ulpgc.es/,Carlos M Travieso Gonzalez,False,page
https://cas.res.in/Research1.html,https://doi.org/10.1145/3309772.3309788,10.1145/3309772.3309788,False,page
https://cas.res.in/Research1.html,https://doi.org/10.1145/3309772.3309785,10.1145/3309772.3309785,False,page
https://cas.res.in/Research1.html,http://dx.doi.org/10.2139/ssrn.3575417,http://dx.doi.org/10.2139/ssrn.3575417,False,page
https://cas.res.in/Research1.html,https://ieeexplore.ieee.org/author/37086923057,Ankit Kumar,False,page
https://cas.res.in/Research1.html,https://ieeexplore.ieee.org/author/37086922149,Ankita Dwivedi,False,page
https://cas.res.in/Research1.html,https://ieeexplore.ieee.org/author/38256943900,Malay Kishore Dutta,False,page
https://cas.res.in/Research1.html,https://ieeexplore.ieee.org/document/9077148/,A Zero watermarking Approach for Biometric Image Security,False,page
https://cas.res.in/Research1.html,https://doi.org/10.1109/IC3A48958.2020.233268,10.1109/IC3A48958.2020.233268,False,page
https://cas.res.in/Research1.html,https://ieeexplore.ieee.org/author/37086439651,"Dhruv Dahiya,",False,page
https://cas.res.in/Research1.html,https://ieeexplore.ieee.org/author/37088375293,"Hardik Gupta,",False,page
https://cas.res.in/Research1.html,https://ieeexplore.ieee.org/author/37088386557,Malay Kishore Dutta,False,page
https://cas.res.in/Research1.html,https://ieeexplore.ieee.org/document/9077144/,A Deep Learning based Real Time Assistive Framework for Visually Impaired,False,page
https://cas.res.in/Research1.html,https://doi.org/10.1109/IC3A48958.2020.233280,10.1109/IC3A48958.2020.233280,False,page
https://cas.res.in/Research1.html,https://doi.org/10.1109/TSP.2019.8769077,10.1109/TSP.2019. 8769077,False,page
https://cas.res.in/Research1.html,https://doi.org/10.1109/TSP.2019.8768887,10.1109/TSP.2019.8768887,False,page
https://cas.res.in/Research1.html,https://ieeexplore.ieee.org/author/37088385119,Rakesh Chandra Joshi,False,page
https://cas.res.in/Research1.html,https://ieeexplore.ieee.org/author/37088385879,Saumya Yadav,False,page
https://cas.res.in/Research1.html,https://ieeexplore.ieee.org/author/37088388063,Astha Singh,False,page
https://cas.res.in/Research1.html,https://ieeexplore.ieee.org/document/9077150/,"DWT, DCT and PBFO based Approach for Biometric Image Security",False,page
https://cas.res.in/Research1.html,https://doi.org/10.1109/ICUMT48472.2019.8970870,10.1109/ ICUMT 48472. 2019. 8970870,False,page
https://cas.res.in/Research1.html,https://doi.org/10.1109/ICUMT48472.2019.8970920,10.1109/ICUMT48472.2019.8970920,False,page
https://cas.res.in/Research1.html,https://www.researchgate.net/deref/http%3A%2F%2Fdx.doi.org%2F10.1145%2F3378184.3378216,10.1145/3378184.3378216,False,page
https://cas.res.in/Research1.html,https://doi.org/10.1109/IC3A48958.2020.233299,10.1109/IC3A48958.2020.233299,False,page
https://cas.res.in/Research1.html,https://doi.org/10.1109/ICESC48915.2020.9155996,10.1109/ICESC48915.2020.9155996,False,page
https://cas.res.in/Research1.html,https://doi.org/10.1109/IC3A48958.2020.233281,10.1109/IC3A48958.2020.233281,False,page
https://cas.res.in/Research1.html,https://doi.org/10.1109/IC3A48958.2020.233295,10.1109/IC3A48958.2020.233295,False,page
https://cas.res.in/Research1.html,https://doi.org/10.1145/3309772.3309783,10.1145/3309772.3309783,False,page
https://cas.res.in/Research1.html,https://doi.org/10.1145/3309772.3309791,10.1145/3309772.3309791,False,page
https://cas.res.in/Research1.html,https://doi.org/10.1109/TSP.2019.8768847,10.1109/TSP.2019.8768847,False,page
https://cas.res.in/Research1.html,https://doi.org/10.1109/TSP.2019.8768894,10.1109/TSP.2019.8768894,False,page
https://cas.res.in/Research1.html,https://doi.org/10.1109/TSP.2019.8768881,10.1109/TSP. 2019.8768881,False,page
https://cas.res.in/Research1.html,https://doi.org/10.1109/TSP.2019.8768808,10 . 1109 /TSP .2019.8768808,False,page
https://cas.res.in/Research1.html,https://doi.org/10.1109/TSP.2019.8769039,10.1109/TSP.2019.8769039,False,page
https://cas.res.in/Research1.html,https://doi.org/10.1109/TSP.2019.8768856,10.1109/TSP.2019.8768856,False,page
https://cas.res.in/Research1.html,https://doi.org/10.1016/j.matpr.2020.12.368,"https://doi.org/10.1016/j.matpr.2020.12.368, 2021",False,page
https://cas.res.in/Research1.html,https://doi.org/10.1016/j.matpr.2020.12.691,"https://doi.org/10.1016/j.matpr.2020.12.691, 2021",False,page
https://cas.res.in/Research1.html,https://doi.org/10.1109/ICACCCN51052.2020.9362804,10.1109/ICACCCN51052.2020.9362804,False,page
https://cas.res.in/Research1.html,https://doi.org/10.1109/ICESC48915.2020.9156028,10.1109/ICESC48915.2020.9156028,False,page
https://cas.res.in/Research1.html,https://dx.doi.org/10.2139/ssrn.3576379,http://dx.doi.org/10.2139/ssrn.3576379,False,page
https://cas.res.in/Research1.html,https://doi.org/10.1007/978-3-030-39875-0_17,https://doi.org/10.1007/978-3-030-39875-0_17,False,page
https://cas.res.in/Research1.html,http://dx.doi.org/10.1007/978-981-15-0146-3_69,10.1007/978-981-15-0146-3_69,False,page
https://cas.res.in/Research1.html,https://doi.org/10.1109/ISCON47742.2019.9036214,10.1109/ISCON47742.2019.9036214,False,page
https://cas.res.in/Research1.html,https://doi.org/10.1109/ISCON47742.2019.9036232,10. 1109/ ISCON47742.2019. 9036232,False,page
https://cas.res.in/Research1.html,https://doi.org/10.1109/ISCON47742.2019.9036228,10.1109/ISCON47742.2019. 9036228,False,page
https://cas.res.in/Research1.html,https://cas.res.in/images/innov/1.jpg,,True,document
https://cas.res.in/Research1.html,https://cas.res.in/images/innov/2.jpg,,True,document
https://cas.res.in/Research1.html,https://cas.res.in/images/innov/3.jpg,,True,document
https://cas.res.in/Research1.html,https://cas.res.in/images/innov/5.jpg,,True,document
https://cas.res.in/Research1.html,https://cas.res.in/images/innov/6.jpg,,True,document
https://cas.res.in/Research1.html,https://cas.res.in/images/innov/7.jpg,,True,document
https://cas.res.in/Research1.html,https://cas.res.in/images/innov/9.jpg,,True,document
https://cas.res.in/Research1.html,https://cas.res.in/images/innov/10.jpg,,True,document
https://cas.res.in/Research1.html,https://cas.res.in/images/innov/11.jpg,,True,document
https://cas.res.in/Research1.html,https://cas.res.in/images/innov/13.jpg,,True,document
https://cas.res.in/Research1.html,https://cas.res.in/images/innov/14.jpg,,True,document
https://cas.res.in/Research1.html,https://cas.res.in/images/innov/2.jpeg,,True,document
https://cas.res.in/Research1.html,https://cas.res.in/images/innov/16.jpg,,True,document
https://cas.res.in/Research1.html,https://cas.res.in/images/innov/17.jpg,,True,document
https://cas.res.in/Research1.html,https://cas.res.in/images/innov/18.jpg,,True,document
https://cas.res.in/Research1.html,https://cas.res.in/images/innov/4.jpg,,True,document
https://cas.res.in/Research1.html,https://cas.res.in/images/innov/8.jpg,,True,document
https://cas.res.in/Research1.html,https://cas.res.in/images/innov/12.jpg,,True,document
https://cas.res.in/Research1.html,https://cas.res.in/images/innov/15.jpg,,True,document
https://cas.res.in/Research1.html,https://cas.res.in/pdf/DST_project1_biomedical_details_1pm.pdf,Click here to view More,True,document
https://cas.res.in/Research1.html,https://cas.res.in/pdf/DST_project_2_blind_assistive.pdf,Click here to view More,True,document
https://cas.res.in/Research1.html,https://cas.res.in/pdf/innov1.pdf,pdf,True,document
https://cas.res.in/Research1.html,https://cas.res.in/pdf/innov2.pdf,pdf,True,document
https://cas.res.in/Research1.html,https://cas.res.in/pdf/innov3.pdf,pdf,True,document
https://cas.res.in/Research1.html,https://cas.res.in/pdf/innov4.pdf,pdf,True,document
https://cas.res.in/Research1.html,https://cas.res.in/pdf/innov5.pdf,pdf,True,document
https://cas.res.in/Research1.html,https://cas.res.in/pdf/innov6.pdf,pdf,True,document
https://cas.res.in/Research1.html,https://cas.res.in/pdf/innov7.pdf,pdf,True,document
https://cas.res.in/Research1.html,https://cas.res.in/pdf/innov8.pdf,pdf,True,document
https://cas.res.in/Research1.html,https://cas.res.in/pdf/innov9.pdf,pdf,True,document
https://cas.res.in/Research1.html,https://cas.res.in/pdf/Anam_fatima_Posters_research.pdf,pdf,True,document
https://cas.res.in/Research1.html,https://cas.res.in/pdf/EMF_radiation_Posters_research.pdf,pdf,True,document
https://cas.res.in/Research1.html,https://cas.res.in/pdf/Auto_immune_disease_Posters_research.pdf,pdf,True,document
https://cas.res.in/Research1.html,https://cas.res.in/pdf/Covid_Posters_research.pdf,pdf,True,document
https://cas.res.in/Research1.html,https://cas.res.in/pdf/Research Seminar_11.pdf,pdf,True,document
https://cas.res.in/Research1.html,https://cas.res.in/pdf/Research Seminar_2.pdf,pdf,True,document
https://cas.res.in/Research1.html,https://cas.res.in/pdf/Research Seminar_3.pdf,pdf,True,document
https://cas.res.in/Research1.html,https://cas.res.in/pdf/Research Seminar_4.pdf,pdf,True,document
https://cas.res.in/Research1.html,https://cas.res.in/pdf/Research Seminar_5.pdf,pdf,True,document
https://cas.res.in/Research1.html,https://cas.res.in/pdf/Research Seminar_6.pdf,pdf,True,document
https://cas.res.in/Research1.html,https://cas.res.in/pdf/Research Seminar_7.pdf,pdf,True,document
https://cas.res.in/Research1.html,https://cas.res.in/pdf/rseminar8.pdf,pdf,True,document
https://cas.res.in/Research1.html,https://cas.res.in/pdf/Research Seminar_9.pdf,pdf,True,document
https://cas.res.in/Research1.html,https://cas.res.in/pdf/Research Seminar_10.pdf,pdf,True,document
https://cas.res.in/Research1.html,https://cas.res.in/pdf/seminar11.pdf,pdf,True,document
https://cas.res.in/Research1.html,https://cas.res.in/pdf/Research Seminar_12.pdf,pdf,True,document
https://cas.res.in/Research1.html,https://cas.res.in/pdf/Research Seminar 15 - abstract.pdf,pdf,True,document
https://cas.res.in/Research1.html,https://cas.res.in/pdf/W1-converted.pdf,Click here to view More,True,document
https://cas.res.in/Research1.html,https://cas.res.in/pdf/W2-converted.pdf,Click here to view More,True,document
https://cas.res.in/Research1.html,https://cas.res.in/pdf/W3 S1-converted.pdf,Click here to view More,True,document
https://cas.res.in/Research1.html,https://cas.res.in/pdf/W3 S2-converted.pdf,Click here to view More,True,document
https://cas.res.in/Research1.html,https://cas.res.in/pdf/W4 S1-converted.pdf,Click here to view More,True,document
https://cas.res.in/Research1.html,https://cas.res.in/pdf/W4 S2-converted.pdf,Click here to view More,True,document
https://cas.res.in/Research1.html,https://cas.res.in/pdf/W5-converted.pdf,Click here to view More,True,document
https://cas.res.in/Research1.html,https://cas.res.in/pdf/W7 S1-converted.pdf,Click here to view More,True,document
https://cas.res.in/Research1.html,https://cas.res.in/pdf/W7 S2-converted.pdf,Click here to view More,True,document
https://cas.res.in/Research1.html,https://cas.res.in/pdf/w8new-converted.pdf,Click here to view More,True,document
https://cas.res.in/Research1.html,https://www.sciencedirect.com/science/journal/17468094/57/supp/C,Volume 57,False,page
https://cas.res.in/Research1.html,https://cas.res.in/,"Centre for Advanced Studies (CAS, AKTU)",True,page
https://cas.res.in/notifications.html,https://cas.res.in/index.html,Home,True,page
https://cas.res.in/notifications.html,https://cas.res.in/director.html,Director,True,page
https://cas.res.in/notifications.html,https://cas.res.in/faculty.html,Current Faculty,True,page
https://cas.res.in/notifications.html,https://cas.res.in/visitingfaculty.html,Visiting Faculty,True,page
https://cas.res.in/notifications.html,https://cas.res.in/pastfaculty.html.html,Past Faculty,True,page
https://cas.res.in/notifications.html,https://cas.res.in/staff.html,Staff,True,page
https://cas.res.in/notifications.html,https://cas.res.in/mtechstudents.html,MTech Students,True,page
https://cas.res.in/notifications.html,https://cas.res.in/phdstudents.html,PhD Students,True,page
https://cas.res.in/notifications.html,https://cas.res.in/Mtechcse.html,Computer Science and Engineering,True,page
https://cas.res.in/notifications.html,https://cas.res.in/mtechmecha.html,Mechatronics,True,page
https://cas.res.in/notifications.html,https://cas.res.in/mtechnano.html,Nanotechnology,True,page
https://cas.res.in/notifications.html,https://cas.res.in/mtechmanufacturing.html,Manufacturing Technology and Automation,True,page
https://cas.res.in/notifications.html,https://cas.res.in/mtechenergy.html,Energy Science and Technology,True,page
https://cas.res.in/notifications.html,https://cas.res.in/csephd.html,Computer Science and Engineering,True,page
https://cas.res.in/notifications.html,https://cas.res.in/mechaphd.html,Mechatronics,True,page
https://cas.res.in/notifications.html,https://cas.res.in/phdnano.html,Nanotechnology,True,page
https://cas.res.in/notifications.html,https://cas.res.in/pdf/CAS M.Tech Ordinance - Revised after BOS.pdf,M.Tech. Ordinance,True,document
https://cas.res.in/notifications.html,https://cas.res.in/pdf/Ph.D ordinance.pdf,Phd Ordinance,True,document
https://cas.res.in/notifications.html,https://cas.res.in/pdf/SCIE Journal List with Impactfactor.pdf,List of SCIE Journals,True,document
https://cas.res.in/notifications.html,https://cas.res.in/apply-to-M.Tech.html,Apply For Admissions,True,page
https://cas.res.in/notifications.html,https://cas.res.in/apply-to-PhD.html,Apply To Ph.D. Program,True,page
https://cas.res.in/notifications.html,https://cas.res.in/feedetails.html,Fee Structure,True,page
https://cas.res.in/notifications.html,https://cas.res.in/hostel.html,Hostel Facility,True,page
https://cas.res.in/notifications.html,https://cas.res.in/research.php,Research,True,page
https://cas.res.in/notifications.html,https://cas.res.in/coronarsch.html,Covid-19 Interventions,True,page
https://cas.res.in/notifications.html,https://cas.res.in/Research.html,Faculty Research,True,page
https://cas.res.in/notifications.html,https://cas.res.in/studentinno.html,Student innovations,True,page
https://cas.res.in/notifications.html,https://cas.res.in/phdrsch.html,Doctoral Student Research,True,page
https://cas.res.in/notifications.html,https://cas.res.in/rseminar.html,Weekly Research Seminar,True,page
https://cas.res.in/notifications.html,https://cas.res.in/gallery.html,Events,True,page
https://cas.res.in/notifications.html,https://cas.res.in/fdp.html,Faculty Development Programs,True,page
https://cas.res.in/notifications.html,https://cas.res.in/pdf/AGRAGAMAN 2020_FINAL-07-07-2020 (1).pdf,Agragaman-2020,True,document
https://cas.res.in/notifications.html,https://cas.res.in/contact.html,Accessibility,True,page
https://cas.res.in/notifications.html,https://cas.res.in/pastfaculty.html,Past Faculty,True,page
https://cas.res.in/notifications.html,https://cas.res.in/infra.html,Infrastructure,True,page
https://cas.res.in/notifications.html,https://cas.res.in/Research1.html,Faculty Research,True,page
https://cas.res.in/notifications.html,https://cas.res.in/upload/personnel-1.jpg,,True,document
https://cas.res.in/notifications.html,https://cas.res.in/pdf/AGRAGAMAN 2019.pdf,CAS Annual Magazine Agragaman 2019,True,document
https://cas.res.in/notifications.html,https://cas.res.in/webinar.html,CAS Weekly Webinar Series,True,page
https://cas.res.in/notifications.html,https://drive.google.com/file/d/1s9hp0iBbGayc8ufOZVhRqt6S8wY9BSKH/view,MHA issues Advisory on Secure use of ZOOM Meeting Platform,False,page
https://cas.res.in/notifications.html,https://cas.res.in/library.html,Library,True,page
https://cas.res.in/notifications.html,https://cas.res.in/notifications.html,Notices,True,page
https://cas.res.in/notifications.html,https://cas.res.in/pdf/Academic Calender 2020-21 Session EVEN Semester.pdf,Academic Calender,True,document
https://cas.res.in/notifications.html,https://cas.res.in,CAS-AKTU,True,page
https://cas.res.in/notifications.html,https://www.facebook.com/CASAKTU/,,False,page
https://cas.res.in/notifications.html,https://twitter.com/CASaktu,,False,page
https://cas.res.in/Gallery.html,https://cas.res.in/index.html,Home,True,page
https://cas.res.in/Gallery.html,https://cas.res.in/director.html,Director,True,page
https://cas.res.in/Gallery.html,https://cas.res.in/blog-full-right-sidebar-with-frame.html,Students,True,page
https://cas.res.in/Gallery.html,https://cas.res.in/faculty.html,Current Faculty,True,page
https://cas.res.in/Gallery.html,https://cas.res.in/visitingfaculty.html,Visiting Faculty,True,page
https://cas.res.in/Gallery.html,https://cas.res.in/pastfaculty.html.html,Past Faculty,True,page
https://cas.res.in/Gallery.html,https://cas.res.in/staff.html,Staff,True,page
https://cas.res.in/Gallery.html,https://cas.res.in/mtechstudents.html,MTech Students,True,page
https://cas.res.in/Gallery.html,https://cas.res.in/phdstudents.html,PhD Students,True,page
https://cas.res.in/Gallery.html,https://cas.res.in/Mtechcse.html,Computer Science Engineering,True,page
https://cas.res.in/Gallery.html,https://cas.res.in/mtechmecha.html,Mechatronics,True,page
https://cas.res.in/Gallery.html,https://cas.res.in/mtechnano.html,Nanotechnology,True,page
https://cas.res.in/Gallery.html,https://cas.res.in/mtechmanufacturing.html,Manufacturing Technology & Automation,True,page
https://cas.res.in/Gallery.html,https://cas.res.in/mtechenergy.html,Energy Science & Technology,True,page
https://cas.res.in/Gallery.html,https://cas.res.in/csephd.html,PHD Program,True,page
https://cas.res.in/Gallery.html,https://cas.res.in/mechaphd.html,Mechatronics,True,page
https://cas.res.in/Gallery.html,https://cas.res.in/phdnano.html,Nanotechnology,True,page
https://cas.res.in/Gallery.html,https://cas.res.in/pdf/CAS M.Tech Ordinance - Revised after BOS.pdf,M.Tech. Ordinance,True,document
https://cas.res.in/Gallery.html,https://cas.res.in/pdf/Ph.D ordinance.pdf,Phd Ordinance,True,document
https://cas.res.in/Gallery.html,https://cas.res.in/pdf/SCIE Journal List with Impactfactor.pdf,List of SCIE Journals,True,document
https://cas.res.in/Gallery.html,https://cas.res.in/apply-to-M.Tech.html,MTech,True,page
https://cas.res.in/Gallery.html,https://cas.res.in/apply-to-PhD.html,PhD,True,page
https://cas.res.in/Gallery.html,https://cas.res.in/feedetails.html,Fees,True,page
https://cas.res.in/Gallery.html,https://cas.res.in/hostel.html,Hostel Details,True,page
https://cas.res.in/Gallery.html,https://cas.res.in/coronarsch.html,Covid-19 Interventions,True,page
https://cas.res.in/Gallery.html,https://cas.res.in/Research.html,Faculty Research,True,page
https://cas.res.in/Gallery.html,https://cas.res.in/studentinno.html,Innovation Gallery,True,page
https://cas.res.in/Gallery.html,https://cas.res.in/phdrsch.html,Doctoral Student Research,True,page
https://cas.res.in/Gallery.html,https://cas.res.in/gallery.html,Events,True,page
https://cas.res.in/Gallery.html,https://cas.res.in/fdp.html,Faculty Development Programs,True,page
https://cas.res.in/Gallery.html,https://cas.res.in/pdf/AGRAGAMAN 2020_FINAL-07-07-2020 (1).pdf,Agragaman-2020,True,document
https://cas.res.in/Gallery.html,https://cas.res.in/contact.html,Contact Us,True,page
https://cas.res.in/Gallery.html,https://cas.res.in/pastfaculty.html,Past Faculty,True,page
https://cas.res.in/Gallery.html,https://cas.res.in/pdf/CAS%20M.Tech%20Ordinance%20-%20Revised%20after%20BOS.pdf,M.Tech Ordinance,True,document
https://cas.res.in/Gallery.html,https://cas.res.in/pdf/Ph.D%20ordinance.pdf,PHD Ordinance,True,document
https://cas.res.in/Gallery.html,https://cas.res.in/pdf/SCIE%20Journal%20List%20with%20Impactfactor.pdf,List Of SCIE Journals,True,document
https://cas.res.in/Gallery.html,https://cas.res.in/cse1.html,Computer Science Engineering,True,page
https://cas.res.in/Gallery.html,https://cas.res.in/nano1.html,Nanotechnology,True,page
https://cas.res.in/Gallery.html,https://cas.res.in/est1.html,Energy Science & Technology,True,page
https://cas.res.in/Gallery.html,https://cas.res.in/mecha1.html,Mechatronics,True,page
https://cas.res.in/Gallery.html,https://cas.res.in/manu1.html,Manufacturing Technology & Automation,True,page
https://cas.res.in/Gallery.html,https://cas.res.in/research1.html,Research,True,page
https://cas.res.in/Gallery.html,https://cas.res.in/infra.html,LABS,True,page
https://cas.res.in/Gallery.html,https://cas.res.in/equip.html,Major Equipments,True,page
https://cas.res.in/Gallery.html,https://cas.res.in/library.html,Library,True,page
https://cas.res.in/Gallery.html,https://cas.res.in/geninfra.html,General Infrastructure,True,page
https://cas.res.in/Gallery.html,https://cas.res.in/campustour/index.html,Campus Tour,True,page
https://cas.res.in/Gallery.html,https://youtu.be/wuBRMYGzK8g,Video Tour,False,page
https://cas.res.in/Gallery.html,https://cas.res.in/studentlyf.html,Student's Life,True,page
https://cas.res.in/Gallery.html,https://cas.res.in/studentpub.html,Student's Publication,True,page
https://cas.res.in/Gallery.html,https://cas.res.in/alumni.html,Alumni,True,page
https://cas.res.in/Gallery.html,https://cas.res.in/contact1.html,Contact,True,page
https://cas.res.in/Gallery.html,https://cas.res.in/images/convo/1.jpeg,,True,document
https://cas.res.in/Gallery.html,https://cas.res.in/images/convo/2.jpeg,,True,document
https://cas.res.in/Gallery.html,https://cas.res.in/images/convo/3.jpeg,,True,document
https://cas.res.in/Gallery.html,https://cas.res.in/images/convo/4.jpeg,,True,document
https://cas.res.in/Gallery.html,https://cas.res.in/images/iotwkshp/1.jpeg,,True,document
https://cas.res.in/Gallery.html,https://cas.res.in/images/iotwkshp/2.jpeg,,True,document
https://cas.res.in/Gallery.html,https://cas.res.in/images/iotwkshp/3.jpeg,,True,document
https://cas.res.in/Gallery.html,https://cas.res.in/images/iotwkshp/4.jpeg,,True,document
https://cas.res.in/Gallery.html,https://cas.res.in/images/techmin/1.jpg,,True,document
https://cas.res.in/Gallery.html,https://cas.res.in/images/techmin/2.jpg,,True,document
https://cas.res.in/Gallery.html,https://cas.res.in/images/techmin/3.jpg,,True,document
https://cas.res.in/Gallery.html,https://cas.res.in/images/techmin/4.jpg,,True,document
https://cas.res.in/Gallery.html,https://cas.res.in/images/ai/1.jpeg,,True,document
https://cas.res.in/Gallery.html,https://cas.res.in/images/ai/2.jpeg,,True,document
https://cas.res.in/Gallery.html,https://cas.res.in/images/ai/3.jpeg,,True,document
https://cas.res.in/Gallery.html,https://cas.res.in/images/ai/4.jpeg,,True,document
https://cas.res.in/Gallery.html,https://cas.res.in/images/techfest/1.jpg,,True,document
https://cas.res.in/Gallery.html,https://cas.res.in/images/techfest/2.jpg,,True,document
https://cas.res.in/Gallery.html,https://cas.res.in/images/techfest/3.jpg,,True,document
https://cas.res.in/Gallery.html,https://cas.res.in/images/techfest/4.jpg,,True,document
https://cas.res.in/Gallery.html,https://cas.res.in/images/ic3a/1.jpg,,True,document
https://cas.res.in/Gallery.html,https://cas.res.in/images/ic3a/7.jpg,,True,document
https://cas.res.in/Gallery.html,https://cas.res.in/images/ic3a/10.jpg,,True,document
https://cas.res.in/Gallery.html,https://cas.res.in/images/ic3a/4.jpg,,True,document
https://cas.res.in/Gallery.html,https://cas.res.in/images/unity/1.jpg,,True,document
https://cas.res.in/Gallery.html,https://cas.res.in/images/unity/2.jpg,,True,document
https://cas.res.in/Gallery.html,https://cas.res.in/images/unity/3.jpg,,True,document
https://cas.res.in/Gallery.html,https://cas.res.in/images/unity/5.jpg,,True,document
https://cas.res.in/Gallery.html,https://cas.res.in/images/raisingday/1.jpg,,True,document
https://cas.res.in/Gallery.html,https://cas.res.in/images/raisingday/5.jpg,,True,document
https://cas.res.in/Gallery.html,https://cas.res.in/images/raisingday/3.jpg,,True,document
https://cas.res.in/Gallery.html,https://cas.res.in/images/raisingday/2.jpg,,True,document
https://cas.res.in/Gallery.html,https://cas.res.in/images/innoidea/1.jpg,,True,document
https://cas.res.in/Gallery.html,https://cas.res.in/images/innoidea/5.jpg,,True,document
https://cas.res.in/Gallery.html,https://cas.res.in/images/innoidea/3.jpg,,True,document
https://cas.res.in/Gallery.html,https://cas.res.in/images/innoidea/4.jpg,,True,document
https://cas.res.in/Gallery.html,https://cas.res.in/images/cycity/1.jpg,,True,document
https://cas.res.in/Gallery.html,https://cas.res.in/images/cycity/5.jpg,,True,document
https://cas.res.in/Gallery.html,https://cas.res.in/images/cycity/3.jpg,,True,document
https://cas.res.in/Gallery.html,https://cas.res.in/images/cycity/4.jpg,,True,document
https://cas.res.in/Gallery.html,https://cas.res.in/images/gdcl/1.jpg,,True,document
https://cas.res.in/Gallery.html,https://cas.res.in/images/gdcl/2.jpg,,True,document
https://cas.res.in/Gallery.html,https://cas.res.in/images/gdcl/3.jpg,,True,document
https://cas.res.in/Gallery.html,https://cas.res.in/images/gdcl/4.jpg,,True,document
https://cas.res.in/Gallery.html,https://cas.res.in/images/Lecture1/1.jpg,,True,document
https://cas.res.in/Gallery.html,https://cas.res.in/images/Lecture1/2.jpg,,True,document
https://cas.res.in/Gallery.html,https://cas.res.in/images/Lecture1/3.jpg,,True,document
https://cas.res.in/Gallery.html,https://cas.res.in/images/Lecture1/4.jpg,,True,document
https://cas.res.in/Gallery.html,https://cas.res.in/images/python/py5.jpg,,True,document
https://cas.res.in/Gallery.html,https://cas.res.in/images/python/py6.jpg,,True,document
https://cas.res.in/Gallery.html,https://cas.res.in/images/python/py3.jpg,,True,document
https://cas.res.in/Gallery.html,https://cas.res.in/images/python/py1.jpg,,True,document
https://cas.res.in/Gallery.html,https://cas.res.in/images/teacher's day/1.jpg,,True,document
https://cas.res.in/Gallery.html,https://cas.res.in/images/teacher's day/2.jpg,,True,document
https://cas.res.in/Gallery.html,https://cas.res.in/images/teacher's day/6.jpg,,True,document
https://cas.res.in/Gallery.html,https://cas.res.in/images/teacher's day/4.jpg,,True,document
https://cas.res.in/Gallery.html,https://cas.res.in/images/Orientation/1.jpg,,True,document
https://cas.res.in/Gallery.html,https://cas.res.in/images/Orientation/2.jpg,,True,document
https://cas.res.in/Gallery.html,https://cas.res.in/images/Orientation/5.jpg,,True,document
https://cas.res.in/Gallery.html,https://cas.res.in/images/Orientation/4.jpg,,True,document
https://cas.res.in/Gallery.html,https://cas.res.in/images/foundation_day/1.jpg,,True,document
https://cas.res.in/Gallery.html,https://cas.res.in/images/foundation_day/2.jpg,,True,document
https://cas.res.in/Gallery.html,https://cas.res.in/images/foundation_day/3.jpg,,True,document
https://cas.res.in/Gallery.html,https://cas.res.in/images/foundation_day/4.jpg,,True,document
https://cas.res.in/Gallery.html,https://cas.res.in/images/Jio/1.jpg,,True,document
https://cas.res.in/Gallery.html,https://cas.res.in/images/Jio/2.jpg,,True,document
https://cas.res.in/Gallery.html,https://cas.res.in/images/Jio/3.jpg,,True,document
https://cas.res.in/Gallery.html,https://cas.res.in/images/Jio/4.jpg,,True,document
https://cas.res.in/Gallery.html,https://cas.res.in/images/cybersec/1.jpg,,True,document
https://cas.res.in/Gallery.html,https://cas.res.in/images/cybersec/2.jpg,,True,document
https://cas.res.in/Gallery.html,https://cas.res.in/images/cybersec/3.jpg,,True,document
https://cas.res.in/Gallery.html,https://cas.res.in/images/cybersec/4.jpg,,True,document
https://cas.res.in/Gallery.html,https://cas.res.in/images/Miscellanous/1.jpg,,True,document
https://cas.res.in/Gallery.html,https://cas.res.in/images/Miscellanous/2.jpg,,True,document
https://cas.res.in/Gallery.html,https://cas.res.in/images/Miscellanous/3.jpg,,True,document
https://cas.res.in/Gallery.html,https://cas.res.in/images/Miscellanous/4.jpg,,True,document
https://cas.res.in/Gallery.html,https://cas.res.in/images/python/1.jpg,,True,document
https://cas.res.in/Gallery.html,https://cas.res.in/images/python/2.jpg,,True,document
https://cas.res.in/Gallery.html,https://cas.res.in/images/python/3.jpg,,True,document
https://cas.res.in/Gallery.html,https://cas.res.in/images/python/4.jpg,,True,document
https://cas.res.in/Gallery.html,https://cas.res.in/images/fdpgoogle/1.jpg,,True,document
https://cas.res.in/Gallery.html,https://cas.res.in/images/fdpgoogle/2.jpg,,True,document
https://cas.res.in/Gallery.html,https://cas.res.in/images/fdpgoogle/3.jpg,,True,document
https://cas.res.in/Gallery.html,https://cas.res.in/images/bod/1.jpg,,True,document
https://cas.res.in/Gallery.html,https://cas.res.in/images/bod/2.jpg,,True,document
https://cas.res.in/Gallery.html,https://cas.res.in/images/bod/3.jpg,,True,document
https://cas.res.in/Gallery.html,https://cas.res.in/images/bod/4.jpg,,True,document
https://cas.res.in/Gallery.html,https://cas.res.in/images/cultural/cl21.jpg,,True,document
https://cas.res.in/Gallery.html,https://cas.res.in/images/cultural/cl2.jpg,,True,document
https://cas.res.in/Gallery.html,https://cas.res.in/images/cultural/cl6.jpg,,True,document
https://cas.res.in/Gallery.html,https://cas.res.in/images/cultural/cl8.jpg,,True,document
https://cas.res.in/Gallery.html,https://cas.res.in/images/inaug/big8.jpg,,True,document
https://cas.res.in/Gallery.html,https://cas.res.in/images/inaug/big7.jpg,,True,document
https://cas.res.in/Gallery.html,https://cas.res.in/images/inaug/big5.jpg,,True,document
https://cas.res.in/Gallery.html,https://cas.res.in/images/inaug/big4.jpg,,True,document
https://cas.res.in/Gallery.html,https://cas.res.in/,"Centre for Advanced Studies (CAS, AKTU)",True,page
https://cas.res.in/internship/index.html,https://cas.res.in/,Centre for Advanced Studies Home,True,page
https://cas.res.in/internship/index.html,https://cas.res.in/internship/index.html,Home,True,page
https://cas.res.in/internship/index.html,https://cas.res.in/internship/team.html,Members,True,page
https://cas.res.in/internship/index.html,https://cas.res.in/internship/research.html,Research Areas,True,page
https://cas.res.in/internship/index.html,https://cas.res.in/internship/registration.html,Click here to Register,True,page
https://cas.res.in/internship/index.html,https://cas.res.in/internship/img/flyer.pdf,View Flyer,True,document
https://cas.res.in/internship/team.html,https://cas.res.in/,Centre for Advanced Studies Home,True,page
https://cas.res.in/internship/team.html,https://cas.res.in/internship/index.html,Home,True,page
https://cas.res.in/internship/team.html,https://cas.res.in/internship/team.html,Members,True,page
https://cas.res.in/internship/team.html,https://cas.res.in/internship/research.html,Research Areas,True,page
https://cas.res.in/internship/team.html,https://cas.res.in/internship/registration.html,Registration,True,page
https://cas.res.in/internship/research.html,https://cas.res.in/,Centre for Advanced Studies Home,True,page
https://cas.res.in/internship/research.html,https://cas.res.in/internship/index.html,Home,True,page
https://cas.res.in/internship/research.html,https://cas.res.in/internship/team.html,Members,True,page
https://cas.res.in/internship/research.html,https://cas.res.in/internship/research.html,Research Areas,True,page
https://cas.res.in/internship/research.html,https://cas.res.in/internship/registration.html,Registration,True,page
https://cas.res.in/internship/registration.html,https://cas.res.in/,Centre for Advanced Studies Home,True,page
https://cas.res.in/internship/registration.html,https://cas.res.in/internship/index.html,Home,True,page
https://cas.res.in/internship/registration.html,https://cas.res.in/internship/team.html,Members,True,page
https://cas.res.in/internship/registration.html,https://cas.res.in/internship/research.html,Research Areas,True,page
https://cas.res.in/internship/registration.html,https://cas.res.in/internship/registration.html,Registration,True,page
