url,type,source_page,alt_or_label,status,content_type,bytes,local_path,error
https://cas.res.in/pdf/CAS%20M.Tech%20Ordinance%20-%20Revised%20after%20BOS.pdf,document,https://cas.res.in/,M.Tech Ordinance,not_fetched,,,,
https://cas.res.in/pdf/B. Tech. Ordinance_2025-26.pdf,document,https://cas.res.in/,B.Tech Ordinance,not_fetched,,,,
https://cas.res.in/pdf/Ph.D%20ordinance.pdf,document,https://cas.res.in/,PHD Ordinance,not_fetched,,,,
https://cas.res.in/pdf/SCIE%20Journal%20List%20with%20Impactfactor.pdf,document,https://cas.res.in/,List Of SCIE Journals,not_fetched,,,,
https://cas.res.in/pdf/Reporting Notice 03-Aug-2026.pdf,document,https://cas.res.in/,→ ADMISSION NOTICE AND GUIDELINES FOR B.TECH STUDENTS ALLOTED IN SESSION 2026-27,not_fetched,,,,
https://cas.res.in/pdf/Guidelines_5.pdf,document,https://cas.res.in/,→ Counselling for M.Tech. admissions in session 2026-27,not_fetched,,,,
https://cas.res.in/pdf/attnd.pdf,document,https://cas.res.in/,→ Mandatory Minimum Attendance for B.Tech & M.Tech Students,not_fetched,,,,
https://cas.res.in/pdf/circular for registration 2026-27.pdf,document,https://cas.res.in/,"→ Provisional Registration B Tech and M Tech, Odd Semester 2026-27",not_fetched,,,,
https://cas.res.in/pdf/Acdedmic Calender 2026-27.pdf,document,https://cas.res.in/,→ Acdedmic Calender 2026-27,not_fetched,,,,
https://cas.res.in/pdf/CAS ADMISSION 2026-27 Updated.pdf,document,https://cas.res.in/,→ M.Tech Admissions OPEN in Centre for Advanced studies AKTU Lucknow: session 2026-27,not_fetched,,,,
https://cas.res.in/pdf/Guidelines for M.Tech. 4th Round of Counselling.pdf,document,https://cas.res.in/,→ Counselling for M.Tech. admissions in session 2026-27,not_fetched,,,,
https://cas.res.in/images/media/Dr1.jpg,image,https://cas.res.in/,,200,image/jpeg,493960,source-assets/images/Dr1-bf97f86a9bf0.jpg,
https://cas.res.in/images/media/Dr7.jpg,image,https://cas.res.in/,,200,image/jpeg,547661,source-assets/images/Dr7-5a036b14711d.jpg,
https://cas.res.in/images/media/111.jpeg,image,https://cas.res.in/,,200,image/jpeg,412928,source-assets/images/111-eed4d23bdcbe.jpeg,
https://cas.res.in/images/media/115.jpeg,image,https://cas.res.in/,,200,image/jpeg,259299,source-assets/images/115-ef90d9e66e90.jpeg,
https://cas.res.in/images/media/113.jpg,image,https://cas.res.in/,,200,image/jpeg,242535,source-assets/images/113-2960f1e7ee75.jpg,
https://cas.res.in/pdf/Fees 2025.pdf,document,https://cas.res.in/,→B.Tech. Fee Structure,not_fetched,,,,
https://cas.res.in/pdf/newCGPA.jpeg,image,https://cas.res.in/,→Update in CGPA to percentage conversion,200,image/jpeg,62826,source-assets/images/newCGPA-d1622afcefbe.jpeg,
https://cas.res.in/pdf/CAS Newsletter January 2022.pdf,document,https://cas.res.in/,→CAS Newsletter,not_fetched,,,,
https://cas.res.in/pdf/AICTE_new.pdf,document,https://cas.res.in/,→AICTE LoA & EoA,not_fetched,,,,
https://cas.res.in/pdf/committee.pdf,document,https://cas.res.in/,→Grievance Cell and Other Committees,not_fetched,,,,
https://cas.res.in/pdf/nirf.pdf,document,https://cas.res.in/,→NIRF,not_fetched,,,,
https://cas.res.in/pdf/Document 181.pdf,document,https://cas.res.in/,→Remote access of high speed AI DGX-2 Server,not_fetched,,,,
https://cas.res.in/images/innov/1.jpg,image,https://cas.res.in/,,200,image/jpeg,346988,source-assets/images/1-8f036ed1415b.jpg,
https://cas.res.in/images/innov/2.jpg,image,https://cas.res.in/,,200,image/jpeg,420708,source-assets/images/2-dfc87dee6bbc.jpg,
https://cas.res.in/images/innov/3.jpg,image,https://cas.res.in/,,200,image/jpeg,367904,source-assets/images/3-f3b2150daa0f.jpg,
https://cas.res.in/images/innov/4.jpg,image,https://cas.res.in/,,200,image/jpeg,307841,source-assets/images/4-44f1ea087b74.jpg,
https://cas.res.in/images/innov/5.jpg,image,https://cas.res.in/,,200,image/jpeg,362323,source-assets/images/5-433bb1059520.jpg,
https://cas.res.in/images/innov/6.jpg,image,https://cas.res.in/,,200,image/jpeg,314442,source-assets/images/6-047ea2ec3b76.jpg,
https://cas.res.in/images/innov/7.jpg,image,https://cas.res.in/,,200,image/jpeg,330770,source-assets/images/7-6fb6fb587f5d.jpg,
https://cas.res.in/images/innov/8.jpg,image,https://cas.res.in/,,200,image/jpeg,365294,source-assets/images/8-1538865f5c70.jpg,
https://cas.res.in/images/innov/9.jpg,image,https://cas.res.in/,,200,image/jpeg,342826,source-assets/images/9-da87d294afb6.jpg,
https://cas.res.in/images/innov/10.jpg,image,https://cas.res.in/,,200,image/jpeg,328536,source-assets/images/10-cc11e9171ee8.jpg,
https://cas.res.in/index_files/newlogo5.1.png,image,https://cas.res.in/,Home,200,image/png,59011,source-assets/images/newlogo5.1-a6710a8922b1.png,
https://cas.res.in/img/double-tail-spin.svg,image,https://cas.res.in/,,200,image/svg+xml,2189,source-assets/images/double-tail-spin-57d2f2d59294.svg,
https://cas.res.in/img/cas_infra.png,image,https://cas.res.in/,,200,image/png,779342,source-assets/images/cas_infra-65261a18bcc9.png,
https://cas.res.in/img/1.jpeg,image,https://cas.res.in/,,200,image/jpeg,421251,source-assets/images/1-984347a34b1f.jpeg,
https://cas.res.in/img/4.jpg,image,https://cas.res.in/,,200,image/jpeg,8701109,source-assets/images/4-8c6dc1d22956.jpg,
https://cas.res.in/img/2.jpeg,image,https://cas.res.in/,,200,image/jpeg,180985,source-assets/images/2-a8c85ed1f824.jpeg,
https://cas.res.in/img/5.jpeg,image,https://cas.res.in/,,200,image/jpeg,290673,source-assets/images/5-2599b7d9d700.jpeg,
https://cas.res.in/img/3.jpg,image,https://cas.res.in/,,200,image/jpeg,254988,source-assets/images/3-9e5a94291b4a.jpg,
https://cas.res.in/images/new.gif,image,https://cas.res.in/,,200,image/gif,2364,source-assets/images/new-5392ae32f24b.gif,
https://cas.res.in/images/banner112.jpg,image,https://cas.res.in/,,200,image/jpeg,73088,source-assets/images/banner112-8dd9545a854a.jpg,
https://cas.res.in/icons/Facebook.png,image,https://cas.res.in/,facebook,200,image/png,2248,source-assets/images/Facebook-ceac5a17ca9d.png,
https://cas.res.in/icons/Twitter.png,image,https://cas.res.in/,twitter,200,image/png,2396,source-assets/images/Twitter-238b5d9515b3.png,
https://cas.res.in/icons/youtube.png,image,https://cas.res.in/,youtube,200,image/png,2713,source-assets/images/youtube-f555a02d7681.png,
https://cas.res.in/images/people/VP.jpg,image,https://cas.res.in/director.html,,200,image/jpeg,3833,source-assets/images/VP-4f83a41949fd.jpg,
https://cas.res.in/pdf/Dr.Anuj.pdf,document,https://cas.res.in/faculty.html,List of Research Publication,not_fetched,,,,
https://cas.res.in/pdf/Dr.saurabh.pdf,document,https://cas.res.in/faculty.html,List of Research Publication,not_fetched,,,,
https://cas.res.in/pdf/hks_pub.pdf,document,https://cas.res.in/faculty.html,List of Research Publication,not_fetched,,,,
https://cas.res.in/pdf/Research Publications_Chandramani.pdf,document,https://cas.res.in/faculty.html,List of Research Publication,not_fetched,,,,
https://cas.res.in/pdf/dr.rohit_pub.pdf,document,https://cas.res.in/faculty.html,List of Research Publication,not_fetched,,,,
https://cas.res.in/images/people/image005.jpg,image,https://cas.res.in/faculty.html,,200,image/jpeg,49751,source-assets/images/image005-683d9ed9c748.jpg,
https://cas.res.in/images/people/saurabh.jpg,image,https://cas.res.in/faculty.html,,200,image/jpeg,44185,source-assets/images/saurabh-3f7aa96e97ed.jpg,
https://cas.res.in/images/people/avullas.jpg,image,https://cas.res.in/faculty.html,,200,image/jpeg,33035,source-assets/images/avullas-072e25831159.jpg,
https://cas.res.in/images/people/siddharth.jpg,image,https://cas.res.in/faculty.html,,200,image/jpeg,20351,source-assets/images/siddharth-876ea4003485.jpg,
https://cas.res.in/images/people/DrVijay.jpg,image,https://cas.res.in/faculty.html,,200,image/jpeg,6653,source-assets/images/DrVijay-d3d58fdf349d.jpg,
https://cas.res.in/images/people/Dr.vibhu.jpg,image,https://cas.res.in/faculty.html,,200,image/jpeg,76071,source-assets/images/Dr.vibhu-dabdeb84391b.jpg,
https://cas.res.in/images/people/Dr.naresh.png,image,https://cas.res.in/faculty.html,,200,image/png,3002789,source-assets/images/Dr.naresh-1b12bbff5654.png,
https://cas.res.in/images/people/Dr.parul.png,image,https://cas.res.in/faculty.html,,200,image/png,223207,source-assets/images/Dr.parul-21f37f4deefb.png,
https://cas.res.in/images/people/Dr.prachi.png,image,https://cas.res.in/faculty.html,,200,image/png,341041,source-assets/images/Dr.prachi-c636ba4c9877.png,
https://cas.res.in/images/people/Dr.narendra.png,image,https://cas.res.in/faculty.html,,200,image/png,151415,source-assets/images/Dr.narendra-6e2b1560faec.png,
https://cas.res.in/images/people/Dr.hks.jpg,image,https://cas.res.in/faculty.html,,200,image/jpeg,50871,source-assets/images/Dr.hks-f0d2b506174f.jpg,
https://cas.res.in/images/people/Dr.chandamani.jpg,image,https://cas.res.in/faculty.html,,200,image/jpeg,22702,source-assets/images/Dr.chandamani-226ded844f85.jpg,
https://cas.res.in/images/people/Dr.rohit.jpg,image,https://cas.res.in/faculty.html,,200,image/jpeg,17089,source-assets/images/Dr.rohit-fd183c155482.jpg,
https://cas.res.in/pdf/Dr.K.V.Arya.pdf,document,https://cas.res.in/visitingfaculty.html,List of Research Publication,not_fetched,,,,
https://cas.res.in/pdf/Dr.V.Singh.pdf,document,https://cas.res.in/visitingfaculty.html,List of Research Publication,not_fetched,,,,
https://cas.res.in/pdf/Dr.ManishKumar.pdf,document,https://cas.res.in/visitingfaculty.html,List of Research Publication,not_fetched,,,,
https://cas.res.in/images/people/dr-kb-naik.jpg,image,https://cas.res.in/visitingfaculty.html,,200,image/jpeg,8930,source-assets/images/dr-kb-naik-57ca53242dae.jpg,
https://cas.res.in/images/people/Dr.Vijay.jpg,image,https://cas.res.in/visitingfaculty.html,,200,image/jpeg,14288,source-assets/images/Dr.Vijay-86b854678288.jpg,
https://cas.res.in/images/people/imagekv.jpg,image,https://cas.res.in/visitingfaculty.html,,200,image/jpeg,32163,source-assets/images/imagekv-fbef3af3a243.jpg,
https://cas.res.in/images/people/imagevri.jpg,image,https://cas.res.in/visitingfaculty.html,,200,image/jpeg,12094,source-assets/images/imagevri-09574be3c469.jpg,
https://cas.res.in/images/people/Dr.Manish.jpg,image,https://cas.res.in/visitingfaculty.html,,200,image/jpeg,54577,source-assets/images/Dr.Manish-023a91022f19.jpg,
https://cas.res.in/pdf/For CAS websitemkd.pdf,document,https://cas.res.in/pastfaculty.html,List of Research Publication,not_fetched,,,,
https://cas.res.in/pdf/Dr.Piyush.pdf,document,https://cas.res.in/pastfaculty.html,List of Research Publication,not_fetched,,,,
https://cas.res.in/pdf/Dr.Shiv.pdf,document,https://cas.res.in/pastfaculty.html,List of Research Publication,not_fetched,,,,
https://cas.res.in/pdf/Mr.Rabesh.pdf,document,https://cas.res.in/pastfaculty.html,List of Research Publication,not_fetched,,,,
https://cas.res.in/pdf/CV_Gopal_JI_new.pdf,document,https://cas.res.in/pastfaculty.html,List of Research Publication,not_fetched,,,,
https://cas.res.in/pdf/pushpendra.pdf,document,https://cas.res.in/pastfaculty.html,List of Research Publication,not_fetched,,,,
https://cas.res.in/pdf/Dr.PrateekRajGautam ListOfPublications.pdf,document,https://cas.res.in/pastfaculty.html,List of Research Publication,not_fetched,,,,
https://cas.res.in/pdf/jagritipub.pdf,document,https://cas.res.in/pastfaculty.html,List of Research Publication,not_fetched,,,,
https://cas.res.in/pdf/manjaripub.pdf,document,https://cas.res.in/pastfaculty.html,List of Research Publication,not_fetched,,,,
https://cas.res.in/pdf/sajal.pdf,document,https://cas.res.in/pastfaculty.html,List of Research Publication,not_fetched,,,,
https://cas.res.in/pdf/Dr.Anupam.pdf,document,https://cas.res.in/pastfaculty.html,List of Research Publication,not_fetched,,,,
https://cas.res.in/pdf/Dr.Sahoo.pdf,document,https://cas.res.in/pastfaculty.html,List of Research Publication,not_fetched,,,,
https://cas.res.in/pdf/CHITRA_Publications-SKILLS-ON REVIEWER PANEL.pdf,document,https://cas.res.in/pastfaculty.html,List of Research Publication,not_fetched,,,,
https://cas.res.in/images/people/mkd.jpeg,image,https://cas.res.in/pastfaculty.html,,200,image/jpeg,184314,source-assets/images/mkd-a447b2f21d65.jpeg,
https://cas.res.in/images/people/image001.png,image,https://cas.res.in/pastfaculty.html,,200,image/png,111706,source-assets/images/image001-ae8762405570.png,
https://cas.res.in/images/people/image009.png,image,https://cas.res.in/pastfaculty.html,,200,image/png,48825,source-assets/images/image009-63219688bfdc.png,
https://cas.res.in/images/people/image007.jpg,image,https://cas.res.in/pastfaculty.html,,200,image/jpeg,6879,source-assets/images/image007-b725cbdbd089.jpg,
https://cas.res.in/images/people/drarun.png,image,https://cas.res.in/pastfaculty.html,,200,image/png,247974,source-assets/images/drarun-c630f34fa184.png,
https://cas.res.in/images/people/Rabesh.jpg,image,https://cas.res.in/pastfaculty.html,,200,image/jpeg,44660,source-assets/images/Rabesh-1691f6514e0a.jpg,
https://cas.res.in/images/people/jitendra.jpg,image,https://cas.res.in/pastfaculty.html,,200,image/jpeg,127836,source-assets/images/jitendra-8d6c4e153d7f.jpg,
https://cas.res.in/images/people/gopalji.jpg,image,https://cas.res.in/pastfaculty.html,,200,image/jpeg,6067,source-assets/images/gopalji-56c149d52178.jpg,
https://cas.res.in/images/people/pushpendra.jpg,image,https://cas.res.in/pastfaculty.html,,200,image/jpeg,5113,source-assets/images/pushpendra-e7f340297835.jpg,
https://cas.res.in/images/people/gyan.png,image,https://cas.res.in/pastfaculty.html,,200,image/png,9393326,source-assets/images/gyan-855b6f8da5f8.png,
https://cas.res.in/images/people/dipesh.jpg,image,https://cas.res.in/pastfaculty.html,,200,image/jpeg,35372,source-assets/images/dipesh-c7129ad4a96e.jpg,
https://cas.res.in/images/people/DrPappu.png,image,https://cas.res.in/pastfaculty.html,,200,image/png,278100,source-assets/images/DrPappu-5af2983bc53e.png,
https://cas.res.in/images/people/Dr.PrateekRajGautam Profile.jpeg,image,https://cas.res.in/pastfaculty.html,,200,image/jpeg,121517,source-assets/images/Dr.PrateekRajGautam-Profile-9fa9e50fae7f.jpeg,
https://cas.res.in/images/people/drJagriti.jpg,image,https://cas.res.in/pastfaculty.html,,200,image/jpeg,82776,source-assets/images/drJagriti-83d84e2d0619.jpg,
https://cas.res.in/images/people/manjari.jpg,image,https://cas.res.in/pastfaculty.html,,200,image/jpeg,144605,source-assets/images/manjari-3705030af8aa.jpg,
https://cas.res.in/images/people/image010.jpg,image,https://cas.res.in/pastfaculty.html,,200,image/jpeg,8838,source-assets/images/image010-cd858c99c261.jpg,
https://cas.res.in/images/people/Sajal Agarwal.jpg,image,https://cas.res.in/pastfaculty.html,,200,image/jpeg,6762,source-assets/images/Sajal-Agarwal-32b5e03e7d39.jpg,
https://cas.res.in/images/people/Dr.anupam.jpg,image,https://cas.res.in/pastfaculty.html,,200,image/jpeg,9454,source-assets/images/Dr.anupam-a71747944764.jpg,
https://cas.res.in/images/people/Dr. sengar.jpg,image,https://cas.res.in/pastfaculty.html,,200,image/jpeg,27616,source-assets/images/Dr.-sengar-fcdf68f25d12.jpg,
https://cas.res.in/images/people/Dr. Narendra.jpg,image,https://cas.res.in/pastfaculty.html,,200,image/jpeg,9335,source-assets/images/Dr.-Narendra-de67f5c78764.jpg,
https://cas.res.in/images/people/Dr.Dipesh.jpg,image,https://cas.res.in/pastfaculty.html,,200,image/jpeg,8832,source-assets/images/Dr.Dipesh-e148d480aee2.jpg,
https://cas.res.in/images/people/dr.sahoo.jpg,image,https://cas.res.in/pastfaculty.html,,200,image/jpeg,57777,source-assets/images/dr.sahoo-865f0f7f0f7e.jpg,
https://cas.res.in/images/people/NeelamPic.jpg,image,https://cas.res.in/pastfaculty.html,,200,image/jpeg,45619,source-assets/images/NeelamPic-9389e2f482ac.jpg,
https://cas.res.in/images/people/Dr.Manish Raj.jpg,image,https://cas.res.in/pastfaculty.html,,200,image/jpeg,85146,source-assets/images/Dr.Manish-Raj-af9c9d034958.jpg,
https://cas.res.in/images/people/Amrit.jpg,image,https://cas.res.in/pastfaculty.html,,200,image/jpeg,21982,source-assets/images/Amrit-0293f0e6da1f.jpg,
https://cas.res.in/images/people/CHITRA SINGH_PHOTO.jpg,image,https://cas.res.in/pastfaculty.html,,200,image/jpeg,268397,source-assets/images/CHITRA-SINGH_PHOTO-a3ef8ce86452.jpg,
https://cas.res.in/images/people/prashant.jpg,image,https://cas.res.in/pastfaculty.html,,200,image/jpeg,1301353,source-assets/images/prashant-3db5eec47135.jpg,
https://cas.res.in/images/people/Dr.Vrinda.jpg,image,https://cas.res.in/pastfaculty.html,,200,image/jpeg,104804,source-assets/images/Dr.Vrinda-ca4542dbb138.jpg,
https://cas.res.in/images/people/anamika.jpg,image,https://cas.res.in/pastfaculty.html,,200,image/jpeg,44367,source-assets/images/anamika-e1a0f3bb5e3b.jpg,
https://cas.res.in/images/people/bishwajit.jpg,image,https://cas.res.in/pastfaculty.html,,200,image/jpeg,28163,source-assets/images/bishwajit-739a808f2d27.jpg,
https://cas.res.in/images/people/varun.jpg,image,https://cas.res.in/pastfaculty.html,,200,image/jpeg,55986,source-assets/images/varun-5d9140ee8196.jpg,
https://cas.res.in/images/people/chandresh.jpg,image,https://cas.res.in/pastfaculty.html,,200,image/jpeg,279827,source-assets/images/chandresh-ee95e0fa2e11.jpg,
https://cas.res.in/images/people/veer.jpg,image,https://cas.res.in/staff.html,,200,image/jpeg,310286,source-assets/images/veer-b948d6ead282.jpg,
https://cas.res.in/images/people/divyanshu.jpg,image,https://cas.res.in/staff.html,,200,image/jpeg,48171,source-assets/images/divyanshu-ae1b14cf9b3c.jpg,
https://cas.res.in/images/people/gaurav.jpg,image,https://cas.res.in/staff.html,,200,image/jpeg,179880,source-assets/images/gaurav-9302110d4c05.jpg,
https://cas.res.in/images/people/shubhi.jpg,image,https://cas.res.in/staff.html,,200,image/jpeg,119020,source-assets/images/shubhi-209ea52311aa.jpg,
https://cas.res.in/images/people/Sadka.jpg,image,https://cas.res.in/staff.html,,200,image/jpeg,138325,source-assets/images/Sadka-20294ec896db.jpg,
https://cas.res.in/images/people/pathakji.jpg,image,https://cas.res.in/staff.html,,200,image/jpeg,6989,source-assets/images/pathakji-8e36771a0803.jpg,
https://cas.res.in/images/people/anurag.jpeg,image,https://cas.res.in/staff.html,,200,image/jpeg,174338,source-assets/images/anurag-dbc5d0142637.jpeg,
https://cas.res.in/images/people/monica.JPG,image,https://cas.res.in/staff.html,,200,image/jpeg,343713,source-assets/images/monica-b85be6e0cbf2.jpg,
https://cas.res.in/images/people/mukesh.png,image,https://cas.res.in/staff.html,,200,image/png,27039,source-assets/images/mukesh-49a026dc92c6.png,
https://cas.res.in/pdf/Previous Program Struture Nov2019(3).pdf,document,https://cas.res.in/Mtechcse.html,Program Stucture(Previous),not_fetched,,,,
https://cas.res.in/pdf/CAS Final M.tech CSE Syllabus- Updated Nov2019.pdf,document,https://cas.res.in/Mtechcse.html,Syllabus (Previous),not_fetched,,,,
https://cas.res.in/pdf/CSE-Syllabus 2021-22.pdf,document,https://cas.res.in/Mtechcse.html,Program Stucture and Syllabus 2021 onwards,not_fetched,,,,
https://cas.res.in/pdf/2ndsemttcse.pdf,document,https://cas.res.in/Mtechcse.html,Time Table 2nd Sem,not_fetched,,,,
https://cas.res.in/pdf/nanosyllabus.pdf,document,https://cas.res.in/mtechnano.html,Syllabus,not_fetched,,,,
https://cas.res.in/pdf/TimeTable Nanotechnology II sem 2024-25.jpeg,image,https://cas.res.in/mtechnano.html,Time Table 2nd Sem,200,image/jpeg,338134,source-assets/images/TimeTable-Nanotechnology-II-sem-2024-25-08409a078289.jpeg,
https://cas.res.in/pdf/nano1.pdf,document,https://cas.res.in/mtechnano.html,First Year,not_fetched,,,,
https://cas.res.in/pdf/nano2.pdf,document,https://cas.res.in/mtechnano.html,Second Year,not_fetched,,,,
https://cas.res.in/pdf/EST-Syllabus MTech.pdf,document,https://cas.res.in/mtechenergy.html,Syllabus,not_fetched,,,,
https://cas.res.in/pdf/Time Table Energy Science & Technology II sem 2024-25.jpeg,image,https://cas.res.in/mtechenergy.html,Time Table 2nd Sem,200,image/jpeg,354279,source-assets/images/Time-Table-Energy-Science-Technology-II-sem-2024-25-29a46192da93.jpeg,
https://cas.res.in/pdf/est1.pdf,document,https://cas.res.in/mtechenergy.html,First Year,not_fetched,,,,
https://cas.res.in/pdf/Mechatronics Syllabus.pdf,document,https://cas.res.in/mtechmecha.html,Old Syllabus,not_fetched,,,,
https://cas.res.in/pdf/Mechatronics M.Tech Syllabus & Structure revised & without highlighted wef 2022-2023.pdf,document,https://cas.res.in/mtechmecha.html,Revised Syllabus wef 2022-2023,not_fetched,,,,
https://cas.res.in/pdf/1st & 3rd Sem TIME TABLE Mechatronics 2023-24 (1).pdf,document,https://cas.res.in/mtechmecha.html,Time Table,not_fetched,,,,
https://cas.res.in/pdf/mecha lst 2019-21.pdf,document,https://cas.res.in/mtechmecha.html,First Year,not_fetched,,,,
https://cas.res.in/pdf/mecha 2nd 2019-21.pdf,document,https://cas.res.in/mtechmecha.html,Second Year,not_fetched,,,,
https://cas.res.in/pdf/manufacturingsyllbs.pdf,document,https://cas.res.in/mtechmanufacturing.html,Old Syllabus,not_fetched,,,,
https://cas.res.in/pdf/Manu M.Tech Syllabus & Structure CAS (Revised & without highlighted ) wef 2022-2023.pdf,document,https://cas.res.in/mtechmanufacturing.html,Revised Syllabus wef 2022-2023,not_fetched,,,,
https://cas.res.in/pdf/1st & 3rd Sem TIME TABLE Manufacturing 2023-24 (1).pdf,document,https://cas.res.in/mtechmanufacturing.html,Time Table,not_fetched,,,,
https://cas.res.in/pdf/MTA lst 2020-22.pdf,document,https://cas.res.in/mtechmanufacturing.html,First Year,not_fetched,,,,
https://cas.res.in/pdf/MTA 2nd 2019-21.pdf,document,https://cas.res.in/mtechmanufacturing.html,Second Year,not_fetched,,,,
https://cas.res.in/pdf/B.Tech Scheme and Syllabus_CSE and CSE (AI ML)_09.01.26.pdf,document,https://cas.res.in/Btech.html,→Click here for B.Tech I year scheme and syllabus_CSE and CSE (AI ML),not_fetched,,,,
https://cas.res.in/pdf/B.Tech Scheme and Syllabus_Electronics Engineering (VLSI Design and Technology)_09.01.26.pdf,document,https://cas.res.in/Btech.html,→Click here for B.Tech I year scheme and syllabus_Electronics Engineering (VLSI Design & Technology),not_fetched,,,,
https://cas.res.in/pdf/B.Tech Scheme and Syllabus_Mechatronics and Mechanical Engineering_09.01.26.pdf,document,https://cas.res.in/Btech.html,→Click here for B.Tech I year scheme and syllabus_Mechatronics and Mechanical Engineering,not_fetched,,,,
https://cas.res.in/pdf/B.Tech (CSE AND CSE AIML) II and III semester scheme and syllabus.pdf,document,https://cas.res.in/Btech.html,→Click here for B.Tech (CSE AND CSE AIML) II year scheme and syllabus,not_fetched,,,,
https://cas.res.in/pdf/B.Tech (Electronics Engineering (VLSI Design and Technology)) II and III semester scheme and syllabus.pdf,document,https://cas.res.in/Btech.html,→Click here for B.Tech (Electronics Engineering (VLSI Design and Technology)) II year scheme and syllabus,not_fetched,,,,
https://cas.res.in/pdf/B.Tech (Mechanical and Mechatronics Engineering (Additive Manufacturing)) II and III semester scheme and syllabus.pdf,document,https://cas.res.in/Btech.html,→Click here for B.Tech (Mechanical and Mechatronics Engineering (Additive Manufacturing)) II year scheme and syllabus,not_fetched,,,,
https://cas.res.in/images/ai/ai.jpeg,image,https://cas.res.in/cse1.html,,200,image/jpeg,99636,source-assets/images/ai-8b331f356f8e.jpeg,
https://cas.res.in/images/gcl/2.JPG,image,https://cas.res.in/cse1.html,,200,image/jpeg,11315577,source-assets/images/2-6b1c3dd63017.jpg,
https://cas.res.in/images/cybercity/5.jpg,image,https://cas.res.in/cse1.html,,200,image/jpeg,108275,source-assets/images/5-09857b9d97b2.jpg,
https://cas.res.in/images/ai/iot.jpg,image,https://cas.res.in/cse1.html,,200,image/jpeg,225975,source-assets/images/iot-6c19c69538cd.jpg,
https://cas.res.in/images/ict/1.jpg,image,https://cas.res.in/cse1.html,,200,image/jpeg,35598,source-assets/images/1-c22babbdfb9c.jpg,
https://cas.res.in/images/nano/1.jpg,image,https://cas.res.in/nano1.html,,200,image/jpeg,103240,source-assets/images/1-eab2094ea137.jpg,
https://cas.res.in/images/nano/ew1.jpg,image,https://cas.res.in/nano1.html,,200,image/jpeg,45212,source-assets/images/ew1-1ec8fad00058.jpg,
https://cas.res.in/images/nano/ew2.jpg,image,https://cas.res.in/nano1.html,,200,image/jpeg,32096,source-assets/images/ew2-91a882efeb55.jpg,
https://cas.res.in/images/nano/ew3.jpg,image,https://cas.res.in/nano1.html,,200,image/jpeg,41720,source-assets/images/ew3-d3c1c59dc7cd.jpg,
https://cas.res.in/images/nano/ew4.jpg,image,https://cas.res.in/nano1.html,,200,image/jpeg,17704,source-assets/images/ew4-82fa13b279d8.jpg,
https://cas.res.in/images/nano/ew.png,image,https://cas.res.in/nano1.html,,200,image/png,471278,source-assets/images/ew-15c46399ab11.png,
https://cas.res.in/pdf/estlab.pdf,document,https://cas.res.in/est1.html,click here,not_fetched,,,,
https://cas.res.in/images/nanoenergy/est1.jpg,image,https://cas.res.in/est1.html,,200,image/jpeg,56316,source-assets/images/est1-d61f997b4b6a.jpg,
https://cas.res.in/images/nanoenergy/est2.jpg,image,https://cas.res.in/est1.html,,200,image/jpeg,28814,source-assets/images/est2-0ea5e88700cb.jpg,
https://cas.res.in/images/nanoenergy/est3.jpg,image,https://cas.res.in/est1.html,,200,image/jpeg,225222,source-assets/images/est3-3213b51d6fc8.jpg,
https://cas.res.in/pdf/mecha_students.pdf,document,https://cas.res.in/mecha1.html,Students,not_fetched,,,,
https://cas.res.in/images/devices/3.jpg,image,https://cas.res.in/mecha1.html,,200,image/jpeg,110672,source-assets/images/3-08897f353468.jpg,
https://cas.res.in/images/devices/4.jpg,image,https://cas.res.in/mecha1.html,,200,image/jpeg,126187,source-assets/images/4-8f39236a84be.jpg,
https://cas.res.in/images/devices/5.jpg,image,https://cas.res.in/mecha1.html,,200,image/jpeg,175396,source-assets/images/5-d561858375a9.jpg,
https://cas.res.in/images/devices/6.jpg,image,https://cas.res.in/mecha1.html,,200,image/jpeg,129293,source-assets/images/6-2592d64d2a62.jpg,
https://cas.res.in/images/devices/7.jpg,image,https://cas.res.in/mecha1.html,,200,image/jpeg,99017,source-assets/images/7-d9542fd683c4.jpg,
https://cas.res.in/images/robo/Robotic-1.jpeg,image,https://cas.res.in/mecha1.html,,200,image/jpeg,84240,source-assets/images/Robotic-1-8eb70c29ab13.jpeg,
https://cas.res.in/images/DesignSimulation/Design and Simulation Center 2.jpeg,image,https://cas.res.in/mecha1.html,,200,image/jpeg,115147,source-assets/images/Design-and-Simulation-Center-2-65c904270076.jpeg,
https://cas.res.in/images/sensorslab/3.JPG,image,https://cas.res.in/mecha1.html,,200,image/jpeg,4816896,source-assets/images/3-9164f2a2ee1f.jpg,
https://cas.res.in/images/mechalab/iot.jpg,image,https://cas.res.in/mecha1.html,,200,image/jpeg,69412,source-assets/images/iot-d84f31b9afd1.jpg,
https://cas.res.in/images/auto/3.jpeg,image,https://cas.res.in/manu1.html,,200,image/jpeg,343338,source-assets/images/3-759db7600eb5.jpeg,
https://cas.res.in/images/mechalab/3d2.JPG,image,https://cas.res.in/manu1.html,,200,image/jpeg,13410,source-assets/images/3d2-1c4657e4aacd.jpg,
https://cas.res.in/images/mechalab/1.png,image,https://cas.res.in/manu1.html,,200,image/png,752712,source-assets/images/1-17c2aa6daf64.png,
https://cas.res.in/upload/hostel.jpeg,image,https://cas.res.in/hostel.html,,200,image/jpeg,167018,source-assets/images/hostel-5d00213679c0.jpeg,
https://cas.res.in/images/devices/1.jpg,image,https://cas.res.in/research1.html,,200,image/jpeg,118991,source-assets/images/1-776cc35a8d9a.jpg,
https://cas.res.in/images/devices/2.jpg,image,https://cas.res.in/research1.html,,200,image/jpeg,100682,source-assets/images/2-b892eb21509c.jpg,
https://cas.res.in/images/innov/pos1.jpeg,image,https://cas.res.in/research1.html,,200,image/jpeg,342937,source-assets/images/pos1-81e6c269c45a.jpeg,
https://cas.res.in/images/innov/pos2.jpeg,image,https://cas.res.in/research1.html,,200,image/jpeg,348451,source-assets/images/pos2-54af7edd4028.jpeg,
https://cas.res.in/images/innov/pos3.jpeg,image,https://cas.res.in/research1.html,,200,image/jpeg,382613,source-assets/images/pos3-566a3d7f120e.jpeg,
https://cas.res.in/images/innov/pos4.jpeg,image,https://cas.res.in/research1.html,,200,image/jpeg,393822,source-assets/images/pos4-510522d52fbc.jpeg,
https://cas.res.in/images/innov/pos5.jpeg,image,https://cas.res.in/research1.html,,200,image/jpeg,307701,source-assets/images/pos5-2e094a14857d.jpeg,
https://cas.res.in/images/innov/pos6.jpeg,image,https://cas.res.in/research1.html,,200,image/jpeg,375499,source-assets/images/pos6-1a21cc01ae37.jpeg,
https://cas.res.in/images/innov/pos7.jpeg,image,https://cas.res.in/research1.html,,200,image/jpeg,382197,source-assets/images/pos7-e3fee0cf27e5.jpeg,
https://cas.res.in/images/innov/pos8.jpeg,image,https://cas.res.in/research1.html,,200,image/jpeg,342733,source-assets/images/pos8-778628f4b558.jpeg,
https://cas.res.in/images/innov/pos9.jpeg,image,https://cas.res.in/research1.html,,200,image/jpeg,371512,source-assets/images/pos9-845fed57ba10.jpeg,
https://cas.res.in/images/innov/pos10.jpeg,image,https://cas.res.in/research1.html,,200,image/jpeg,380319,source-assets/images/pos10-507542e00fdb.jpeg,
https://cas.res.in/images/innov/pos11.jpeg,image,https://cas.res.in/research1.html,,200,image/jpeg,351581,source-assets/images/pos11-09bbc2074ce8.jpeg,
https://cas.res.in/images/seminar/1.jpg,image,https://cas.res.in/research1.html,,200,image/jpeg,321754,source-assets/images/1-ea63ca800eb1.jpg,
https://cas.res.in/images/seminar/2.jpg,image,https://cas.res.in/research1.html,,200,image/jpeg,278365,source-assets/images/2-fe8ec2fa00e2.jpg,
https://cas.res.in/images/seminar/3.jpg,image,https://cas.res.in/research1.html,,200,image/jpeg,295002,source-assets/images/3-be5f40dc8c33.jpg,
https://cas.res.in/images/seminar/4.jpg,image,https://cas.res.in/research1.html,,200,image/jpeg,285518,source-assets/images/4-b88b442126ce.jpg,
https://cas.res.in/images/seminar/5.jpg,image,https://cas.res.in/research1.html,,200,image/jpeg,278440,source-assets/images/5-f09dd3ccd523.jpg,
https://cas.res.in/images/seminar/6.jpg,image,https://cas.res.in/research1.html,,200,image/jpeg,274840,source-assets/images/6-4fafb99ee086.jpg,
https://cas.res.in/images/seminar/7.jpg,image,https://cas.res.in/research1.html,,200,image/jpeg,143183,source-assets/images/7-52924ef7e796.jpg,
https://cas.res.in/images/seminar/8.jpg,image,https://cas.res.in/research1.html,,200,image/jpeg,131687,source-assets/images/8-594e052b3073.jpg,
https://cas.res.in/images/innov/11.jpg,image,https://cas.res.in/research1.html,,200,image/jpeg,392257,source-assets/images/11-4c4c5af283bc.jpg,
https://cas.res.in/images/innov/13.jpg,image,https://cas.res.in/research1.html,,200,image/jpeg,407957,source-assets/images/13-eee71321d970.jpg,
https://cas.res.in/images/innov/14.jpg,image,https://cas.res.in/research1.html,,200,image/jpeg,392582,source-assets/images/14-7e0dab0d2678.jpg,
https://cas.res.in/images/innov/2.jpeg,image,https://cas.res.in/research1.html,,200,image/jpeg,333030,source-assets/images/2-fbcb37a845b5.jpeg,
https://cas.res.in/images/innov/16.jpg,image,https://cas.res.in/research1.html,,200,image/jpeg,458346,source-assets/images/16-570adb360e2f.jpg,
https://cas.res.in/images/innov/17.jpg,image,https://cas.res.in/research1.html,,200,image/jpeg,358323,source-assets/images/17-eeed21755764.jpg,
https://cas.res.in/images/innov/18.jpg,image,https://cas.res.in/research1.html,,200,image/jpeg,362395,source-assets/images/18-59cb68ab2bc3.jpg,
https://cas.res.in/images/innov/12.jpg,image,https://cas.res.in/research1.html,,200,image/jpeg,415791,source-assets/images/12-faad24be90e5.jpg,
https://cas.res.in/images/innov/15.jpg,image,https://cas.res.in/research1.html,,200,image/jpeg,427267,source-assets/images/15-2a956de99bf4.jpg,
https://cas.res.in/pdf/DST_project1_biomedical_details_1pm.pdf,document,https://cas.res.in/research1.html,Click here to view More,not_fetched,,,,
https://cas.res.in/pdf/DST_project_2_blind_assistive.pdf,document,https://cas.res.in/research1.html,Click here to view More,not_fetched,,,,
https://cas.res.in/pdf/innov1.pdf,document,https://cas.res.in/research1.html,pdf,not_fetched,,,,
https://cas.res.in/pdf/innov2.pdf,document,https://cas.res.in/research1.html,pdf,not_fetched,,,,
https://cas.res.in/pdf/innov3.pdf,document,https://cas.res.in/research1.html,pdf,not_fetched,,,,
https://cas.res.in/pdf/innov4.pdf,document,https://cas.res.in/research1.html,pdf,not_fetched,,,,
https://cas.res.in/pdf/innov5.pdf,document,https://cas.res.in/research1.html,pdf,not_fetched,,,,
https://cas.res.in/pdf/innov6.pdf,document,https://cas.res.in/research1.html,pdf,not_fetched,,,,
https://cas.res.in/pdf/innov7.pdf,document,https://cas.res.in/research1.html,pdf,not_fetched,,,,
https://cas.res.in/pdf/innov8.pdf,document,https://cas.res.in/research1.html,pdf,not_fetched,,,,
https://cas.res.in/pdf/innov9.pdf,document,https://cas.res.in/research1.html,pdf,not_fetched,,,,
https://cas.res.in/pdf/Anam_fatima_Posters_research.pdf,document,https://cas.res.in/research1.html,pdf,not_fetched,,,,
https://cas.res.in/pdf/EMF_radiation_Posters_research.pdf,document,https://cas.res.in/research1.html,pdf,not_fetched,,,,
https://cas.res.in/pdf/Auto_immune_disease_Posters_research.pdf,document,https://cas.res.in/research1.html,pdf,not_fetched,,,,
https://cas.res.in/pdf/Covid_Posters_research.pdf,document,https://cas.res.in/research1.html,pdf,not_fetched,,,,
https://cas.res.in/pdf/Research Seminar_11.pdf,document,https://cas.res.in/research1.html,pdf,not_fetched,,,,
https://cas.res.in/pdf/Research Seminar_2.pdf,document,https://cas.res.in/research1.html,pdf,not_fetched,,,,
https://cas.res.in/pdf/Research Seminar_3.pdf,document,https://cas.res.in/research1.html,pdf,not_fetched,,,,
https://cas.res.in/pdf/Research Seminar_4.pdf,document,https://cas.res.in/research1.html,pdf,not_fetched,,,,
https://cas.res.in/pdf/Research Seminar_5.pdf,document,https://cas.res.in/research1.html,pdf,not_fetched,,,,
https://cas.res.in/pdf/Research Seminar_6.pdf,document,https://cas.res.in/research1.html,pdf,not_fetched,,,,
https://cas.res.in/pdf/Research Seminar_7.pdf,document,https://cas.res.in/research1.html,pdf,not_fetched,,,,
https://cas.res.in/pdf/rseminar8.pdf,document,https://cas.res.in/research1.html,pdf,not_fetched,,,,
https://cas.res.in/pdf/Research Seminar_9.pdf,document,https://cas.res.in/research1.html,pdf,not_fetched,,,,
https://cas.res.in/pdf/Research Seminar_10.pdf,document,https://cas.res.in/research1.html,pdf,not_fetched,,,,
https://cas.res.in/pdf/seminar11.pdf,document,https://cas.res.in/research1.html,pdf,not_fetched,,,,
https://cas.res.in/pdf/Research Seminar_12.pdf,document,https://cas.res.in/research1.html,pdf,not_fetched,,,,
https://cas.res.in/pdf/Research Seminar 15 - abstract.pdf,document,https://cas.res.in/research1.html,pdf,not_fetched,,,,
https://cas.res.in/pdf/W1-converted.pdf,document,https://cas.res.in/research1.html,Click here to view More,not_fetched,,,,
https://cas.res.in/pdf/W2-converted.pdf,document,https://cas.res.in/research1.html,Click here to view More,not_fetched,,,,
https://cas.res.in/pdf/W3 S1-converted.pdf,document,https://cas.res.in/research1.html,Click here to view More,not_fetched,,,,
https://cas.res.in/pdf/W3 S2-converted.pdf,document,https://cas.res.in/research1.html,Click here to view More,not_fetched,,,,
https://cas.res.in/pdf/W4 S1-converted.pdf,document,https://cas.res.in/research1.html,Click here to view More,not_fetched,,,,
https://cas.res.in/pdf/W4 S2-converted.pdf,document,https://cas.res.in/research1.html,Click here to view More,not_fetched,,,,
https://cas.res.in/pdf/W5-converted.pdf,document,https://cas.res.in/research1.html,Click here to view More,not_fetched,,,,
https://cas.res.in/pdf/W7 S1-converted.pdf,document,https://cas.res.in/research1.html,Click here to view More,not_fetched,,,,
https://cas.res.in/pdf/W7 S2-converted.pdf,document,https://cas.res.in/research1.html,Click here to view More,not_fetched,,,,
https://cas.res.in/pdf/w8new-converted.pdf,document,https://cas.res.in/research1.html,Click here to view More,not_fetched,,,,
https://cas.res.in/images/expert/Radim Burget.jpg,image,https://cas.res.in/research1.html,,200,image/jpeg,17551,source-assets/images/Radim-Burget-ee33978496e2.jpg,
https://cas.res.in/images/expert/Carlos M.jpg,image,https://cas.res.in/research1.html,,200,image/jpeg,16917,source-assets/images/Carlos-M-bc9501a3d269.jpg,
https://cas.res.in/images/expert/Rossi Setchi.jpg,image,https://cas.res.in/research1.html,,200,image/jpeg,19495,source-assets/images/Rossi-Setchi-165944f8dc1f.jpg,
https://cas.res.in/images/expert/Sabah A.jpg,image,https://cas.res.in/research1.html,,200,image/jpeg,16745,source-assets/images/Sabah-A-878d03198286.jpg,
https://cas.res.in/images/expert/Hao Ying.jpg,image,https://cas.res.in/research1.html,,200,image/jpeg,17690,source-assets/images/Hao-Ying-5add481fc5be.jpg,
https://cas.res.in/images/expert/Aleksandar Poleksic.jpg,image,https://cas.res.in/research1.html,,200,image/jpeg,26379,source-assets/images/Aleksandar-Poleksic-af8aa20a0c27.jpg,
https://cas.res.in/images/expert/Cesare Alippi.jpg,image,https://cas.res.in/research1.html,,200,image/jpeg,17580,source-assets/images/Cesare-Alippi-0804c4c152f3.jpg,
https://cas.res.in/images/expert/Tarek El-Ghazawi.jpg,image,https://cas.res.in/research1.html,,200,image/jpeg,18965,source-assets/images/Tarek-El-Ghazawi-5111e76229fa.jpg,
https://cas.res.in/images/expert/Jean-Pierre Leburton.jpg,image,https://cas.res.in/research1.html,,200,image/jpeg,17322,source-assets/images/Jean-Pierre-Leburton-5f17e8eb525b.jpg,
https://cas.res.in/images/expert/Peter Peer.jpg,image,https://cas.res.in/research1.html,,200,image/jpeg,19857,source-assets/images/Peter-Peer-96f2904bfbdb.jpg,
https://cas.res.in/images/expert/Stephen Pistorius.jpg,image,https://cas.res.in/research1.html,,200,image/jpeg,23067,source-assets/images/Stephen-Pistorius-17923ad55b26.jpg,
https://cas.res.in/images/expert/Viera Rozinajova.jpg,image,https://cas.res.in/research1.html,,200,image/jpeg,25681,source-assets/images/Viera-Rozinajova-9240de1aa1b2.jpg,
https://cas.res.in/images/expert/Pierre Maréchal.jpg,image,https://cas.res.in/research1.html,,200,image/jpeg,30415,source-assets/images/Pierre-Mar-chal-48bd52ef5cb2.jpg,
https://cas.res.in/images/expert/Nong Ye.jpg,image,https://cas.res.in/research1.html,,200,image/jpeg,23893,source-assets/images/Nong-Ye-b04d8f3133fb.jpg,
https://cas.res.in/images/expert/Gordon B Agnew.jpg,image,https://cas.res.in/research1.html,,200,image/jpeg,22992,source-assets/images/Gordon-B-Agnew-5110ab1e7e21.jpg,
https://cas.res.in/images/expert/Jason Crain.jpg,image,https://cas.res.in/research1.html,,200,image/jpeg,17678,source-assets/images/Jason-Crain-61444dae641e.jpg,
https://cas.res.in/images/expert/Sokrates T Pantelides.jpg,image,https://cas.res.in/research1.html,,200,image/jpeg,17166,source-assets/images/Sokrates-T-Pantelides-7e1b3aabbb3d.jpg,
https://cas.res.in/images/expert/Vaidy Sunderam.jpg,image,https://cas.res.in/research1.html,,200,image/jpeg,17141,source-assets/images/Vaidy-Sunderam-c4074b2244e2.jpg,
https://cas.res.in/images/expert/Khan Iftekharuddin.jpg,image,https://cas.res.in/research1.html,,200,image/jpeg,18291,source-assets/images/Khan-Iftekharuddin-023c8ff1daed.jpg,
https://cas.res.in/images/expert/Doan B Hoang.jpg,image,https://cas.res.in/research1.html,,200,image/jpeg,18836,source-assets/images/Doan-B-Hoang-d3339f6db684.jpg,
https://cas.res.in/images/expert/Jont Allen.jpg,image,https://cas.res.in/research1.html,,200,image/jpeg,20773,source-assets/images/Jont-Allen-3a9578b2d056.jpg,
https://cas.res.in/images/expert/Theda Daniels-Race.jpg,image,https://cas.res.in/research1.html,,200,image/jpeg,24003,source-assets/images/Theda-Daniels-Race-ee104683f129.jpg,
https://cas.res.in/images/expert/Hamid Vakilzadian.jpg,image,https://cas.res.in/research1.html,,200,image/jpeg,19859,source-assets/images/Hamid-Vakilzadian-ec31f9fa46a6.jpg,
https://cas.res.in/images/expert/Alan Sprague.jpg,image,https://cas.res.in/research1.html,,200,image/jpeg,18839,source-assets/images/Alan-Sprague-04d1db86edc1.jpg,
https://cas.res.in/images/expert/Martin Fabian.jpg,image,https://cas.res.in/research1.html,,200,image/jpeg,21076,source-assets/images/Martin-Fabian-a4e6ec0024fb.jpg,
https://cas.res.in/images/expert/Fred Choobineh.jpg,image,https://cas.res.in/research1.html,,200,image/jpeg,19642,source-assets/images/Fred-Choobineh-88772ad61510.jpg,
https://cas.res.in/images/expert/Suresh Subramaniam.jpg,image,https://cas.res.in/research1.html,,200,image/jpeg,26261,source-assets/images/Suresh-Subramaniam-ce579c3d930c.jpg,
https://cas.res.in/images/expert/Anna Soffía Hauksdóttir.jpg,image,https://cas.res.in/research1.html,,200,image/jpeg,24684,source-assets/images/Anna-Soff-a-Hauksd-ttir-c36cea060953.jpg,
https://cas.res.in/images/expert/Israel Koren.jpg,image,https://cas.res.in/research1.html,,200,image/jpeg,25239,source-assets/images/Israel-Koren-d928f0c39d3c.jpg,
https://cas.res.in/images/expert/Jason O'Kane.jpg,image,https://cas.res.in/research1.html,,200,image/jpeg,32084,source-assets/images/Jason-O-Kane-8be6a2f688b0.jpg,
https://cas.res.in/images/expert/Xenofon Koutsoukos.jpg,image,https://cas.res.in/research1.html,,200,image/jpeg,19745,source-assets/images/Xenofon-Koutsoukos-2264ea3ab96e.jpg,
https://cas.res.in/images/expert/Peter Puschner.jpg,image,https://cas.res.in/research1.html,,200,image/jpeg,19575,source-assets/images/Peter-Puschner-96343f288db7.jpg,
https://cas.res.in/images/expert/Ilangko Balasingham.jpg,image,https://cas.res.in/research1.html,,200,image/jpeg,16802,source-assets/images/Ilangko-Balasingham-e1245e02d108.jpg,
https://cas.res.in/images/expert/Raquel Diaz-Sprague.jpg,image,https://cas.res.in/research1.html,,200,image/jpeg,20819,source-assets/images/Raquel-Diaz-Sprague-75f61e7f0c74.jpg,
https://cas.res.in/images/expert/Prof Gregor Rozinaj.jpg,image,https://cas.res.in/research1.html,,200,image/jpeg,18724,source-assets/images/Prof-Gregor-Rozinaj-41e9f702d947.jpg,
https://cas.res.in/images/expert/Porf Harold Pardue.jpg,image,https://cas.res.in/research1.html,,200,image/jpeg,17813,source-assets/images/Porf-Harold-Pardue-ffb509e73b1f.jpg,
https://cas.res.in/images/equip/1.jpg,image,https://cas.res.in/research1.html,,200,image/jpeg,20927,source-assets/images/1-3fa1dbb5ac09.jpg,
https://cas.res.in/images/equip/2.jpg,image,https://cas.res.in/research1.html,,200,image/jpeg,24407,source-assets/images/2-cb38b79850cf.jpg,
https://cas.res.in/images/equip/3.jpg,image,https://cas.res.in/research1.html,,200,image/jpeg,25725,source-assets/images/3-fc2d09eaf043.jpg,
https://cas.res.in/images/equip/4.jpg,image,https://cas.res.in/research1.html,,200,image/jpeg,27413,source-assets/images/4-8dfd6364ab99.jpg,
https://cas.res.in/images/equip/5.jpg,image,https://cas.res.in/research1.html,,200,image/jpeg,9664,source-assets/images/5-aa70938f5218.jpg,
https://cas.res.in/images/equip/6.jpg,image,https://cas.res.in/research1.html,,200,image/jpeg,26029,source-assets/images/6-aa0c16f0caf6.jpg,
https://cas.res.in/images/equip/7.jpg,image,https://cas.res.in/research1.html,,200,image/jpeg,53151,source-assets/images/7-da64e7bb7639.jpg,
https://cas.res.in/images/equip/8.png,image,https://cas.res.in/research1.html,,200,image/png,163948,source-assets/images/8-19ac2adec08d.png,
https://cas.res.in/images/equip/9.png,image,https://cas.res.in/research1.html,,200,image/png,287511,source-assets/images/9-d1140cf6bff9.png,
https://cas.res.in/images/equip/10.png,image,https://cas.res.in/research1.html,,200,image/png,115860,source-assets/images/10-edc320853db9.png,
https://cas.res.in/images/equip/11.png,image,https://cas.res.in/research1.html,,200,image/png,221310,source-assets/images/11-63b0b85ec9ba.png,
https://cas.res.in/images/equip/12.png,image,https://cas.res.in/research1.html,,200,image/png,170589,source-assets/images/12-cd51ea49afdd.png,
https://cas.res.in/images/equip/13.png,image,https://cas.res.in/research1.html,,200,image/png,250369,source-assets/images/13-8a9ad5341043.png,
https://cas.res.in/images/equip/14.png,image,https://cas.res.in/research1.html,,200,image/png,245160,source-assets/images/14-9a5130fc74ec.png,
https://cas.res.in/images/equip/15.png,image,https://cas.res.in/research1.html,,200,image/png,126635,source-assets/images/15-843c06f7c2c2.png,
https://cas.res.in/images/equip/16.png,image,https://cas.res.in/research1.html,,200,image/png,166047,source-assets/images/16-b5303edb3dba.png,
https://cas.res.in/images/equip/17.jpg,image,https://cas.res.in/research1.html,,200,image/jpeg,32558,source-assets/images/17-b6ad42562995.jpg,
https://cas.res.in/images/equip/18.png,image,https://cas.res.in/research1.html,,200,image/png,203168,source-assets/images/18-cf3bdffa7ccc.png,
https://cas.res.in/images/equip/19.jpg,image,https://cas.res.in/research1.html,,200,image/jpeg,37387,source-assets/images/19-2893b957ba92.jpg,
https://cas.res.in/images/equip/20.jpg,image,https://cas.res.in/research1.html,,200,image/jpeg,17892,source-assets/images/20-a5c9e8cfed04.jpg,
https://cas.res.in/images/equip/21.jpg,image,https://cas.res.in/research1.html,,200,image/jpeg,77672,source-assets/images/21-5380978aea34.jpg,
https://cas.res.in/images/equip/22.jpg,image,https://cas.res.in/research1.html,,200,image/jpeg,22076,source-assets/images/22-4e3b391a2a78.jpg,
https://cas.res.in/images/equip/23.jpg,image,https://cas.res.in/research1.html,,200,image/jpeg,68905,source-assets/images/23-42e20430d2ab.jpg,
https://cas.res.in/images/panel/panel1.jpg,image,https://cas.res.in/research1.html,,200,image/jpeg,112782,source-assets/images/panel1-bdb3aeb7d2e6.jpg,
https://cas.res.in/images/panel/panel2.jpg,image,https://cas.res.in/research1.html,,200,image/jpeg,101770,source-assets/images/panel2-fb409490864c.jpg,
https://cas.res.in/images/expertlec/1.JPG,image,https://cas.res.in/research1.html,,200,image/jpeg,325085,source-assets/images/1-ed4d0d3f760f.jpg,
https://cas.res.in/images/expertlec/4.JPG,image,https://cas.res.in/research1.html,,200,image/jpeg,179525,source-assets/images/4-204d4cc27852.jpg,
https://cas.res.in/images/expertlec/3.jpeg,image,https://cas.res.in/research1.html,,200,image/jpeg,101746,source-assets/images/3-9c26a27c00c3.jpeg,
https://cas.res.in/images/expertlec/5.jpeg,image,https://cas.res.in/research1.html,,200,image/jpeg,108820,source-assets/images/5-500e032f8259.jpeg,
https://cas.res.in/pdf/iot.jpeg,image,https://cas.res.in/research1.html,,200,image/jpeg,323235,source-assets/images/iot-ad17ef5c8be7.jpeg,
https://cas.res.in/images/panel/workshp5.jpeg,image,https://cas.res.in/research1.html,,200,image/jpeg,381960,source-assets/images/workshp5-549606e92fc2.jpeg,
https://cas.res.in/images/panel/workshop4.jpg,image,https://cas.res.in/research1.html,,200,image/jpeg,368956,source-assets/images/workshop4-9f310b30be1c.jpg,
https://cas.res.in/images/panel/workshop2.jpeg,image,https://cas.res.in/research1.html,,200,image/jpeg,374097,source-assets/images/workshop2-91afc03f4d06.jpeg,
https://cas.res.in/images/panel/workshop1.jpeg,image,https://cas.res.in/research1.html,,200,image/jpeg,387202,source-assets/images/workshop1-802c00efe8d2.jpeg,
https://cas.res.in/images/panel/workshop3.jpeg,image,https://cas.res.in/research1.html,,200,image/jpeg,381622,source-assets/images/workshop3-f7f6a747cf6c.jpeg,
https://cas.res.in/\,image,https://cas.res.in/research1.html,,200,text/html,76428,,
https://cas.res.in/pdf/AI LAB CAS.pdf,document,https://cas.res.in/infra.html,(View Details),not_fetched,,,,
https://cas.res.in/images/robo/Robotic-4.jpeg,image,https://cas.res.in/infra.html,,200,image/jpeg,70317,source-assets/images/Robotic-4-681ef9ea76c3.jpeg,
https://cas.res.in/images/robo/Robotic-5.jpeg,image,https://cas.res.in/infra.html,,200,image/jpeg,75865,source-assets/images/Robotic-5-8c9baeeaa448.jpeg,
https://cas.res.in/images/auto/1.jpeg,image,https://cas.res.in/infra.html,,200,image/jpeg,127059,source-assets/images/1-18c9ddd156ae.jpeg,
https://cas.res.in/images/auto/2.jpeg,image,https://cas.res.in/infra.html,,200,image/jpeg,124510,source-assets/images/2-3d23a3d362fc.jpeg,
https://cas.res.in/images/gcl/3.JPG,image,https://cas.res.in/infra.html,,200,image/jpeg,10477286,source-assets/images/3-72709efdc225.jpg,
https://cas.res.in/images/gcl/5.JPG,image,https://cas.res.in/infra.html,,200,image/jpeg,12327154,source-assets/images/5-ca8c86fdb015.jpg,
https://cas.res.in/images/mechalab/3D printing Lab-2.jpeg,image,https://cas.res.in/infra.html,,200,image/jpeg,57559,source-assets/images/3D-printing-Lab-2-187f2d9c8768.jpeg,
https://cas.res.in/images/mechalab/3D printing Lab-3.jpeg,image,https://cas.res.in/infra.html,,200,image/jpeg,57831,source-assets/images/3D-printing-Lab-3-f5239436615f.jpeg,
https://cas.res.in/images/mechalab/3D printing Lab-4.jpeg,image,https://cas.res.in/infra.html,,200,image/jpeg,57858,source-assets/images/3D-printing-Lab-4-7984ed1599d0.jpeg,
https://cas.res.in/images/cybercity/1.JPG,image,https://cas.res.in/infra.html,,200,image/jpeg,5515799,source-assets/images/1-feb83970814a.jpg,
https://cas.res.in/images/cybercity/2.JPG,image,https://cas.res.in/infra.html,,200,image/jpeg,6085814,source-assets/images/2-6b2da2bae044.jpg,
https://cas.res.in/images/cybercity/5.JPG,image,https://cas.res.in/infra.html,,200,image/jpeg,108275,source-assets/images/5-86424fd320c9.jpg,
https://cas.res.in/images/DesignSimulation/Design and Simulation Center 1.jpeg,image,https://cas.res.in/infra.html,,200,image/jpeg,106310,source-assets/images/Design-and-Simulation-Center-1-0669285a8784.jpeg,
https://cas.res.in/images/DesignSimulation/Design and Simulation Center 3.jpeg,image,https://cas.res.in/infra.html,,200,image/jpeg,125912,source-assets/images/Design-and-Simulation-Center-3-d75f122d99b4.jpeg,
https://cas.res.in/images/sensorslab/1.JPG,image,https://cas.res.in/infra.html,,200,image/jpeg,4521984,source-assets/images/1-1a73e20627d1.jpg,
https://cas.res.in/images/sensorslab/2.JPG,image,https://cas.res.in/infra.html,,200,image/jpeg,5013504,source-assets/images/2-e11fb1749ef2.jpg,
https://cas.res.in/images/ict/4.png,image,https://cas.res.in/infra.html,,200,image/png,8147689,source-assets/images/4-50eab2889c76.png,
https://cas.res.in/images/ict/5.png,image,https://cas.res.in/infra.html,,200,image/png,97570,source-assets/images/5-6eb6a2314677.png,
https://cas.res.in/images/nano/2.jpg,image,https://cas.res.in/infra.html,,200,image/jpeg,121608,source-assets/images/2-0305730cd302.jpg,
https://cas.res.in/images/nano/3.jpg,image,https://cas.res.in/infra.html,,200,image/jpeg,115224,source-assets/images/3-f22e317200fd.jpg,
https://cas.res.in/images/nano/4.jpg,image,https://cas.res.in/infra.html,,200,image/jpeg,229539,source-assets/images/4-26a5944919b9.jpg,
https://cas.res.in/images/nano/5.jpg,image,https://cas.res.in/infra.html,,200,image/jpeg,111292,source-assets/images/5-d0bab9192228.jpg,
https://cas.res.in/images/nano/6.jpg,image,https://cas.res.in/infra.html,,200,image/jpeg,138277,source-assets/images/6-0231f48cb6fd.jpg,
https://cas.res.in/images/nanoenergy/6.jpeg,image,https://cas.res.in/infra.html,,200,image/jpeg,103723,source-assets/images/6-5426c496c6f2.jpeg,
https://cas.res.in/images/nanoenergy/photo1.JPG,image,https://cas.res.in/infra.html,,200,image/jpeg,20046,source-assets/images/photo1-a27236a03fad.jpg,
https://cas.res.in/images/nanoenergy/photo2.JPG,image,https://cas.res.in/infra.html,,200,image/jpeg,29595,source-assets/images/photo2-21a8fe890df3.jpg,
https://cas.res.in/images/nano/nanofab.JPG,image,https://cas.res.in/infra.html,,200,image/jpeg,20426,source-assets/images/nanofab-03b9f1223771.jpg,
https://cas.res.in/pdf/nanofab.pdf,document,https://cas.res.in/infra.html,(View Details),not_fetched,,,,
https://cas.res.in/images/mechalab/tribology2.jpg,image,https://cas.res.in/infra.html,,200,image/jpeg,132124,source-assets/images/tribology2-2a887a09e716.jpg,
https://cas.res.in/images/mechalab/tribology3.jpg,image,https://cas.res.in/infra.html,,200,image/jpeg,128110,source-assets/images/tribology3-23dd40a49373.jpg,
https://cas.res.in/images/nanoenergy/7.jpeg,image,https://cas.res.in/infra.html,,200,image/jpeg,116896,source-assets/images/7-630f1e711eff.jpeg,
https://cas.res.in/images/ai/ai2.jpeg,image,https://cas.res.in/infra.html,,200,image/jpeg,89328,source-assets/images/ai2-52524885e979.jpeg,
https://cas.res.in/images/ai/ai3.jpeg,image,https://cas.res.in/infra.html,,200,image/jpeg,196707,source-assets/images/ai3-4e24f3bc8d9a.jpeg,
https://cas.res.in/images/equip/24.jpg,image,https://cas.res.in/equip.html,,200,image/jpeg,73698,source-assets/images/24-729431997e2c.jpg,
https://cas.res.in/images/equip/25.jpg,image,https://cas.res.in/equip.html,,200,image/jpeg,57712,source-assets/images/25-1847400eb0e8.jpg,
https://cas.res.in/images/equip/26.jpg,image,https://cas.res.in/equip.html,,200,image/jpeg,68973,source-assets/images/26-6857cf5453e3.jpg,
https://cas.res.in/images/equip/27.jpg,image,https://cas.res.in/equip.html,,200,image/jpeg,53509,source-assets/images/27-cc46739368c7.jpg,
https://cas.res.in/images/equip/28.png,image,https://cas.res.in/equip.html,,200,image/png,678065,source-assets/images/28-8759e99a36f0.png,
https://cas.res.in/images/equip/29.png,image,https://cas.res.in/equip.html,,200,image/png,414757,source-assets/images/29-b69f7ea9a4af.png,
https://cas.res.in/images/equip/30.png,image,https://cas.res.in/equip.html,,200,image/png,340629,source-assets/images/30-649e46703cb0.png,
https://cas.res.in/images/equip/drone1.png,image,https://cas.res.in/equip.html,,200,image/png,134177,source-assets/images/drone1-4e153847b47f.png,
https://cas.res.in/images/equip/tga.jpg,image,https://cas.res.in/equip.html,,200,image/jpeg,84956,source-assets/images/tga-8358d7b52d43.jpg,
https://cas.res.in/images/equip/spu.jpg,image,https://cas.res.in/equip.html,,200,image/jpeg,68276,source-assets/images/spu-8f2aafb0a1d0.jpg,
https://cas.res.in/images/equip/nfe.jpg,image,https://cas.res.in/equip.html,,200,image/jpeg,62309,source-assets/images/nfe-df9682e18a25.jpg,
https://cas.res.in/images/equip/fpw.jpg,image,https://cas.res.in/equip.html,,200,image/jpeg,121906,source-assets/images/fpw-f95205eb1435.jpg,
https://cas.res.in/images/equip/dcu.jpg,image,https://cas.res.in/equip.html,,200,image/jpeg,129433,source-assets/images/dcu-138a2338d03f.jpg,
https://cas.res.in/images/equip/sc.jpg,image,https://cas.res.in/equip.html,,200,image/jpeg,105301,source-assets/images/sc-2ea8cfffaa78.jpg,
https://cas.res.in/images/equip/ldtc.jpg,image,https://cas.res.in/equip.html,,200,image/jpeg,146811,source-assets/images/ldtc-e4e270250f2a.jpg,
https://cas.res.in/images/equip/hem.jpg,image,https://cas.res.in/equip.html,,200,image/jpeg,79940,source-assets/images/hem-b2c097433daf.jpg,
https://cas.res.in/images/equip/szm.jpg,image,https://cas.res.in/equip.html,,200,image/jpeg,95696,source-assets/images/szm-5945e60fe9e8.jpg,
https://cas.res.in/images/equip/qe.jpg,image,https://cas.res.in/equip.html,,200,image/jpeg,90441,source-assets/images/qe-e5d803f4b82c.jpg,
https://cas.res.in/images/equip/amht.png,image,https://cas.res.in/equip.html,,200,image/png,679803,source-assets/images/amht-024a1f6ee39d.png,
https://cas.res.in/images/equip/medm.png,image,https://cas.res.in/equip.html,,200,image/png,1018836,source-assets/images/medm-9d1aaf476aa8.png,
https://cas.res.in/images/equip/om.png,image,https://cas.res.in/equip.html,,200,image/png,1825767,source-assets/images/om-b41e7703fe36.png,
https://cas.res.in/images/equip/ded.png,image,https://cas.res.in/equip.html,,200,image/png,272211,source-assets/images/ded-57f45c750289.png,
https://cas.res.in/images/equip/plc.png,image,https://cas.res.in/equip.html,,200,image/png,331107,source-assets/images/plc-ffa792434c68.png,
https://cas.res.in/images/equip/ll.jpg,image,https://cas.res.in/equip.html,,200,image/jpeg,119144,source-assets/images/ll-92ab1551ea62.jpg,
https://cas.res.in/images/equip/linux.jpg,image,https://cas.res.in/equip.html,,200,image/jpeg,149215,source-assets/images/linux-13e0ec3c5a06.jpg,
https://cas.res.in/images/equip/gpl.jpg,image,https://cas.res.in/equip.html,,200,image/jpeg,175934,source-assets/images/gpl-0b63f288b762.jpg,
https://cas.res.in/pdf/CAS M.Tech Ordinance - Revised after BOS.pdf,document,https://cas.res.in/library.html,M.Tech. Ordinance,not_fetched,,,,
https://cas.res.in/pdf/Ph.D ordinance.pdf,document,https://cas.res.in/library.html,Phd Ordinance,not_fetched,,,,
https://cas.res.in/pdf/SCIE Journal List with Impactfactor.pdf,document,https://cas.res.in/library.html,List of SCIE Journals,not_fetched,,,,
https://cas.res.in/pdf/AGRAGAMAN 2020_FINAL-07-07-2020 (1).pdf,document,https://cas.res.in/library.html,Agragaman-2020,not_fetched,,,,
https://cas.res.in/library/BSP ebook-Urls.pdf,document,https://cas.res.in/library.html,BSP ebooks,not_fetched,,,,
https://cas.res.in/library/BPSE2022.pdf,document,https://cas.res.in/library.html,E-Books BSP 2022,not_fetched,,,,
https://cas.res.in/library/bspebooks.pdf,document,https://cas.res.in/library.html,List of E-Books BSP Books,not_fetched,,,,
https://cas.res.in/library/cambridge.pdf,document,https://cas.res.in/library.html,Cambridge e-books,not_fetched,,,,
https://cas.res.in/library/elsevier2021.pdf,document,https://cas.res.in/library.html,Elsevier List of E-Books,not_fetched,,,,
https://cas.res.in/library/elsevier2022.pdf,document,https://cas.res.in/library.html,Elsevier List of E-Books 2022,not_fetched,,,,
https://cas.res.in/library/E-books Purchased 2020-2022.pdf,document,https://cas.res.in/library.html,E-books Purchased 2020-2022,not_fetched,,,,
https://cas.res.in/library/E-Consortium -perpetual books details.pdf,document,https://cas.res.in/library.html,E-Consortium -perpetual books details,not_fetched,,,,
https://cas.res.in/library/mghaktu.pdf,document,https://cas.res.in/library.html,MGH-AKTU Purchased Title- URLs,not_fetched,,,,
https://cas.res.in/library/newageebooks.pdf,document,https://cas.res.in/library.html,LIST OF 220 NEW AGE E-BOOKS WITH THEIR URL,not_fetched,,,,
https://cas.res.in/library/ONOS.pdf,document,https://cas.res.in/library.html,One Nation One Subscription (ONOS),not_fetched,,,,
https://cas.res.in/library/pearson.pdf,document,https://cas.res.in/library.html,Pearson Education -AKTU 94 titles,not_fetched,,,,
https://cas.res.in/library/PHI-AKTU Final List of Titles.pdf,document,https://cas.res.in/library.html,PHI List of Titles,not_fetched,,,,
https://cas.res.in/library/springer2018.pdf,document,https://cas.res.in/library.html,Springer Ebooks Engineering,not_fetched,,,,
https://cas.res.in/library/springer2022.pdf,document,https://cas.res.in/library.html,Springer Ebooks 2022,not_fetched,,,,
https://cas.res.in/library/T&F.pdf,document,https://cas.res.in/library.html,Taylor & Francis eBook Titles,not_fetched,,,,
https://cas.res.in/images/logo.png,image,https://cas.res.in/library.html,,404,text/html,1245,,
https://cas.res.in/library/images/banner.jpg,image,https://cas.res.in/library.html,,200,image/jpeg,149097,source-assets/images/banner-e4e1fadf159c.jpg,
https://cas.res.in/cas_infra.png,image,https://cas.res.in/geninfra.html,,200,image/png,779342,source-assets/images/cas_infra-7d8410c15e00.png,
https://cas.res.in/icons/campus.JPG,image,https://cas.res.in/geninfra.html,,200,image/jpeg,3526012,source-assets/images/campus-191abaff61a7.jpg,
https://cas.res.in/icons/wifi.png,image,https://cas.res.in/geninfra.html,,200,image/png,9660,source-assets/images/wifi-f8addd3a474b.png,
https://cas.res.in/icons/security.png,image,https://cas.res.in/geninfra.html,,200,image/png,24078,source-assets/images/security-401bd8089f74.png,
https://cas.res.in/icons/hostel.png,image,https://cas.res.in/geninfra.html,,200,image/png,10897,source-assets/images/hostel-3aee14445671.png,
https://cas.res.in/icons/canteen.JPG,image,https://cas.res.in/geninfra.html,,200,image/jpeg,4388312,source-assets/images/canteen-861ca3be9d07.jpg,
https://cas.res.in/icons/sports.JPG,image,https://cas.res.in/geninfra.html,,200,image/jpeg,3963970,source-assets/images/sports-8f98a51a7b5a.jpg,
https://cas.res.in/icons/infrait.jpg,image,https://cas.res.in/geninfra.html,,404,text/html,1245,,
https://cas.res.in/icons/audi.JPG,image,https://cas.res.in/geninfra.html,,200,image/jpeg,4402938,source-assets/images/audi-2fdfdffa21e1.jpg,
https://cas.res.in/icons/moocs.jpg,image,https://cas.res.in/geninfra.html,,200,image/jpeg,113879,source-assets/images/moocs-3b28efe15d08.jpg,
https://cas.res.in/icons/smart.jpeg,image,https://cas.res.in/geninfra.html,,200,image/jpeg,89990,source-assets/images/smart-f9de8d2d1a2e.jpeg,
https://cas.res.in/campustour/img/newlogo5.2.png,image,https://cas.res.in/campustour/index.html,Campus,200,image/png,77663,source-assets/images/newlogo5.2-73636e37895e.png,
https://cas.res.in/campustour/img/1.png,image,https://cas.res.in/campustour/index.html,Campus,200,image/png,779342,source-assets/images/1-6b0cbb214092.png,
https://cas.res.in/campustour/img/5.JPG,image,https://cas.res.in/campustour/index.html,Campus,200,image/jpeg,346653,source-assets/images/5-a5d54dc84361.jpg,
https://cas.res.in/campustour/img/3.JPG,image,https://cas.res.in/campustour/index.html,Campus,200,image/jpeg,336153,source-assets/images/3-d79113381dee.jpg,
https://cas.res.in/campustour/img/4.JPG,image,https://cas.res.in/campustour/index.html,Campus,200,image/jpeg,371230,source-assets/images/4-bc803ec1f7ad.jpg,
https://cas.res.in/campustour/img/ailab/1.jpg,image,https://cas.res.in/campustour/index.html,AI Lab,200,image/jpeg,192306,source-assets/images/1-e4018fb8ecf1.jpg,
https://cas.res.in/campustour/img/ailab/2.jpg,image,https://cas.res.in/campustour/index.html,AI Lab,200,image/jpeg,147396,source-assets/images/2-0cedd6cb3b2b.jpg,
https://cas.res.in/campustour/img/ailab/3.jpg,image,https://cas.res.in/campustour/index.html,AI Lab,200,image/jpeg,265562,source-assets/images/3-60855a164895.jpg,
https://cas.res.in/campustour/img/ailab/4.jpg,image,https://cas.res.in/campustour/index.html,AI Lab,200,image/jpeg,202380,source-assets/images/4-3c46c1324204.jpg,
https://cas.res.in/campustour/img/library/1.jpg,image,https://cas.res.in/campustour/index.html,Library,200,image/jpeg,274573,source-assets/images/1-db0bf91c54e9.jpg,
https://cas.res.in/campustour/img/library/2.jpg,image,https://cas.res.in/campustour/index.html,Library,200,image/jpeg,300879,source-assets/images/2-e12bc70e534b.jpg,
https://cas.res.in/campustour/img/library/3.jpg,image,https://cas.res.in/campustour/index.html,Library,200,image/jpeg,229725,source-assets/images/3-3e3165184a5b.jpg,
https://cas.res.in/campustour/img/library/4.jpg,image,https://cas.res.in/campustour/index.html,Library,200,image/jpeg,210614,source-assets/images/4-34063d4e9ecc.jpg,
https://cas.res.in/campustour/img/cyberlab/2.jpg,image,https://cas.res.in/campustour/index.html,Cyber Security Lab,200,image/jpeg,226963,source-assets/images/2-0115c01344fa.jpg,
https://cas.res.in/campustour/img/cyberlab/3.jpg,image,https://cas.res.in/campustour/index.html,Cyber Security Lab,200,image/jpeg,249881,source-assets/images/3-668a58dfd590.jpg,
https://cas.res.in/campustour/img/cyberlab/5.jpg,image,https://cas.res.in/campustour/index.html,Cyber Security Lab,200,image/jpeg,202674,source-assets/images/5-119a0fd0e142.jpg,
https://cas.res.in/campustour/img/cyberlab/1.jpg,image,https://cas.res.in/campustour/index.html,Cyber Security Lab,200,image/jpeg,170468,source-assets/images/1-d27cd082f1a0.jpg,
https://cas.res.in/campustour/img/classroom/1.jpg,image,https://cas.res.in/campustour/index.html,Smart Classroom,200,image/jpeg,98726,source-assets/images/1-b2ca4881e348.jpg,
https://cas.res.in/campustour/img/classroom/2.jpg,image,https://cas.res.in/campustour/index.html,Smart Classroom,200,image/jpeg,192551,source-assets/images/2-663aa21080c9.jpg,
https://cas.res.in/campustour/img/classroom/3.jpg,image,https://cas.res.in/campustour/index.html,Smart Classroom,200,image/jpeg,186112,source-assets/images/3-669366fe798c.jpg,
https://cas.res.in/campustour/img/classroom/4.jpg,image,https://cas.res.in/campustour/index.html,Smart Classroom,200,image/jpeg,201933,source-assets/images/4-c1e05c790833.jpg,
https://cas.res.in/campustour/img/3dlab/1.jpg,image,https://cas.res.in/campustour/index.html,3D Lab,200,image/jpeg,280212,source-assets/images/1-a26e05f352cd.jpg,
https://cas.res.in/campustour/img/3dlab/2.jpg,image,https://cas.res.in/campustour/index.html,3D Lab,200,image/jpeg,112895,source-assets/images/2-e02b0f1d7ed1.jpg,
https://cas.res.in/campustour/img/3dlab/3.jpg,image,https://cas.res.in/campustour/index.html,3D Lab,200,image/jpeg,117337,source-assets/images/3-42a89367c41f.jpg,
https://cas.res.in/campustour/img/3dlab/4.jpg,image,https://cas.res.in/campustour/index.html,3D Lab,200,image/jpeg,227461,source-assets/images/4-a8387579e1ce.jpg,
https://cas.res.in/campustour/img/commonroom/1.jpg,image,https://cas.res.in/campustour/index.html,Indoor Games,200,image/jpeg,204957,source-assets/images/1-cb75f7ca21f4.jpg,
https://cas.res.in/campustour/img/commonroom/2.jpg,image,https://cas.res.in/campustour/index.html,Indoor Games,200,image/jpeg,243123,source-assets/images/2-2ec8dc600429.jpg,
https://cas.res.in/campustour/img/commonroom/3.jpeg,image,https://cas.res.in/campustour/index.html,Indoor Games,200,image/jpeg,101184,source-assets/images/3-c3403af3aa42.jpeg,
https://cas.res.in/campustour/img/commonroom/4.jpg,image,https://cas.res.in/campustour/index.html,Indoor Games,200,image/jpeg,216650,source-assets/images/4-ccec8fb2c96b.jpg,
https://cas.res.in/campustour/img/corridor/1.jpg,image,https://cas.res.in/campustour/index.html,Wings,200,image/jpeg,194382,source-assets/images/1-b52fe34551f5.jpg,
https://cas.res.in/campustour/img/corridor/2.jpg,image,https://cas.res.in/campustour/index.html,Wings,200,image/jpeg,204192,source-assets/images/2-d10fe0363510.jpg,
https://cas.res.in/campustour/img/corridor/3.jpg,image,https://cas.res.in/campustour/index.html,Wings,200,image/jpeg,181780,source-assets/images/3-66896ee844b6.jpg,
https://cas.res.in/campustour/img/corridor/4.jpg,image,https://cas.res.in/campustour/index.html,Wings,200,image/jpeg,191254,source-assets/images/4-46faf9320821.jpg,
https://cas.res.in/campustour/img/ssbhall/1.jpg,image,https://cas.res.in/campustour/index.html,Seminar Hall,200,image/jpeg,141227,source-assets/images/1-7e10e3770c0e.jpg,
https://cas.res.in/campustour/img/ssbhall/2.jpg,image,https://cas.res.in/campustour/index.html,Seminar Hall,200,image/jpeg,172983,source-assets/images/2-5402c7988f73.jpg,
https://cas.res.in/campustour/img/ssbhall/3.jpg,image,https://cas.res.in/campustour/index.html,Seminar Hall,200,image/jpeg,225772,source-assets/images/3-df2f286ba2b6.jpg,
https://cas.res.in/campustour/img/ssbhall/4.jpg,image,https://cas.res.in/campustour/index.html,Seminar Hall,200,image/jpeg,185272,source-assets/images/4-02ca26960854.jpg,
https://cas.res.in/campustour/img/moocroom/1.jpg,image,https://cas.res.in/campustour/index.html,Mooc's Room,200,image/jpeg,117019,source-assets/images/1-8534d607496c.jpg,
https://cas.res.in/campustour/img/moocroom/2.jpg,image,https://cas.res.in/campustour/index.html,Mooc's Room,200,image/jpeg,188883,source-assets/images/2-23a4ef59e8c1.jpg,
https://cas.res.in/campustour/img/moocroom/3.jpg,image,https://cas.res.in/campustour/index.html,Mooc's Room,200,image/jpeg,154985,source-assets/images/3-260052b21c6a.jpg,
https://cas.res.in/campustour/img/moocroom/4.jpg,image,https://cas.res.in/campustour/index.html,Mooc's Room,200,image/jpeg,113879,source-assets/images/4-57ee06ff0e16.jpg,
https://cas.res.in/campustour/img/googlelab/1.jpg,image,https://cas.res.in/campustour/index.html,Google Developer Lab,200,image/jpeg,84654,source-assets/images/1-0b05e79045fa.jpg,
https://cas.res.in/campustour/img/googlelab/2.jpg,image,https://cas.res.in/campustour/index.html,Google Developer Lab,200,image/jpeg,239805,source-assets/images/2-9a9c1c576022.jpg,
https://cas.res.in/campustour/img/googlelab/3.jpg,image,https://cas.res.in/campustour/index.html,Google Developer Lab,200,image/jpeg,197856,source-assets/images/3-326c6407dbba.jpg,
https://cas.res.in/campustour/img/googlelab/4.jpg,image,https://cas.res.in/campustour/index.html,Google Developer Lab,200,image/jpeg,229227,source-assets/images/4-69add6da0d7e.jpg,
https://cas.res.in/campustour/img/materiallab/1.jpg,image,https://cas.res.in/campustour/index.html,Materials Chemistry & Synthesis Lab,200,image/jpeg,152082,source-assets/images/1-1f96312a71ea.jpg,
https://cas.res.in/campustour/img/materiallab/2.jpg,image,https://cas.res.in/campustour/index.html,Materials Chemistry & Synthesis Lab,200,image/jpeg,195343,source-assets/images/2-16a7bfb0d4f5.jpg,
https://cas.res.in/campustour/img/materiallab/3.jpg,image,https://cas.res.in/campustour/index.html,Materials Chemistry & Synthesis Lab,200,image/jpeg,196088,source-assets/images/3-fb8defe50f10.jpg,
https://cas.res.in/campustour/img/materiallab/4.jpg,image,https://cas.res.in/campustour/index.html,Materials Chemistry & Synthesis Lab,200,image/jpeg,218114,source-assets/images/4-0bd47e2301fe.jpg,
https://cas.res.in/campustour/img/languagelab/1.jpg,image,https://cas.res.in/campustour/index.html,Language Lab,200,image/jpeg,239842,source-assets/images/1-8696236fefc5.jpg,
https://cas.res.in/campustour/img/languagelab/2.jpg,image,https://cas.res.in/campustour/index.html,Language Lab,200,image/jpeg,231729,source-assets/images/2-5fbe8c51f750.jpg,
https://cas.res.in/campustour/img/languagelab/3.jpg,image,https://cas.res.in/campustour/index.html,Language Lab,200,image/jpeg,172588,source-assets/images/3-a58fe433cc77.jpg,
https://cas.res.in/campustour/img/languagelab/4.jpg,image,https://cas.res.in/campustour/index.html,Language Lab,200,image/jpeg,200777,source-assets/images/4-f23d89ecb82a.jpg,
https://cas.res.in/campustour/img/nanolab/1.jpg,image,https://cas.res.in/campustour/index.html,Micro-nano characterization Facility,200,image/jpeg,136196,source-assets/images/1-02709494b801.jpg,
https://cas.res.in/campustour/img/nanolab/2.jpg,image,https://cas.res.in/campustour/index.html,Micro-nano characterization Facility,200,image/jpeg,125043,source-assets/images/2-84a08ab050f7.jpg,
https://cas.res.in/campustour/img/nanolab/3.jpg,image,https://cas.res.in/campustour/index.html,Micro-nano characterization Facility,200,image/jpeg,118919,source-assets/images/3-8fcdde5cdf31.jpg,
https://cas.res.in/campustour/img/nanolab/4.jpg,image,https://cas.res.in/campustour/index.html,Micro-nano characterization Facility,200,image/jpeg,113084,source-assets/images/4-41f19077f0e7.jpg,
https://cas.res.in/campustour/img/gpl/1.jpg,image,https://cas.res.in/campustour/index.html,General Purpose Lab,200,image/jpeg,151959,source-assets/images/1-dde4ebf0690e.jpg,
https://cas.res.in/campustour/img/gpl/2.jpg,image,https://cas.res.in/campustour/index.html,General Purpose Lab,200,image/jpeg,163085,source-assets/images/2-f28f86dc5d39.jpg,
https://cas.res.in/campustour/img/gpl/3.jpg,image,https://cas.res.in/campustour/index.html,General Purpose Lab,200,image/jpeg,246725,source-assets/images/3-32d3e806e7c2.jpg,
https://cas.res.in/campustour/img/gpl/4.jpg,image,https://cas.res.in/campustour/index.html,General Purpose Lab,200,image/jpeg,243598,source-assets/images/4-8692af3b5e0b.jpg,
https://cas.res.in/campustour/img/linuxlab/1.jpg,image,https://cas.res.in/campustour/index.html,Linux Lab,200,image/jpeg,186192,source-assets/images/1-58c6b554f877.jpg,
https://cas.res.in/campustour/img/linuxlab/3.jpg,image,https://cas.res.in/campustour/index.html,Linux Lab,200,image/jpeg,172588,source-assets/images/3-7195df9b8e78.jpg,
https://cas.res.in/campustour/img/linuxlab/4.jpg,image,https://cas.res.in/campustour/index.html,Linux Lab,200,image/jpeg,134662,source-assets/images/4-619a2edb966f.jpg,
https://cas.res.in/campustour/img/linuxlab/2.jpg,image,https://cas.res.in/campustour/index.html,Linux Lab,200,image/jpeg,231729,source-assets/images/2-c564b57b8866.jpg,
https://cas.res.in/campustour/img/automationlab/1.jpg,image,https://cas.res.in/campustour/index.html,Industrial Automation Lab,200,image/jpeg,205044,source-assets/images/1-7cb50bf3cd56.jpg,
https://cas.res.in/campustour/img/automationlab/3.jpg,image,https://cas.res.in/campustour/index.html,Industrial Automation Lab,200,image/jpeg,226162,source-assets/images/3-64f20bd9819f.jpg,
https://cas.res.in/campustour/img/automationlab/2.jpg,image,https://cas.res.in/campustour/index.html,Industrial Automation Lab,200,image/jpeg,195246,source-assets/images/2-93fd68a4c727.jpg,
https://cas.res.in/campustour/img/automationlab/4.jpg,image,https://cas.res.in/campustour/index.html,Industrial Automation Lab,200,image/jpeg,226045,source-assets/images/4-487544396541.jpg,
https://cas.res.in/campustour/img/robolab/1.jpeg,image,https://cas.res.in/campustour/index.html,IndustrialRobotic Center,200,image/jpeg,66193,source-assets/images/1-5fcd0cbb627a.jpeg,
https://cas.res.in/campustour/img/robolab/3.jpeg,image,https://cas.res.in/campustour/index.html,Industrial Robotic Center,200,image/jpeg,93982,source-assets/images/3-1495d13ba868.jpeg,
https://cas.res.in/campustour/img/robolab/2.jpeg,image,https://cas.res.in/campustour/index.html,Industrial Robotic Center,200,image/jpeg,64494,source-assets/images/2-fd8569dc3e8a.jpeg,
https://cas.res.in/campustour/img/robolab/4.jpeg,image,https://cas.res.in/campustour/index.html,Industrial Robotic Center,200,image/jpeg,84100,source-assets/images/4-648114e9bcf7.jpeg,
https://cas.res.in/images/innov/int2.jpg,image,https://cas.res.in/studentinno.html,,200,image/jpeg,231777,source-assets/images/int2-918742309094.jpg,
https://cas.res.in/images/innov/int1.jpg,image,https://cas.res.in/studentinno.html,,200,image/jpeg,197375,source-assets/images/int1-e9a733552795.jpg,
https://cas.res.in/images/convo/1.jpeg,image,https://cas.res.in/gallery.html,,200,image/jpeg,221549,source-assets/images/1-988a6a4d77ee.jpeg,
https://cas.res.in/images/convo/2.jpeg,image,https://cas.res.in/gallery.html,,200,image/jpeg,186577,source-assets/images/2-8c5474510f6a.jpeg,
https://cas.res.in/images/convo/3.jpeg,image,https://cas.res.in/gallery.html,,200,image/jpeg,279109,source-assets/images/3-8d3ee23d57e1.jpeg,
https://cas.res.in/images/convo/4.jpeg,image,https://cas.res.in/gallery.html,,200,image/jpeg,259648,source-assets/images/4-1ce4c50cd294.jpeg,
https://cas.res.in/images/iotwkshp/1.jpeg,image,https://cas.res.in/gallery.html,,200,image/jpeg,161801,source-assets/images/1-31dfe72fcf80.jpeg,
https://cas.res.in/images/iotwkshp/2.jpeg,image,https://cas.res.in/gallery.html,,200,image/jpeg,267941,source-assets/images/2-042cefae1299.jpeg,
https://cas.res.in/images/iotwkshp/3.jpeg,image,https://cas.res.in/gallery.html,,200,image/jpeg,247174,source-assets/images/3-dbfbab2ec35f.jpeg,
https://cas.res.in/images/iotwkshp/4.jpeg,image,https://cas.res.in/gallery.html,,200,image/jpeg,282786,source-assets/images/4-c73c601205bf.jpeg,
https://cas.res.in/images/techmin/1.jpg,image,https://cas.res.in/gallery.html,,200,image/jpeg,248778,source-assets/images/1-f15acb095336.jpg,
https://cas.res.in/images/techmin/2.jpg,image,https://cas.res.in/gallery.html,,200,image/jpeg,187993,source-assets/images/2-9d38fe355742.jpg,
https://cas.res.in/images/techmin/3.jpg,image,https://cas.res.in/gallery.html,,200,image/jpeg,384100,source-assets/images/3-01aa98b6ce9c.jpg,
https://cas.res.in/images/techmin/4.jpg,image,https://cas.res.in/gallery.html,,200,image/jpeg,236407,source-assets/images/4-9facbbcc19ac.jpg,
https://cas.res.in/images/ai/1.jpeg,image,https://cas.res.in/gallery.html,,200,image/jpeg,131320,source-assets/images/1-4bfa0c3dd7c3.jpeg,
https://cas.res.in/images/ai/2.jpeg,image,https://cas.res.in/gallery.html,,200,image/jpeg,134394,source-assets/images/2-f6cf01b247a3.jpeg,
https://cas.res.in/images/ai/3.jpeg,image,https://cas.res.in/gallery.html,,200,image/jpeg,96430,source-assets/images/3-35dabbb24894.jpeg,
https://cas.res.in/images/ai/4.jpeg,image,https://cas.res.in/gallery.html,,200,image/jpeg,110131,source-assets/images/4-7a5c21d5d426.jpeg,
https://cas.res.in/images/techfest/1.jpg,image,https://cas.res.in/gallery.html,,200,image/jpeg,357352,source-assets/images/1-9b669eed82ab.jpg,
https://cas.res.in/images/techfest/2.jpg,image,https://cas.res.in/gallery.html,,200,image/jpeg,282658,source-assets/images/2-7d3eb5cfac85.jpg,
https://cas.res.in/images/techfest/3.jpg,image,https://cas.res.in/gallery.html,,200,image/jpeg,313554,source-assets/images/3-968be69ae928.jpg,
https://cas.res.in/images/techfest/4.jpg,image,https://cas.res.in/gallery.html,,200,image/jpeg,299474,source-assets/images/4-455d6bb1e7aa.jpg,
https://cas.res.in/images/ic3a/1.jpg,image,https://cas.res.in/gallery.html,,200,image/jpeg,205514,source-assets/images/1-c7426a419f2d.jpg,
https://cas.res.in/images/ic3a/7.jpg,image,https://cas.res.in/gallery.html,,200,image/jpeg,210684,source-assets/images/7-5f19d1196eb3.jpg,
https://cas.res.in/images/ic3a/10.jpg,image,https://cas.res.in/gallery.html,,200,image/jpeg,514587,source-assets/images/10-548f390147e8.jpg,
https://cas.res.in/images/ic3a/4.jpg,image,https://cas.res.in/gallery.html,,200,image/jpeg,242256,source-assets/images/4-79b43557b960.jpg,
https://cas.res.in/images/unity/1.jpg,image,https://cas.res.in/gallery.html,,200,image/jpeg,126650,source-assets/images/1-acfc8d66dbc3.jpg,
https://cas.res.in/images/unity/2.jpg,image,https://cas.res.in/gallery.html,,200,image/jpeg,139577,source-assets/images/2-d0959a6396ef.jpg,
https://cas.res.in/images/unity/3.jpg,image,https://cas.res.in/gallery.html,,200,image/jpeg,139577,source-assets/images/3-f66c8624dd0c.jpg,
https://cas.res.in/images/unity/5.jpg,image,https://cas.res.in/gallery.html,,200,image/jpeg,243969,source-assets/images/5-cea877a8654c.jpg,
https://cas.res.in/images/raisingday/1.jpg,image,https://cas.res.in/gallery.html,,200,image/jpeg,69503,source-assets/images/1-f60681750d41.jpg,
https://cas.res.in/images/raisingday/5.jpg,image,https://cas.res.in/gallery.html,,200,image/jpeg,71034,source-assets/images/5-3f78663ce9f9.jpg,
https://cas.res.in/images/raisingday/3.jpg,image,https://cas.res.in/gallery.html,,200,image/jpeg,79013,source-assets/images/3-72c42fa51b79.jpg,
https://cas.res.in/images/raisingday/2.jpg,image,https://cas.res.in/gallery.html,,200,image/jpeg,71942,source-assets/images/2-e0663a472e84.jpg,
https://cas.res.in/images/innoidea/1.jpg,image,https://cas.res.in/gallery.html,,200,image/jpeg,100879,source-assets/images/1-81286f5a9ed3.jpg,
https://cas.res.in/images/innoidea/5.jpg,image,https://cas.res.in/gallery.html,,200,image/jpeg,134800,source-assets/images/5-261e6d9754a0.jpg,
https://cas.res.in/images/innoidea/3.jpg,image,https://cas.res.in/gallery.html,,200,image/jpeg,110446,source-assets/images/3-d593c5c5516a.jpg,
https://cas.res.in/images/innoidea/4.jpg,image,https://cas.res.in/gallery.html,,200,image/jpeg,115328,source-assets/images/4-fda456f6b1bc.jpg,
https://cas.res.in/images/cycity/1.jpg,image,https://cas.res.in/gallery.html,,200,image/jpeg,116159,source-assets/images/1-d866350e585c.jpg,
https://cas.res.in/images/cycity/5.jpg,image,https://cas.res.in/gallery.html,,200,image/jpeg,129116,source-assets/images/5-89ecb203a5f9.jpg,
https://cas.res.in/images/cycity/3.jpg,image,https://cas.res.in/gallery.html,,200,image/jpeg,140777,source-assets/images/3-367af3af1a49.jpg,
https://cas.res.in/images/cycity/4.jpg,image,https://cas.res.in/gallery.html,,200,image/jpeg,117955,source-assets/images/4-d18555b2d4d8.jpg,
https://cas.res.in/images/gdcl/1.jpg,image,https://cas.res.in/gallery.html,,200,image/jpeg,231944,source-assets/images/1-55aaea989b9f.jpg,
https://cas.res.in/images/gdcl/2.jpg,image,https://cas.res.in/gallery.html,,200,image/jpeg,355178,source-assets/images/2-f4f679d54fd8.jpg,
https://cas.res.in/images/gdcl/3.jpg,image,https://cas.res.in/gallery.html,,200,image/jpeg,291495,source-assets/images/3-c8f0f1f3aac7.jpg,
https://cas.res.in/images/gdcl/4.jpg,image,https://cas.res.in/gallery.html,,200,image/jpeg,335705,source-assets/images/4-e3f5a3765261.jpg,
https://cas.res.in/images/Lecture1/1.jpg,image,https://cas.res.in/gallery.html,,200,image/jpeg,325085,source-assets/images/1-176dc6ff650d.jpg,
https://cas.res.in/images/Lecture1/2.jpg,image,https://cas.res.in/gallery.html,,200,image/jpeg,313195,source-assets/images/2-18a729530b68.jpg,
https://cas.res.in/images/Lecture1/3.jpg,image,https://cas.res.in/gallery.html,,200,image/jpeg,149985,source-assets/images/3-9549cc59e52a.jpg,
https://cas.res.in/images/Lecture1/4.jpg,image,https://cas.res.in/gallery.html,,200,image/jpeg,179525,source-assets/images/4-01eaaabc5bf8.jpg,
https://cas.res.in/images/python/py5.jpg,image,https://cas.res.in/gallery.html,,200,image/jpeg,229752,source-assets/images/py5-632d6d817220.jpg,
https://cas.res.in/images/python/py6.jpg,image,https://cas.res.in/gallery.html,,200,image/jpeg,208953,source-assets/images/py6-ec90796b2ee3.jpg,
https://cas.res.in/images/python/py3.jpg,image,https://cas.res.in/gallery.html,,200,image/jpeg,192593,source-assets/images/py3-710f3a84fde8.jpg,
https://cas.res.in/images/python/py1.jpg,image,https://cas.res.in/gallery.html,,200,image/jpeg,231273,source-assets/images/py1-aa3e36bc3aa5.jpg,
https://cas.res.in/images/teacher's day/1.jpg,image,https://cas.res.in/gallery.html,,200,image/jpeg,57488,source-assets/images/1-cd1f07a47132.jpg,
https://cas.res.in/images/teacher's day/2.jpg,image,https://cas.res.in/gallery.html,,200,image/jpeg,50540,source-assets/images/2-610ea1fff8b7.jpg,
https://cas.res.in/images/teacher's day/6.jpg,image,https://cas.res.in/gallery.html,,200,image/jpeg,61997,source-assets/images/6-6eecacc1ff09.jpg,
https://cas.res.in/images/teacher's day/4.jpg,image,https://cas.res.in/gallery.html,,200,image/jpeg,68728,source-assets/images/4-5076e8d02aec.jpg,
https://cas.res.in/images/Orientation/1.jpg,image,https://cas.res.in/gallery.html,,200,image/jpeg,22193,source-assets/images/1-1e1dcbbeac14.jpg,
https://cas.res.in/images/Orientation/2.jpg,image,https://cas.res.in/gallery.html,,200,image/jpeg,20616,source-assets/images/2-53b501104bae.jpg,
https://cas.res.in/images/Orientation/5.jpg,image,https://cas.res.in/gallery.html,,200,image/jpeg,32091,source-assets/images/5-41e66c83fe92.jpg,
https://cas.res.in/images/Orientation/4.jpg,image,https://cas.res.in/gallery.html,,200,image/jpeg,20912,source-assets/images/4-31519a984367.jpg,
https://cas.res.in/images/foundation_day/1.jpg,image,https://cas.res.in/gallery.html,,200,image/jpeg,116686,source-assets/images/1-6d55dd36acd6.jpg,
https://cas.res.in/images/foundation_day/2.jpg,image,https://cas.res.in/gallery.html,,200,image/jpeg,115439,source-assets/images/2-3a216e489df9.jpg,
https://cas.res.in/images/foundation_day/3.jpg,image,https://cas.res.in/gallery.html,,200,image/jpeg,121348,source-assets/images/3-a8befa156c7b.jpg,
https://cas.res.in/images/foundation_day/4.jpg,image,https://cas.res.in/gallery.html,,200,image/jpeg,98006,source-assets/images/4-62d8a735121d.jpg,
https://cas.res.in/images/Jio/1.jpg,image,https://cas.res.in/gallery.html,,200,image/jpeg,162378,source-assets/images/1-661339741c98.jpg,
https://cas.res.in/images/Jio/2.jpg,image,https://cas.res.in/gallery.html,,200,image/jpeg,136397,source-assets/images/2-9328b1807bd1.jpg,
https://cas.res.in/images/Jio/3.jpg,image,https://cas.res.in/gallery.html,,200,image/jpeg,113208,source-assets/images/3-96f77c6a9648.jpg,
https://cas.res.in/images/Jio/4.jpg,image,https://cas.res.in/gallery.html,,200,image/jpeg,178064,source-assets/images/4-6e760e59f36b.jpg,
https://cas.res.in/images/cybersec/1.jpg,image,https://cas.res.in/gallery.html,,200,image/jpeg,1788630,source-assets/images/1-3bfebe7c8397.jpg,
https://cas.res.in/images/cybersec/2.jpg,image,https://cas.res.in/gallery.html,,200,image/jpeg,2690449,source-assets/images/2-7cbcb681189b.jpg,
https://cas.res.in/images/cybersec/3.jpg,image,https://cas.res.in/gallery.html,,200,image/jpeg,2068147,source-assets/images/3-0a9ffe7f4952.jpg,
https://cas.res.in/images/cybersec/4.jpg,image,https://cas.res.in/gallery.html,,200,image/jpeg,2437379,source-assets/images/4-a93d279f3991.jpg,
https://cas.res.in/images/Miscellanous/1.jpg,image,https://cas.res.in/gallery.html,,200,image/jpeg,200079,source-assets/images/1-1a7c8772d977.jpg,
https://cas.res.in/images/Miscellanous/2.jpg,image,https://cas.res.in/gallery.html,,200,image/jpeg,241645,source-assets/images/2-29351e0928b3.jpg,
https://cas.res.in/images/Miscellanous/3.jpg,image,https://cas.res.in/gallery.html,,200,image/jpeg,292772,source-assets/images/3-b6c92fd5fb42.jpg,
https://cas.res.in/images/Miscellanous/4.jpg,image,https://cas.res.in/gallery.html,,200,image/jpeg,311983,source-assets/images/4-d75bca269ee6.jpg,
https://cas.res.in/images/python/1.jpg,image,https://cas.res.in/gallery.html,,200,image/jpeg,53932,source-assets/images/1-aab9d938ce00.jpg,
https://cas.res.in/images/python/2.jpg,image,https://cas.res.in/gallery.html,,200,image/jpeg,37468,source-assets/images/2-73940eb244c9.jpg,
https://cas.res.in/images/python/3.jpg,image,https://cas.res.in/gallery.html,,200,image/jpeg,24065,source-assets/images/3-97838e03654c.jpg,
https://cas.res.in/images/python/4.jpg,image,https://cas.res.in/gallery.html,,200,image/jpeg,29019,source-assets/images/4-dc033bd4b7dc.jpg,
https://cas.res.in/images/fdpgoogle/1.jpg,image,https://cas.res.in/gallery.html,,200,image/jpeg,122394,source-assets/images/1-3ece273cd553.jpg,
https://cas.res.in/images/fdpgoogle/2.jpg,image,https://cas.res.in/gallery.html,,200,image/jpeg,115114,source-assets/images/2-ad7c46295bdc.jpg,
https://cas.res.in/images/fdpgoogle/3.jpg,image,https://cas.res.in/gallery.html,,200,image/jpeg,156379,source-assets/images/3-4c1420fb06fa.jpg,
https://cas.res.in/images/bod/1.jpg,image,https://cas.res.in/gallery.html,,200,image/jpeg,205206,source-assets/images/1-90fcc72b092b.jpg,
https://cas.res.in/images/bod/2.jpg,image,https://cas.res.in/gallery.html,,200,image/jpeg,197707,source-assets/images/2-93376dcfcd03.jpg,
https://cas.res.in/images/bod/3.jpg,image,https://cas.res.in/gallery.html,,200,image/jpeg,168123,source-assets/images/3-6fee1d6f5e8a.jpg,
https://cas.res.in/images/bod/4.jpg,image,https://cas.res.in/gallery.html,,200,image/jpeg,129447,source-assets/images/4-b1e65695e002.jpg,
https://cas.res.in/images/cultural/cl21.jpg,image,https://cas.res.in/gallery.html,,200,image/jpeg,156504,source-assets/images/cl21-c4c8d224d6fb.jpg,
https://cas.res.in/images/cultural/cl2.jpg,image,https://cas.res.in/gallery.html,,200,image/jpeg,134386,source-assets/images/cl2-a9219695af58.jpg,
https://cas.res.in/images/cultural/cl6.jpg,image,https://cas.res.in/gallery.html,,200,image/jpeg,210573,source-assets/images/cl6-d4e34fdd86c7.jpg,
https://cas.res.in/images/cultural/cl8.jpg,image,https://cas.res.in/gallery.html,,200,image/jpeg,205534,source-assets/images/cl8-fab8a8e02018.jpg,
https://cas.res.in/images/inaug/big8.jpg,image,https://cas.res.in/gallery.html,,200,image/jpeg,304596,source-assets/images/big8-046ce0b83f58.jpg,
https://cas.res.in/images/inaug/big7.jpg,image,https://cas.res.in/gallery.html,,200,image/jpeg,303383,source-assets/images/big7-61fa498e9286.jpg,
https://cas.res.in/images/inaug/big5.jpg,image,https://cas.res.in/gallery.html,,200,image/jpeg,268552,source-assets/images/big5-8b293ec4454f.jpg,
https://cas.res.in/images/inaug/big4.jpg,image,https://cas.res.in/gallery.html,,200,image/jpeg,207483,source-assets/images/big4-7965bf8d63c4.jpg,
https://cas.res.in/images/media/dr1.jpeg,image,https://cas.res.in/media.html,,200,image/jpeg,212860,source-assets/images/dr1-27e56738c133.jpeg,
https://cas.res.in/images/media/dr2.jpeg,image,https://cas.res.in/media.html,,200,image/jpeg,64046,source-assets/images/dr2-98b70cc14818.jpeg,
https://cas.res.in/images/media/dr3.jpeg,image,https://cas.res.in/media.html,,200,image/jpeg,254957,source-assets/images/dr3-a1a4d2416348.jpeg,
https://cas.res.in/images/media/83.jpeg,image,https://cas.res.in/media.html,,200,image/jpeg,372846,source-assets/images/83-00cd5c94be5d.jpeg,
https://cas.res.in/images/media/c1.jpeg,image,https://cas.res.in/media.html,,200,image/jpeg,143651,source-assets/images/c1-9e3ef5bceebf.jpeg,
https://cas.res.in/images/media/81.jpeg,image,https://cas.res.in/media.html,,200,image/jpeg,256039,source-assets/images/81-b640e25fa37c.jpeg,
https://cas.res.in/images/media/82.jpeg,image,https://cas.res.in/media.html,,200,image/jpeg,340491,source-assets/images/82-f5292764d3b1.jpeg,
https://cas.res.in/images/media/76.jpeg,image,https://cas.res.in/media.html,,200,image/jpeg,74587,source-assets/images/76-896127df0915.jpeg,
https://cas.res.in/images/media/84.jpeg,image,https://cas.res.in/media.html,,200,image/jpeg,270469,source-assets/images/84-010cb4b6d5f7.jpeg,
https://cas.res.in/images/media/77.jpeg,image,https://cas.res.in/media.html,,200,image/jpeg,161823,source-assets/images/77-7434db80a4c4.jpeg,
https://cas.res.in/images/media/78.jpeg,image,https://cas.res.in/media.html,,200,image/jpeg,225051,source-assets/images/78-d6c111cd4286.jpeg,
https://cas.res.in/images/media/79.jpeg,image,https://cas.res.in/media.html,,200,image/jpeg,155087,source-assets/images/79-0a666f82168b.jpeg,
https://cas.res.in/images/media/72.jpeg,image,https://cas.res.in/media.html,,200,image/jpeg,131957,source-assets/images/72-e31d6fc4112a.jpeg,
https://cas.res.in/images/media/73.jpeg,image,https://cas.res.in/media.html,,200,image/jpeg,82585,source-assets/images/73-fb1755e8e214.jpeg,
https://cas.res.in/images/media/74.jpeg,image,https://cas.res.in/media.html,,200,image/jpeg,180004,source-assets/images/74-250684a818e1.jpeg,
https://cas.res.in/images/media/75.jpeg,image,https://cas.res.in/media.html,,200,image/jpeg,115864,source-assets/images/75-ea66e47ff73b.jpeg,
https://cas.res.in/images/media/64.jpg,image,https://cas.res.in/media.html,,200,image/jpeg,145916,source-assets/images/64-214869648bdf.jpg,
https://cas.res.in/images/media/58.jpeg,image,https://cas.res.in/media.html,,200,image/jpeg,194999,source-assets/images/58-f5e9315cc767.jpeg,
https://cas.res.in/images/media/57.jpeg,image,https://cas.res.in/media.html,,200,image/jpeg,259773,source-assets/images/57-94a5243228b5.jpeg,
https://cas.res.in/images/media/56.jpeg,image,https://cas.res.in/media.html,,200,image/jpeg,99524,source-assets/images/56-3c63e8892874.jpeg,
https://cas.res.in/images/media/52.jpeg,image,https://cas.res.in/media.html,,404,text/html,1245,,
https://cas.res.in/images/media/53.jpg,image,https://cas.res.in/media.html,,200,image/jpeg,99556,source-assets/images/53-7989cdede474.jpg,
https://cas.res.in/images/media/55.jpg,image,https://cas.res.in/media.html,,200,image/jpeg,156198,source-assets/images/55-1b8ebcc43bef.jpg,
https://cas.res.in/images/media/50.jpg,image,https://cas.res.in/media.html,,200,image/jpeg,171379,source-assets/images/50-4ef6a109ae83.jpg,
https://cas.res.in/images/media/51.jpg,image,https://cas.res.in/media.html,,200,image/jpeg,160171,source-assets/images/51-135d5087b003.jpg,
https://cas.res.in/images/media/21.jpeg,image,https://cas.res.in/media.html,,200,image/jpeg,142674,source-assets/images/21-cfbaeb1a6403.jpeg,
https://cas.res.in/images/media/49.jpg,image,https://cas.res.in/media.html,,200,image/jpeg,113750,source-assets/images/49-cec706cdff89.jpg,
https://cas.res.in/images/media/45.jpg,image,https://cas.res.in/media.html,,200,image/jpeg,127118,source-assets/images/45-824e836b0244.jpg,
https://cas.res.in/images/media/48.jpg,image,https://cas.res.in/media.html,,200,image/jpeg,155733,source-assets/images/48-c795cf2344d9.jpg,
https://cas.res.in/images/media/1.jpg,image,https://cas.res.in/media.html,,200,image/jpeg,240379,source-assets/images/1-cf675443b276.jpg,
https://cas.res.in/images/media/2.jpg,image,https://cas.res.in/media.html,,200,image/jpeg,170365,source-assets/images/2-e4948d046a17.jpg,
https://cas.res.in/images/media/3.jpg,image,https://cas.res.in/media.html,,200,image/jpeg,171823,source-assets/images/3-03c36da3370e.jpg,
https://cas.res.in/images/media/4.jpg,image,https://cas.res.in/media.html,,200,image/jpeg,150381,source-assets/images/4-c3b96e2ffb3b.jpg,
https://cas.res.in/images/media/8.jpg,image,https://cas.res.in/media.html,,200,image/jpeg,229558,source-assets/images/8-56bcdb9367f8.jpg,
https://cas.res.in/images/media/10.jpg,image,https://cas.res.in/media.html,,200,image/jpeg,221250,source-assets/images/10-f737b2162bb9.jpg,
https://cas.res.in/images/media/11.jpg,image,https://cas.res.in/media.html,,200,image/jpeg,216147,source-assets/images/11-0a80daa6bb3d.jpg,
https://cas.res.in/images/media/12.jpg,image,https://cas.res.in/media.html,,200,image/jpeg,43571,source-assets/images/12-8ca6c9db4b8b.jpg,
https://cas.res.in/images/media/13.jpg,image,https://cas.res.in/media.html,,200,image/jpeg,583128,source-assets/images/13-907c78221099.jpg,
https://cas.res.in/images/media/14.jpg,image,https://cas.res.in/media.html,,200,image/jpeg,239429,source-assets/images/14-d9f003020bcb.jpg,
https://cas.res.in/images/media/15.jpg,image,https://cas.res.in/media.html,,200,image/jpeg,272756,source-assets/images/15-161e1b2097a8.jpg,
https://cas.res.in/images/media/16.jpg,image,https://cas.res.in/media.html,,200,image/jpeg,636239,source-assets/images/16-f9c524794e89.jpg,
https://cas.res.in/images/media/17.jpg,image,https://cas.res.in/media.html,,200,image/jpeg,235906,source-assets/images/17-2f3695e07ce1.jpg,
https://cas.res.in/images/media/22.jpg,image,https://cas.res.in/media.html,,200,image/jpeg,102118,source-assets/images/22-9eebad096419.jpg,
https://cas.res.in/images/media/23.jpg,image,https://cas.res.in/media.html,,200,image/jpeg,139222,source-assets/images/23-a2843f42c42c.jpg,
https://cas.res.in/images/media/25.jpg,image,https://cas.res.in/media.html,,200,image/jpeg,140637,source-assets/images/25-d88ae46722bf.jpg,
https://cas.res.in/images/media/26.jpg,image,https://cas.res.in/media.html,,200,image/jpeg,203842,source-assets/images/26-52902a2a0516.jpg,
https://cas.res.in/images/media/27.jpg,image,https://cas.res.in/media.html,,200,image/jpeg,183675,source-assets/images/27-2a71e0c26d88.jpg,
https://cas.res.in/images/media/28.jpg,image,https://cas.res.in/media.html,,200,image/jpeg,348982,source-assets/images/28-c92e7a418b32.jpg,
https://cas.res.in/images/media/40.jpg,image,https://cas.res.in/media.html,,200,image/jpeg,168438,source-assets/images/40-c1cd7918d177.jpg,
https://cas.res.in/images/media/29.jpg,image,https://cas.res.in/media.html,,200,image/jpeg,267668,source-assets/images/29-137482134b4d.jpg,
https://cas.res.in/images/media/30.jpg,image,https://cas.res.in/media.html,,200,image/jpeg,51851,source-assets/images/30-4dcdc21bc147.jpg,
https://cas.res.in/images/media/31.jpg,image,https://cas.res.in/media.html,,200,image/jpeg,228465,source-assets/images/31-602b8649b9ae.jpg,
https://cas.res.in/images/media/32.jpg,image,https://cas.res.in/media.html,,200,image/jpeg,223483,source-assets/images/32-36435356a18a.jpg,
https://cas.res.in/images/media/33.jpg,image,https://cas.res.in/media.html,,200,image/jpeg,352398,source-assets/images/33-9db1dd7fb8fc.jpg,
https://cas.res.in/images/media/34.jpg,image,https://cas.res.in/media.html,,200,image/jpeg,505910,source-assets/images/34-577f74187261.jpg,
https://cas.res.in/images/media/35.jpg,image,https://cas.res.in/media.html,,200,image/jpeg,394647,source-assets/images/35-6a2ea823c086.jpg,
https://cas.res.in/images/media/36.jpg,image,https://cas.res.in/media.html,,200,image/jpeg,485698,source-assets/images/36-cfc3e3cb97fd.jpg,
https://cas.res.in/images/media/37.jpg,image,https://cas.res.in/media.html,,200,image/jpeg,298647,source-assets/images/37-1d6626a93b69.jpg,
https://cas.res.in/images/media/38.jpg,image,https://cas.res.in/media.html,,200,image/jpeg,581570,source-assets/images/38-ff74b9b8c086.jpg,
https://cas.res.in/images/media/39.jpg,image,https://cas.res.in/media.html,,200,image/jpeg,445925,source-assets/images/39-d25fc0958d78.jpg,
https://cas.res.in/images/media/41.jpg,image,https://cas.res.in/media.html,,200,image/jpeg,474377,source-assets/images/41-9438b7ba98d5.jpg,
https://cas.res.in/images/media/42.jpg,image,https://cas.res.in/media.html,,200,image/jpeg,306326,source-assets/images/42-f89e588ebb6a.jpg,
https://cas.res.in/images/media/43.jpg,image,https://cas.res.in/media.html,,200,image/jpeg,303176,source-assets/images/43-b4718b9ac63a.jpg,
https://cas.res.in/images/media/44.jpg,image,https://cas.res.in/media.html,,200,image/jpeg,488311,source-assets/images/44-6e997ad7fca9.jpg,
https://cas.res.in/images/media/46.jpg,image,https://cas.res.in/media.html,,200,image/jpeg,212444,source-assets/images/46-d147925624bf.jpg,
https://cas.res.in/images/media/47.jpg,image,https://cas.res.in/media.html,,200,image/jpeg,113160,source-assets/images/47-ed2d2b168682.jpg,
https://cas.res.in/images/media/5.jpg,image,https://cas.res.in/media.html,,200,image/jpeg,135299,source-assets/images/5-d9a5ad6448d4.jpg,
https://cas.res.in/images/media/6.jpg,image,https://cas.res.in/media.html,,200,image/jpeg,144801,source-assets/images/6-49d382c86d4e.jpg,
https://cas.res.in/images/media/7.jpg,image,https://cas.res.in/media.html,,200,image/jpeg,98895,source-assets/images/7-1f5edc40f18b.jpg,
https://cas.res.in/images/media/54.jpg,image,https://cas.res.in/media.html,,200,image/jpeg,109436,source-assets/images/54-38fc576507c5.jpg,
https://cas.res.in/images/media/24.jpg,image,https://cas.res.in/media.html,,200,image/jpeg,179223,source-assets/images/24-c8767915483d.jpg,
https://cas.res.in/images/media/52.jpg,image,https://cas.res.in/media.html,,200,image/jpeg,161525,source-assets/images/52-681b0a5d7640.jpg,
https://cas.res.in/images/ai11.jpg,image,https://cas.res.in/notices.html,3 day offline Workshop on Artificial Intelligence:Machine Learning & Deep Learning on 10th October to 12th October 2022,200,image/jpeg,390188,source-assets/images/ai11-83f3187ce470.jpg,
https://cas.res.in/pdf/Advertisement for faculty CAS.pdf,document,https://cas.res.in/notices.html,Interview for Faculty Positions (Assistant Professor on contract),not_fetched,,,,
https://cas.res.in/pdf/Shortlisted data for Internship.pdf,document,https://cas.res.in/notices.html,Shortlisted students for Internship 2022,not_fetched,,,,
https://cas.res.in/images/openday.jpeg,image,https://cas.res.in/notices.html,Centre for Advanced Studies hosting Open Day on 20-21 May 2022,200,image/jpeg,498724,source-assets/images/openday-3e63891fe071.jpeg,
https://cas.res.in/pdf/All_Equipments_CAS_23 May 2022 new.pdf,document,https://cas.res.in/notices.html,Research Facilities in the Institute,not_fetched,,,,
https://cas.res.in/pdf/Advertisement for JRF-22 Feb 2022.pdf,document,https://cas.res.in/notices.html,Applications are invited for the Post of Junior Research Fellow (JRF),not_fetched,,,,
https://cas.res.in/pdf/Advertisement for JRF-Nov 2021.pdf,document,https://cas.res.in/notices.html,Applications are invited for the Post of Junior Research Fellow (JRF),not_fetched,,,,
https://cas.res.in/pdf/PhD Leave Rule.pdf,document,https://cas.res.in/notices.html,Leave rules for PhD research scholars,not_fetched,,,,
https://cas.res.in/pdf/3aa5cae1-4c8e-4b96-aeea-cafe0400fef3.jpg,image,https://cas.res.in/notices.html,Monthly research progress presentations by CAS PhD scholars,200,image/jpeg,94490,source-assets/images/3aa5cae1-4c8e-4b96-aeea-cafe0400fef3-d64689106681.jpg,
https://cas.res.in/pdf/ADVT-final-extended.pdf,document,https://cas.res.in/notices.html,M.TECH ADMISSIONS FOR SESSION 2021-22 Last date is extended to 25th July 2021,not_fetched,,,,
https://cas.res.in/pdf/Circular1.pdf,document,https://cas.res.in/notices.html,Annual E-consortium feedetails,not_fetched,,,,
https://cas.res.in/pdf/Scopus Circular.pdf,document,https://cas.res.in/notices.html,Scopus access in CAS digital Library,not_fetched,,,,
https://cas.res.in/pdf/invite.pdf,document,https://cas.res.in/notices.html,"Live Webinar on ""Integrating Scopus in Research Workflow"" ;Tuesday July 7th 2021 at 04:00 PM",not_fetched,,,,
https://cas.res.in/pdf/Web of Science & JCR Online session.pdf,document,https://cas.res.in/notices.html,Live Webinar on web of Science Friday July 2nd 2021 at 04:00 PM,not_fetched,,,,
https://cas.res.in/images/achieve1.jpeg,image,https://cas.res.in/achieve.html,,200,image/jpeg,180071,source-assets/images/achieve1-6aaa02d5efc2.jpeg,
https://cas.res.in/images/achieve2.jpeg,image,https://cas.res.in/achieve.html,,200,image/jpeg,158768,source-assets/images/achieve2-a830af0a8a21.jpeg,
https://cas.res.in/images/achieve5.jpg,image,https://cas.res.in/achieve.html,,200,image/jpeg,175516,source-assets/images/achieve5-aaecfa63707b.jpg,
https://cas.res.in/images/achieve3.jpeg,image,https://cas.res.in/achieve.html,,200,image/jpeg,182735,source-assets/images/achieve3-bcef0f9b9166.jpeg,
https://cas.res.in/images/achieve4.jpg,image,https://cas.res.in/achieve.html,,200,image/jpeg,166512,source-assets/images/achieve4-ab17665b33f8.jpg,
https://cas.res.in/home1/cv.pdf,document,https://cas.res.in/home1/index.html,Download Resume,not_fetched,,,,
https://cas.res.in/home1/img/header-img22b.png,image,https://cas.res.in/home1/index.html,,200,image/png,59806,source-assets/images/header-img22b-9d0eb9d28ccb.png,
https://cas.res.in/images/rschscholar/image008.jpg,image,https://cas.res.in/stdphdcs.html,,200,image/jpeg,4128,source-assets/images/image008-7bcad36eb67b.jpg,
https://cas.res.in/images/rschscholar/image010.jpg,image,https://cas.res.in/stdphdcs.html,,200,image/jpeg,4999,source-assets/images/image010-820c8a8cdc38.jpg,
https://cas.res.in/images/rschscholar/image012.gif,image,https://cas.res.in/stdphdcs.html,,200,image/gif,11530,source-assets/images/image012-291829df8ab2.gif,
https://cas.res.in/images/rschscholar/image014.jpg,image,https://cas.res.in/stdphdcs.html,,200,image/jpeg,5591,source-assets/images/image014-3e8fde81f83b.jpg,
https://cas.res.in/images/rschscholar/image016.jpg,image,https://cas.res.in/stdphdcs.html,,200,image/jpeg,5410,source-assets/images/image016-e99b2727cb11.jpg,
https://cas.res.in/images/rschscholar/image018.jpg,image,https://cas.res.in/stdphdcs.html,,200,image/jpeg,6204,source-assets/images/image018-5eec4fa06986.jpg,
https://cas.res.in/images/rschscholar/image020.jpg,image,https://cas.res.in/stdphdcs.html,,200,image/jpeg,6794,source-assets/images/image020-a1c9e04a673f.jpg,
https://cas.res.in/images/rschscholar/image022.jpg,image,https://cas.res.in/stdphdcs.html,,200,image/jpeg,4885,source-assets/images/image022-1d1f20c47401.jpg,
https://cas.res.in/images/rschscholar/image024.jpg,image,https://cas.res.in/stdphdmecha.html,,200,image/jpeg,9223,source-assets/images/image024-d8969ff29ab6.jpg,
https://cas.res.in/images/rschscholar/image026.jpg,image,https://cas.res.in/stdphdmecha.html,,200,image/jpeg,3895,source-assets/images/image026-8a430908b688.jpg,
https://cas.res.in/images/rschscholar/image028.jpg,image,https://cas.res.in/stdphdmecha.html,,200,image/jpeg,7520,source-assets/images/image028-dd1b712c9857.jpg,
https://cas.res.in/images/rschscholar/image002.jpg,image,https://cas.res.in/stdphdnano.html,,200,image/jpeg,5854,source-assets/images/image002-bbf16246166a.jpg,
https://cas.res.in/images/rschscholar/image004.jpg,image,https://cas.res.in/stdphdnano.html,,200,image/jpeg,7927,source-assets/images/image004-951d8b1ca2e1.jpg,
https://cas.res.in/images/rschscholar/image006.jpg,image,https://cas.res.in/stdphdnano.html,,200,image/jpeg,4406,source-assets/images/image006-01d91b87c9e8.jpg,
https://cas.res.in/pdf/Academic Calender 2020-21 Session EVEN Semester.pdf,document,https://cas.res.in/mtechstudents.html,Academic Calender,not_fetched,,,,
https://cas.res.in/upload/newlogo4.png,image,https://cas.res.in/mtechstudents.html,,404,text/html,1245,,
https://cas.res.in/upload/logo-white.png,image,https://cas.res.in/mtechstudents.html,,404,text/html,1245,,
https://cas.res.in/images/workshop23/Workshop_01.png,image,https://cas.res.in/workshops.html,Workshop Details,200,image/png,1229108,source-assets/images/Workshop_01-51a7ce966726.png,
https://cas.res.in/images/workshop23/Workshop_02.pdf,document,https://cas.res.in/workshops.html,Workshop Details,not_fetched,,,,
https://cas.res.in/images/workshop23/Workshop_03.jpg,image,https://cas.res.in/workshops.html,Workshop Details,200,image/jpeg,324183,source-assets/images/Workshop_03-3790a6cada9f.jpg,
https://cas.res.in/images/workshop23/Workshop_04.jpg,image,https://cas.res.in/workshops.html,Workshop Details,200,image/jpeg,311926,source-assets/images/Workshop_04-bdd62415f398.jpg,
https://cas.res.in/images/workshop23/Workshop_05.png,image,https://cas.res.in/workshops.html,Workshop Details,200,image/png,277223,source-assets/images/Workshop_05-ce488770026c.png,
https://cas.res.in/images/workshop23/Workshop_06.png,image,https://cas.res.in/workshops.html,Workshop Details,200,image/png,1165164,source-assets/images/Workshop_06-0f5e9f3ccabe.png,
https://cas.res.in/images/workshop23/Workshop_07.png,image,https://cas.res.in/workshops.html,Workshop Details,200,image/png,1582959,source-assets/images/Workshop_07-d69ea96c2ab1.png,
https://cas.res.in/images/workshop23/Workshop_08.pdf,document,https://cas.res.in/workshops.html,Workshop Details,not_fetched,,,,
https://cas.res.in/images/workshop23/Workshop_09.png,image,https://cas.res.in/workshops.html,Workshop Details,200,image/png,229152,source-assets/images/Workshop_09-825e42978a7e.png,
https://cas.res.in/images/workshop23/Workshop_10.jpeg,image,https://cas.res.in/workshops.html,Workshop Details,200,image/jpeg,382474,source-assets/images/Workshop_10-e99e17cb9eac.jpeg,
https://cas.res.in/pdf/pdf_flyer/ai3.jpeg,image,https://cas.res.in/workshops.html,Workshop Details,200,image/jpeg,456145,source-assets/images/ai3-13e2afbbcc86.jpeg,
https://cas.res.in/pdf/pdf_flyer/drone1.jpeg,image,https://cas.res.in/workshops.html,Workshop Details,200,image/jpeg,261905,source-assets/images/drone1-153ba8b52cd7.jpeg,
https://cas.res.in/pdf/pdf_flyer/ar1.pdf,document,https://cas.res.in/workshops.html,Workshop Details,not_fetched,,,,
https://cas.res.in/pdf/pdf_flyer/drone.pdf,document,https://cas.res.in/workshops.html,Workshop Details,not_fetched,,,,
https://cas.res.in/pdf/pdf_flyer/ar.pdf,document,https://cas.res.in/workshops.html,Workshop Details,not_fetched,,,,
https://cas.res.in/pdf/pdf_flyer/corrosion.pdf,document,https://cas.res.in/workshops.html,Workshop Details,not_fetched,,,,
https://cas.res.in/pdf/pdf_flyer/blockchain.pdf,document,https://cas.res.in/workshops.html,Workshop Details,not_fetched,,,,
https://cas.res.in/pdf/pdf_flyer/3d.pdf,document,https://cas.res.in/workshops.html,Workshop Details,not_fetched,,,,
https://cas.res.in/pdf/pdf_flyer/industrial_automation.pdf,document,https://cas.res.in/workshops.html,Workshop Details,not_fetched,,,,
https://cas.res.in/pdf/pdf_flyer/AI.pdf,document,https://cas.res.in/workshops.html,Workshop Details,not_fetched,,,,
https://cas.res.in/pdf/pdf_flyer/nano.pdf,document,https://cas.res.in/workshops.html,Workshop Details,not_fetched,,,,
https://cas.res.in/pdf/pdf_flyer/robotics.pdf,document,https://cas.res.in/workshops.html,Workshop Details,not_fetched,,,,
https://cas.res.in/pdf/pdf_flyer/1.pdf,document,https://cas.res.in/workshops.html,Workshop Details,not_fetched,,,,
https://cas.res.in/pdf/pdf_flyer/10.pdf,document,https://cas.res.in/workshops.html,Workshop Details,not_fetched,,,,
https://cas.res.in/pdf/pdf_flyer/9.pdf,document,https://cas.res.in/workshops.html,Workshop Details,not_fetched,,,,
https://cas.res.in/pdf/pdf_flyer/15.pdf,document,https://cas.res.in/workshops.html,Workshop Details,not_fetched,,,,
https://cas.res.in/pdf/pdf_flyer/7.pdf,document,https://cas.res.in/workshops.html,Workshop Details,not_fetched,,,,
https://cas.res.in/pdf/pdf_flyer/14.pdf,document,https://cas.res.in/workshops.html,Workshop Details,not_fetched,,,,
https://cas.res.in/pdf/pdf_flyer/16.pdf,document,https://cas.res.in/workshops.html,Workshop Details,not_fetched,,,,
https://cas.res.in/pdf/pdf_flyer/6.pdf,document,https://cas.res.in/workshops.html,Workshop Details,not_fetched,,,,
https://cas.res.in/pdf/pdf_flyer/3.pdf,document,https://cas.res.in/workshops.html,Workshop Details,not_fetched,,,,
https://cas.res.in/pdf/pdf_flyer/2.pdf,document,https://cas.res.in/workshops.html,Workshop Details,not_fetched,,,,
https://cas.res.in/pdf/pdf_flyer/5.pdf,document,https://cas.res.in/workshops.html,Workshop Details,not_fetched,,,,
https://cas.res.in/pdf/pdf_flyer/13.pdf,document,https://cas.res.in/workshops.html,Workshop Details,not_fetched,,,,
https://cas.res.in/pdf/pdf_flyer/17.pdf,document,https://cas.res.in/workshops.html,Workshop Details,not_fetched,,,,
https://cas.res.in/pdf/pdf_flyer/8.pdf,document,https://cas.res.in/workshops.html,Workshop Details,not_fetched,,,,
https://cas.res.in/pdf/pdf_flyer/4.pdf,document,https://cas.res.in/workshops.html,Workshop Details,not_fetched,,,,
https://cas.res.in/pdf/pdf_flyer/11.pdf,document,https://cas.res.in/workshops.html,Workshop Details,not_fetched,,,,
https://cas.res.in/pdf/pdf_flyer/12.pdf,document,https://cas.res.in/workshops.html,Workshop Details,not_fetched,,,,
https://cas.res.in/internship/img/flyer.pdf,document,https://cas.res.in/internship/,View Flyer,not_fetched,,,,
https://cas.res.in/internship/img/Slide1.JPG,image,https://cas.res.in/internship/,image-1,200,image/jpeg,374819,source-assets/images/Slide1-c7d8bbb5bf68.jpg,
https://cas.res.in/internship/img/Slide2.JPG,image,https://cas.res.in/internship/,image-1,200,image/jpeg,310442,source-assets/images/Slide2-2e454b5b7110.jpg,
https://cas.res.in/pdf/75AKAM/Innovations@CAS.pdf,document,https://cas.res.in/75AKAM.html,Innovation@CAS Magazine,not_fetched,,,,
https://cas.res.in/pdf/75AKAM/Magzine_launch_event.pdf,document,https://cas.res.in/75AKAM.html,Report,not_fetched,,,,
https://cas.res.in/pdf/75AKAM/mini marathon.pdf,document,https://cas.res.in/75AKAM.html,Event Poster,not_fetched,,,,
https://cas.res.in/pdf/75AKAM/Mini Marathon report.pdf,document,https://cas.res.in/75AKAM.html,Report,not_fetched,,,,
https://cas.res.in/pdf/75AKAM/tug of war.pdf,document,https://cas.res.in/75AKAM.html,Event Poster,not_fetched,,,,
https://cas.res.in/pdf/75AKAM/Tug of War report.pdf,document,https://cas.res.in/75AKAM.html,Report,not_fetched,,,,
https://cas.res.in/pdf/75AKAM/bike_rally.pdf,document,https://cas.res.in/75AKAM.html,Event Poster,not_fetched,,,,
https://cas.res.in/pdf/75AKAM/Bike Rally (1).pdf,document,https://cas.res.in/75AKAM.html,Report,not_fetched,,,,
https://cas.res.in/pdf/75AKAM/Slogan_Writing_Competition.pdf,document,https://cas.res.in/75AKAM.html,Event Poster,not_fetched,,,,
https://cas.res.in/pdf/75AKAM/Slogan Writing Competition-1 rpt.pdf,document,https://cas.res.in/75AKAM.html,Report,not_fetched,,,,
https://cas.res.in/pdf/75AKAM/Debate_Competition.pdf,document,https://cas.res.in/75AKAM.html,Event Poster,not_fetched,,,,
https://cas.res.in/pdf/75AKAM/Debate Competition-1 rpt.pdf,document,https://cas.res.in/75AKAM.html,Report,not_fetched,,,,
https://cas.res.in/pdf/75AKAM/challenge making vishwaguru by 2050.pdf,document,https://cas.res.in/75AKAM.html,Event Poster,not_fetched,,,,
https://cas.res.in/pdf/75AKAM/Essay Competition-1 rpt.pdf,document,https://cas.res.in/75AKAM.html,Report,not_fetched,,,,
https://cas.res.in/pdf/75AKAM/quiz_competiton.pdf,document,https://cas.res.in/75AKAM.html,Event Poster,not_fetched,,,,
https://cas.res.in/pdf/75AKAM/Quiz Competition (1) rpt.pdf,document,https://cas.res.in/75AKAM.html,Report,not_fetched,,,,
https://cas.res.in/images/azadi1.jpeg,image,https://cas.res.in/75AKAM.html,75akam,200,image/jpeg,21473,source-assets/images/azadi1-b9d200f9b806.jpeg,
https://cas.res.in/home1/img/patents/1.png,image,https://cas.res.in/home1/patents.html,,200,image/png,985326,source-assets/images/1-ac6449f5ea8b.png,
https://cas.res.in/home1/img/patents/3.png,image,https://cas.res.in/home1/patents.html,,200,image/png,945147,source-assets/images/3-7ecf76d5a04c.png,
https://cas.res.in/home1/img/patents/2.png,image,https://cas.res.in/home1/patents.html,,200,image/png,953237,source-assets/images/2-578d8921419c.png,
https://cas.res.in/home1/img/patents/4.png,image,https://cas.res.in/home1/patents.html,,200,image/png,990077,source-assets/images/4-f7ee8a5bfca6.png,
https://cas.res.in/home1/doc/gallery/1 (1).jpeg,image,https://cas.res.in/home1/photo.html,,200,image/jpeg,174892,source-assets/images/1-1-52bacaf764e8.jpeg,
https://cas.res.in/home1/doc/gallery/1 (2).jpeg,image,https://cas.res.in/home1/photo.html,,200,image/jpeg,365044,source-assets/images/1-2-86a959dfb54d.jpeg,
https://cas.res.in/home1/doc/gallery/1 (3).jpeg,image,https://cas.res.in/home1/photo.html,,200,image/jpeg,474182,source-assets/images/1-3-29aa21267b2d.jpeg,
https://cas.res.in/home1/doc/gallery/1 (4).jpeg,image,https://cas.res.in/home1/photo.html,,200,image/jpeg,415147,source-assets/images/1-4-1813b064e4ef.jpeg,
https://cas.res.in/home1/doc/gallery/1 (5).jpeg,image,https://cas.res.in/home1/photo.html,,200,image/jpeg,612962,source-assets/images/1-5-1cc897810aa9.jpeg,
https://cas.res.in/home1/doc/gallery/1 (7).jpeg,image,https://cas.res.in/home1/photo.html,,200,image/jpeg,683308,source-assets/images/1-7-286ea8ab1696.jpeg,
https://cas.res.in/home1/doc/gallery/1 (8).jpeg,image,https://cas.res.in/home1/photo.html,,200,image/jpeg,608738,source-assets/images/1-8-b3381beba030.jpeg,
https://cas.res.in/home1/doc/gallery/1 (9).jpeg,image,https://cas.res.in/home1/photo.html,,200,image/jpeg,617333,source-assets/images/1-9-c487927f4a0b.jpeg,
https://cas.res.in/upload/personnel-1.jpg,image,https://cas.res.in/notifications.html,,404,text/html,1245,,
https://cas.res.in/pdf/AGRAGAMAN 2019.pdf,document,https://cas.res.in/notifications.html,CAS Annual Magazine Agragaman 2019,not_fetched,,,,
https://cas.res.in/upload/1.jpg,image,https://cas.res.in/notifications.html,,404,text/html,1245,,
